#
# There is insufficient memory for the Java Runtime Environment to continue.
# Native memory allocation (mmap) failed to map 65536 bytes. Error detail: Failed to commit metaspace.
# Possible reasons:
#   The system is out of physical RAM or swap space
#   This process is running with CompressedOops enabled, and the Java Heap may be blocking the growth of the native heap
# Possible solutions:
#   Reduce memory load on the system
#   Increase physical memory or swap space
#   Check if swap backing store is full
#   Decrease Java heap size (-Xmx/-Xms)
#   Decrease number of Java threads
#   Decrease Java thread stack sizes (-Xss)
#   Set larger code cache with -XX:ReservedCodeCacheSize=
#   JVM is running with Unscaled Compressed Oops mode in which the Java heap is
#     placed in the first 4GB address space. The Java Heap base address is the
#     maximum limit for the native heap growth. Please use -XX:HeapBaseMinAddress
#     to set the Java Heap base and to place the Java Heap above 4GB virtual address.
# This output file may be truncated or incomplete.
#
#  Out of Memory Error (virtualSpaceNode.cpp:113), pid=11232, tid=4444
#
# JRE version: OpenJDK Runtime Environment Temurin-21.0.10+7 (21.0.10+7) (build 21.0.10+7-LTS)
# Java VM: OpenJDK 64-Bit Server VM Temurin-21.0.10+7 (21.0.10+7-LTS, mixed mode, sharing, tiered, compressed oops, compressed class ptrs, parallel gc, windows-amd64)
# No core dump will be written. Minidumps are not enabled by default on client versions of Windows
#

---------------  S U M M A R Y ------------

Command Line: --add-modules=ALL-SYSTEM --add-opens=java.base/java.util=ALL-UNNAMED --add-opens=java.base/java.lang=ALL-UNNAMED --add-opens=java.base/sun.nio.fs=ALL-UNNAMED -Declipse.application=org.eclipse.jdt.ls.core.id1 -Dosgi.bundles.defaultStartLevel=4 -Declipse.product=org.eclipse.jdt.ls.core.product -Djava.import.generatesMetadataFilesAtProjectRoot=false -DDetectVMInstallationsJob.disabled=true -Dfile.encoding=utf8 -XX:+UseParallelGC -XX:GCTimeRatio=4 -XX:AdaptiveSizePolicyWeight=90 -Dsun.zip.disableMemoryMapping=true -Xmx2G -Xms100m -Xlog:disable -javaagent:c:\Users\ASUS\.antigravity\extensions\redhat.java-1.54.0-win32-x64\lombok\lombok-1.18.39-4050.jar c:\Users\ASUS\.antigravity\extensions\redhat.java-1.54.0-win32-x64\server\plugins\org.eclipse.equinox.launcher_1.7.100.v20251111-0406.jar -configuration c:\Users\ASUS\AppData\Roaming\Antigravity\User\globalStorage\redhat.java\1.54.0\config_ss_win -data c:\Users\ASUS\AppData\Roaming\Antigravity\User\workspaceStorage\c783df54e8ac83fc64c73a7d235ddf5d\redhat.java\ss_ws --pipe=\\.\pipe\lsp-ee0beda7971322b470cb5c49eea3ffe2-sock

Host: Intel(R) Core(TM) i5-4200H CPU @ 2.80GHz, 4 cores, 7G,  Windows 11 , 64 bit Build 26100 (10.0.26100.7623)
Time: Sun May 17 20:10:32 2026 elapsed time: 9.257682 seconds (0d 0h 0m 9s)

---------------  T H R E A D  ---------------

Current thread (0x0000020bf9dd9ba0):  JavaThread "Start Level: Equinox Container: 99236a1d-bd6d-4d57-b56b-cd3a3984a87b" daemon [_thread_in_vm, id=4444, stack(0x000000a496e00000,0x000000a496f00000) (1024K)]

Stack: [0x000000a496e00000,0x000000a496f00000]
Native frames: (J=compiled Java code, j=interpreted, Vv=VM code, C=native code)
V  [jvm.dll+0x6d7a39]
V  [jvm.dll+0x8b4b26]
V  [jvm.dll+0x8b70de]
V  [jvm.dll+0x8b77c3]
V  [jvm.dll+0x284346]
V  [jvm.dll+0x8b086e]
V  [jvm.dll+0x679444]
V  [jvm.dll+0x1e82bb]
V  [jvm.dll+0x1e807e]
V  [jvm.dll+0x67bd42]
V  [jvm.dll+0x67bb72]
V  [jvm.dll+0x679e1e]
V  [jvm.dll+0x26e701]
V  [jvm.dll+0x21960e]
V  [jvm.dll+0x219a05]
V  [jvm.dll+0x21a3f8]
V  [jvm.dll+0x20f62e]
V  [jvm.dll+0x5b644f]
V  [jvm.dll+0x82ead6]
V  [jvm.dll+0x478db8]
V  [jvm.dll+0x47ebe8]
C  [java.dll+0x17ec]

Java frames: (J=compiled Java code, j=interpreted, Vv=VM code)
J 1114  java.lang.ClassLoader.defineClass1(Ljava/lang/ClassLoader;Ljava/lang/String;[BIILjava/security/ProtectionDomain;Ljava/lang/String;)Ljava/lang/Class; java.base@21.0.10 (0 bytes) @ 0x0000020b87b45a11 [0x0000020b87b45940+0x00000000000000d1]
J 1800 c1 java.lang.ClassLoader.defineClass(Ljava/lang/String;[BIILjava/security/ProtectionDomain;)Ljava/lang/Class; java.base@21.0.10 (43 bytes) @ 0x0000020b80325dfc [0x0000020b80325aa0+0x000000000000035c]
j  org.eclipse.osgi.internal.loader.ModuleClassLoader.defineClass(Ljava/lang/String;[BLorg/eclipse/osgi/internal/loader/classpath/ClasspathEntry;)Lorg/eclipse/osgi/internal/loader/ModuleClassLoader$DefineClassResult;+37
j  org.eclipse.osgi.internal.loader.classpath.ClasspathManager.defineClass(Ljava/lang/String;[BLorg/eclipse/osgi/internal/loader/classpath/ClasspathEntry;Lorg/eclipse/osgi/storage/bundlefile/BundleEntry;Ljava/util/List;)Ljava/lang/Class;+424
J 1963 c1 org.eclipse.osgi.internal.loader.classpath.ClasspathManager.findClassImpl(Ljava/lang/String;Lorg/eclipse/osgi/internal/loader/classpath/ClasspathEntry;Ljava/util/List;)Ljava/lang/Class; (328 bytes) @ 0x0000020b803864ac [0x0000020b80382e40+0x000000000000366c]
J 1962 c1 org.eclipse.osgi.internal.loader.classpath.ClasspathManager.findLocalClassImpl(Ljava/lang/String;[Lorg/eclipse/osgi/internal/loader/classpath/ClasspathEntry;Ljava/util/List;)Ljava/lang/Class; (55 bytes) @ 0x0000020b80382164 [0x0000020b80381fe0+0x0000000000000184]
J 1961 c1 org.eclipse.osgi.internal.loader.classpath.ClasspathManager.findLocalClassImpl(Ljava/lang/String;Ljava/util/List;)Ljava/lang/Class; (132 bytes) @ 0x0000020b80381714 [0x0000020b803811e0+0x0000000000000534]
J 2077 c1 org.eclipse.osgi.internal.loader.classpath.ClasspathManager.findLocalClass(Ljava/lang/String;)Ljava/lang/Class; (210 bytes) @ 0x0000020b803bc5a4 [0x0000020b803bb8e0+0x0000000000000cc4]
J 1952 c1 org.eclipse.osgi.internal.loader.BundleLoader.findLocalClass(Ljava/lang/String;)Ljava/lang/Class; (159 bytes) @ 0x0000020b803797d4 [0x0000020b80378be0+0x0000000000000bf4]
J 1864 c1 org.eclipse.osgi.internal.loader.BundleLoader.findClass0(Ljava/lang/String;ZZ)Ljava/lang/Class; (490 bytes) @ 0x0000020b8034fe94 [0x0000020b8034cce0+0x00000000000031b4]
J 1863 c1 org.eclipse.osgi.internal.loader.BundleLoader.findClass(Ljava/lang/String;)Ljava/lang/Class; (8 bytes) @ 0x0000020b8034c2cc [0x0000020b8034c240+0x000000000000008c]
J 1910 c1 org.eclipse.osgi.internal.loader.ModuleClassLoader.loadClass(Ljava/lang/String;Z)Ljava/lang/Class; (36 bytes) @ 0x0000020b80364fcc [0x0000020b80364da0+0x000000000000022c]
J 1004 c1 java.lang.ClassLoader.loadClass(Ljava/lang/String;)Ljava/lang/Class; java.base@21.0.10 (7 bytes) @ 0x0000020b80187954 [0x0000020b80187840+0x0000000000000114]
v  ~StubRoutines::call_stub 0x0000020b8753100d
j  org.eclipse.core.internal.jobs.JobOSGiUtils.openServices()V+42
j  org.eclipse.core.internal.jobs.JobActivator.start(Lorg/osgi/framework/BundleContext;)V+7
j  org.eclipse.osgi.internal.framework.BundleContextImpl$2.run()Ljava/lang/Void;+23
j  org.eclipse.osgi.internal.framework.BundleContextImpl$2.run()Ljava/lang/Object;+1
J 1146 c1 java.security.AccessController.executePrivileged(Ljava/security/PrivilegedExceptionAction;Ljava/security/AccessControlContext;Ljava/lang/Class;)Ljava/lang/Object; java.base@21.0.10 (65 bytes) @ 0x0000020b801caf44 [0x0000020b801cade0+0x0000000000000164]
j  java.security.AccessController.doPrivileged(Ljava/security/PrivilegedExceptionAction;)Ljava/lang/Object;+9 java.base@21.0.10
j  org.eclipse.osgi.internal.framework.BundleContextImpl.startActivator(Lorg/osgi/framework/BundleActivator;)V+9
j  org.eclipse.osgi.internal.framework.BundleContextImpl.start()V+141
j  org.eclipse.osgi.internal.framework.EquinoxBundle.startWorker0()V+35
j  org.eclipse.osgi.internal.framework.EquinoxBundle$EquinoxModule.startWorker()V+4
j  org.eclipse.osgi.container.Module.doStart([Lorg/eclipse/osgi/container/Module$StartOptions;)Lorg/eclipse/osgi/container/ModuleContainerAdaptor$ModuleEvent;+200
j  org.eclipse.osgi.container.Module.start([Lorg/eclipse/osgi/container/Module$StartOptions;)V+460
j  org.eclipse.osgi.framework.util.SecureAction.start(Lorg/eclipse/osgi/container/Module;[Lorg/eclipse/osgi/container/Module$StartOptions;)V+8
J 2078 c1 org.eclipse.osgi.internal.hooks.EclipseLazyStarter.postFindLocalClass(Ljava/lang/String;Ljava/lang/Class;Lorg/eclipse/osgi/internal/loader/classpath/ClasspathManager;)V (394 bytes) @ 0x0000020b803bf294 [0x0000020b803be2c0+0x0000000000000fd4]
J 2077 c1 org.eclipse.osgi.internal.loader.classpath.ClasspathManager.findLocalClass(Ljava/lang/String;)Ljava/lang/Class; (210 bytes) @ 0x0000020b803bc8f4 [0x0000020b803bb8e0+0x0000000000001014]
J 1952 c1 org.eclipse.osgi.internal.loader.BundleLoader.findLocalClass(Ljava/lang/String;)Ljava/lang/Class; (159 bytes) @ 0x0000020b803797d4 [0x0000020b80378be0+0x0000000000000bf4]
J 1864 c1 org.eclipse.osgi.internal.loader.BundleLoader.findClass0(Ljava/lang/String;ZZ)Ljava/lang/Class; (490 bytes) @ 0x0000020b8034fe94 [0x0000020b8034cce0+0x00000000000031b4]
J 1863 c1 org.eclipse.osgi.internal.loader.BundleLoader.findClass(Ljava/lang/String;)Ljava/lang/Class; (8 bytes) @ 0x0000020b8034c2cc [0x0000020b8034c240+0x000000000000008c]
J 1910 c1 org.eclipse.osgi.internal.loader.ModuleClassLoader.loadClass(Ljava/lang/String;Z)Ljava/lang/Class; (36 bytes) @ 0x0000020b80364fcc [0x0000020b80364da0+0x000000000000022c]
J 1004 c1 java.lang.ClassLoader.loadClass(Ljava/lang/String;)Ljava/lang/Class; java.base@21.0.10 (7 bytes) @ 0x0000020b80187954 [0x0000020b80187840+0x0000000000000114]
v  ~StubRoutines::call_stub 0x0000020b8753100d
j  org.eclipse.core.resources.ResourcesPlugin$WorkspaceInitCustomizer.addingService(Lorg/osgi/framework/ServiceReference;)Lorg/eclipse/core/internal/resources/Workspace;+30
j  org.eclipse.core.resources.ResourcesPlugin$WorkspaceInitCustomizer.addingService(Lorg/osgi/framework/ServiceReference;)Ljava/lang/Object;+5
j  org.osgi.util.tracker.ServiceTracker$Tracked.customizerAdding(Lorg/osgi/framework/ServiceReference;Lorg/osgi/framework/ServiceEvent;)Ljava/lang/Object;+8
j  org.osgi.util.tracker.ServiceTracker$Tracked.customizerAdding(Ljava/lang/Object;Ljava/lang/Object;)Ljava/lang/Object;+9
j  org.osgi.util.tracker.AbstractTracked.trackAdding(Ljava/lang/Object;Ljava/lang/Object;)V+8
j  org.osgi.util.tracker.AbstractTracked.trackInitial()V+90
j  org.osgi.util.tracker.ServiceTracker.open(Z)V+198
j  org.osgi.util.tracker.ServiceTracker.open()V+2
j  org.eclipse.core.resources.ResourcesPlugin.start(Lorg/osgi/framework/BundleContext;)V+106
j  org.eclipse.osgi.internal.framework.BundleContextImpl$2.run()Ljava/lang/Void;+23
j  org.eclipse.osgi.internal.framework.BundleContextImpl$2.run()Ljava/lang/Object;+1
J 1146 c1 java.security.AccessController.executePrivileged(Ljava/security/PrivilegedExceptionAction;Ljava/security/AccessControlContext;Ljava/lang/Class;)Ljava/lang/Object; java.base@21.0.10 (65 bytes) @ 0x0000020b801caf44 [0x0000020b801cade0+0x0000000000000164]
j  java.security.AccessController.doPrivileged(Ljava/security/PrivilegedExceptionAction;)Ljava/lang/Object;+9 java.base@21.0.10
j  org.eclipse.osgi.internal.framework.BundleContextImpl.startActivator(Lorg/osgi/framework/BundleActivator;)V+9
j  org.eclipse.osgi.internal.framework.BundleContextImpl.start()V+141
j  org.eclipse.osgi.internal.framework.EquinoxBundle.startWorker0()V+35
j  org.eclipse.osgi.internal.framework.EquinoxBundle$EquinoxModule.startWorker()V+4
j  org.eclipse.osgi.container.Module.doStart([Lorg/eclipse/osgi/container/Module$StartOptions;)Lorg/eclipse/osgi/container/ModuleContainerAdaptor$ModuleEvent;+200
j  org.eclipse.osgi.container.Module.start([Lorg/eclipse/osgi/container/Module$StartOptions;)V+460
j  org.eclipse.osgi.framework.util.SecureAction.start(Lorg/eclipse/osgi/container/Module;[Lorg/eclipse/osgi/container/Module$StartOptions;)V+8
J 2078 c1 org.eclipse.osgi.internal.hooks.EclipseLazyStarter.postFindLocalClass(Ljava/lang/String;Ljava/lang/Class;Lorg/eclipse/osgi/internal/loader/classpath/ClasspathManager;)V (394 bytes) @ 0x0000020b803bf294 [0x0000020b803be2c0+0x0000000000000fd4]
J 2077 c1 org.eclipse.osgi.internal.loader.classpath.ClasspathManager.findLocalClass(Ljava/lang/String;)Ljava/lang/Class; (210 bytes) @ 0x0000020b803bc8f4 [0x0000020b803bb8e0+0x0000000000001014]
J 1952 c1 org.eclipse.osgi.internal.loader.BundleLoader.findLocalClass(Ljava/lang/String;)Ljava/lang/Class; (159 bytes) @ 0x0000020b803797d4 [0x0000020b80378be0+0x0000000000000bf4]
J 1864 c1 org.eclipse.osgi.internal.loader.BundleLoader.findClass0(Ljava/lang/String;ZZ)Ljava/lang/Class; (490 bytes) @ 0x0000020b8034fe94 [0x0000020b8034cce0+0x00000000000031b4]
J 1863 c1 org.eclipse.osgi.internal.loader.BundleLoader.findClass(Ljava/lang/String;)Ljava/lang/Class; (8 bytes) @ 0x0000020b8034c2cc [0x0000020b8034c240+0x000000000000008c]
J 1910 c1 org.eclipse.osgi.internal.loader.ModuleClassLoader.loadClass(Ljava/lang/String;Z)Ljava/lang/Class; (36 bytes) @ 0x0000020b80364fcc [0x0000020b80364da0+0x000000000000022c]
J 1004 c1 java.lang.ClassLoader.loadClass(Ljava/lang/String;)Ljava/lang/Class; java.base@21.0.10 (7 bytes) @ 0x0000020b80187954 [0x0000020b80187840+0x0000000000000114]
v  ~StubRoutines::call_stub 0x0000020b8753100d
j  java.lang.Class.getDeclaredConstructors0(Z)[Ljava/lang/reflect/Constructor;+0 java.base@21.0.10
j  java.lang.Class.privateGetDeclaredConstructors(Z)[Ljava/lang/reflect/Constructor;+52 java.base@21.0.10
j  java.lang.Class.getConstructor0([Ljava/lang/Class;I)Ljava/lang/reflect/Constructor;+14 java.base@21.0.10
j  java.lang.Class.getConstructor([Ljava/lang/Class;)Ljava/lang/reflect/Constructor;+24 java.base@21.0.10
j  org.eclipse.osgi.internal.framework.BundleContextImpl.loadBundleActivator()Lorg/osgi/framework/BundleActivator;+105
j  org.eclipse.osgi.internal.framework.BundleContextImpl.start()V+18
j  org.eclipse.osgi.internal.framework.EquinoxBundle.startWorker0()V+35
j  org.eclipse.osgi.internal.framework.EquinoxBundle$EquinoxModule.startWorker()V+4
j  org.eclipse.osgi.container.Module.doStart([Lorg/eclipse/osgi/container/Module$StartOptions;)Lorg/eclipse/osgi/container/ModuleContainerAdaptor$ModuleEvent;+200
j  org.eclipse.osgi.container.Module.start([Lorg/eclipse/osgi/container/Module$StartOptions;)V+460
j  org.eclipse.osgi.container.ModuleContainer$ContainerStartLevel$2.run()V+83
j  org.eclipse.osgi.internal.framework.EquinoxContainerAdaptor$1$1.execute(Ljava/lang/Runnable;)V+1
j  org.eclipse.osgi.container.ModuleContainer$ContainerStartLevel.incStartLevel(ILjava/util/List;Z)V+193
j  org.eclipse.osgi.container.ModuleContainer$ContainerStartLevel.incStartLevel(ILjava/util/List;Ljava/util/List;Ljava/util/List;Ljava/util/List;)V+19
j  org.eclipse.osgi.container.ModuleContainer$ContainerStartLevel.doContainerStartLevel(Lorg/eclipse/osgi/container/Module;I[Lorg/osgi/framework/FrameworkListener;)V+358
j  org.eclipse.osgi.container.ModuleContainer$ContainerStartLevel.dispatchEvent(Lorg/eclipse/osgi/container/Module;[Lorg/osgi/framework/FrameworkListener;ILjava/lang/Integer;)V+32
j  org.eclipse.osgi.container.ModuleContainer$ContainerStartLevel.dispatchEvent(Ljava/lang/Object;Ljava/lang/Object;ILjava/lang/Object;)V+15
j  org.eclipse.osgi.framework.eventmgr.EventManager.dispatchEvent(Ljava/util/Set;Lorg/eclipse/osgi/framework/eventmgr/EventDispatcher;ILjava/lang/Object;)V+48
j  org.eclipse.osgi.framework.eventmgr.EventManager$EventThread.run()V+26
v  ~StubRoutines::call_stub 0x0000020b8753100d

Compiled method (n/a) 9410 1114     n 0       java.lang.ClassLoader::defineClass1 (native)
 total in heap  [0x0000020b87b45790,0x0000020b87b45c18] = 1160
 relocation     [0x0000020b87b458f0,0x0000020b87b45928] = 56
 main code      [0x0000020b87b45940,0x0000020b87b45c16] = 726
 stub code      [0x0000020b87b45c16,0x0000020b87b45c18] = 2

[Constant Pool (empty)]

[MachCode]
[Entry Point]
  # {method} {0x0000020b8f434f58} 'defineClass1' '(Ljava/lang/ClassLoader;Ljava/lang/String;[BIILjava/security/ProtectionDomain;Ljava/lang/String;)Ljava/lang/Class;' in 'java/lang/ClassLoader'
  # parm0:    rdx:rdx   = 'java/lang/ClassLoader'
  # parm1:    r8:r8     = 'java/lang/String'
  # parm2:    r9:r9     = '[B'
  # parm3:    rdi       = int
  # parm4:    rsi       = int
  # parm5:    rcx:rcx   = 'java/security/ProtectionDomain'
  # parm6:    [sp+0xa0]   = 'java/lang/String'  (sp of caller)
  0x0000020b87b45940: 448b 5208 | 49bb 0000 | 008f 0b02 | 0000 4d03 | d349 3bc2 | 0f84 0600 

  0x0000020b87b45958: ;   {runtime_call ic_miss_stub}
  0x0000020b87b45958: 0000 e921 | 8ba3 ff90 
[Verified Entry Point]
  0x0000020b87b45960: 8984 2400 | 80ff ff55 | 488b ec48 | 81ec 9000 | 0000 6690 | 4181 7f20 | 0100 0000 

  0x0000020b87b4597c: ;   {runtime_call StubRoutines (final stubs)}
  0x0000020b87b4597c: 7405 e85d | 30a2 ff48 | 837d 1000 | 488d 4510 | 480f 4445 | 1048 8944 | 2440 4889 | 4c24 7048 
  0x0000020b87b4599c: 83f9 0048 | 8d44 2470 | 480f 4444 | 2470 4889 | 4424 3848 | 8974 2430 | 4889 7c24 | 284c 894c 
  0x0000020b87b459bc: 2458 4983 | f900 488d | 4424 5848 | 0f44 4424 | 5848 8944 | 2420 4c89 | 4424 5049 | 83f8 004c 
  0x0000020b87b459dc: 8d4c 2450 | 4c0f 444c | 2450 4889 | 5424 4848 | 83fa 004c | 8d44 2448 | 4c0f 4444 

  0x0000020b87b459f8: ;   {oop(a 'java/lang/Class'{0x0000000080003a18} = 'java/lang/ClassLoader')}
  0x0000020b87b459f8: 2448 49be | 183a 0080 | 0000 0000 | 4c89 7424 | 784c 8d74 | 2478 498b | d6c5 f877 

  0x0000020b87b45a14: ;   {internal_word}
  0x0000020b87b45a14: 49ba 115a | b487 0b02 | 0000 4d89 | 97a8 0300 | 0049 89a7 | a003 0000 

  0x0000020b87b45a2c: ;   {external_word}
  0x0000020b87b45a2c: 49ba c65c | 0bfc fc7f | 0000 4180 | 3a00 0f84 | 4e00 0000 | 5241 5041 

  0x0000020b87b45a44: ;   {metadata({method} {0x0000020b8f434f58} 'defineClass1' '(Ljava/lang/ClassLoader;Ljava/lang/String;[BIILjava/security/ProtectionDomain;Ljava/lang/String;)Ljava/lang/Class;' in 'java/lang/ClassLoader')}
  0x0000020b87b45a44: 5148 ba50 | 4f43 8f0b | 0200 0049 | 8bcf 4883 | ec20 40f6 | c40f 0f84 | 1900 0000 | 4883 ec08 
  0x0000020b87b45a64: ;   {runtime_call}
  0x0000020b87b45a64: 48b8 50e1 | b4fb fc7f | 0000 ffd0 | 4883 c408 | e90c 0000 

  0x0000020b87b45a78: ;   {runtime_call}
  0x0000020b87b45a78: 0048 b850 | e1b4 fbfc | 7f00 00ff | d048 83c4 | 2041 5941 | 585a 498d | 8fc0 0300 | 0041 c787 
  0x0000020b87b45a98: 4c04 0000 | 0400 0000 

  0x0000020b87b45aa0: ;   {runtime_call}
  0x0000020b87b45aa0: 48b8 ac16 | 7181 fd7f | 0000 ffd0 | c5f8 7741 | c787 4c04 | 0000 0500 | 0000 f083 | 4424 c000 
  0x0000020b87b45ac0: 493b af50 | 0400 000f | 870e 0000 | 0041 83bf | 4804 0000 | 000f 842b | 0000 00c5 | f877 4889 
  0x0000020b87b45ae0: 45f8 498b | cf4c 8be4 | 4883 ec20 | 4883 e4f0 

  0x0000020b87b45af0: ;   {runtime_call}
  0x0000020b87b45af0: 48b8 d052 | 80fb fc7f | 0000 ffd0 | 498b e44d | 33e4 488b | 45f8 41c7 | 874c 0400 | 0008 0000 
  0x0000020b87b45b10: 0041 83bf | c804 0000 | 020f 84ca 

  0x0000020b87b45b1c: ;   {external_word}
  0x0000020b87b45b1c: 0000 0049 | bac6 5c0b | fcfc 7f00 | 0041 803a | 000f 844c | 0000 0048 

  0x0000020b87b45b34: ;   {metadata({method} {0x0000020b8f434f58} 'defineClass1' '(Ljava/lang/ClassLoader;Ljava/lang/String;[BIILjava/security/ProtectionDomain;Ljava/lang/String;)Ljava/lang/Class;' in 'java/lang/ClassLoader')}
  0x0000020b87b45b34: 8945 f848 | ba50 4f43 | 8f0b 0200 | 0049 8bcf | 4883 ec20 | 40f6 c40f | 0f84 1900 | 0000 4883 
  0x0000020b87b45b54: ;   {runtime_call}
  0x0000020b87b45b54: ec08 48b8 | 50e1 b4fb | fc7f 0000 | ffd0 4883 | c408 e90c 

  0x0000020b87b45b68: ;   {runtime_call}
  0x0000020b87b45b68: 0000 0048 | b850 e1b4 | fbfc 7f00 | 00ff d048 | 83c4 2048 | 8b45 f849 | c787 a003 | 0000 0000 
  0x0000020b87b45b88: 0000 49c7 | 87a8 0300 | 0000 0000 | 00c5 f877 | 4885 c00f | 8425 0000 | 00a8 030f | 8508 0000 
  0x0000020b87b45ba8: 0048 8b00 | e915 0000 | 00a8 010f | 8509 0000 | 0048 8b40 | fee9 0400 | 0000 488b | 40ff 498b 
  0x0000020b87b45bc8: 8f30 0400 | 00c7 8100 | 0100 0000 | 0000 00c9 | 4983 7f08 | 000f 8501 | 0000 00c3 

  0x0000020b87b45be4: ;   {runtime_call StubRoutines (initial stubs)}
  0x0000020b87b45be4: e917 b39e | ffc5 f877 | 4889 45f8 | 4c8b e448 | 83ec 2048 

  0x0000020b87b45bf8: ;   {runtime_call}
  0x0000020b87b45bf8: 83e4 f048 | b8a0 18b5 | fbfc 7f00 | 00ff d049 | 8be4 4d33 | e448 8b45 | f8e9 09ff | ffff f4f4 
[/MachCode]


Compiled method (c1) 9439 1800       3       java.lang.ClassLoader::defineClass (43 bytes)
 total in heap  [0x0000020b80325890,0x0000020b803261f0] = 2400
 relocation     [0x0000020b803259f0,0x0000020b80325a90] = 160
 main code      [0x0000020b80325aa0,0x0000020b80325f40] = 1184
 stub code      [0x0000020b80325f40,0x0000020b80325fb8] = 120
 metadata       [0x0000020b80325fb8,0x0000020b80325fe8] = 48
 scopes data    [0x0000020b80325fe8,0x0000020b803260d8] = 240
 scopes pcs     [0x0000020b803260d8,0x0000020b803261b8] = 224
 dependencies   [0x0000020b803261b8,0x0000020b803261c8] = 16
 nul chk table  [0x0000020b803261c8,0x0000020b803261f0] = 40

[Constant Pool (empty)]

[MachCode]
[Entry Point]
  # {method} {0x0000020b8f4352d8} 'defineClass' '(Ljava/lang/String;[BIILjava/security/ProtectionDomain;)Ljava/lang/Class;' in 'java/lang/ClassLoader'
  # this:     rdx:rdx   = 'java/lang/ClassLoader'
  # parm0:    r8:r8     = 'java/lang/String'
  # parm1:    r9:r9     = '[B'
  # parm2:    rdi       = int
  # parm3:    rsi       = int
  # parm4:    rcx:rcx   = 'java/security/ProtectionDomain'
  #           [sp+0xc0]  (sp of caller)
  0x0000020b80325aa0: 448b 5208 | 49bb 0000 | 008f 0b02 | 0000 4d03 | d34c 3bd0 

  0x0000020b80325ab4: ;   {runtime_call ic_miss_stub}
  0x0000020b80325ab4: 0f85 c689 | 2507 660f | 1f44 0000 
[Verified Entry Point]
  0x0000020b80325ac0: 8984 2400 | 80ff ff55 | 4881 ecb0 | 0000 0090 | 4181 7f20 | 0100 0000 

  0x0000020b80325ad8: ;   {runtime_call StubRoutines (final stubs)}
  0x0000020b80325ad8: 7405 e801 | 2f24 0748 | 8954 2478 

  0x0000020b80325ae4: ;   {metadata(method data for {method} {0x0000020b8f4352d8} 'defineClass' '(Ljava/lang/String;[BIILjava/security/ProtectionDomain;)Ljava/lang/Class;' in 'java/lang/ClassLoader')}
  0x0000020b80325ae4: 48bb 80b5 | 36fa 0b02 | 0000 8b83 | cc00 0000 | 83c0 0289 | 83cc 0000 | 0025 fe07 | 0000 85c0 
  0x0000020b80325b04: 0f84 5803 | 0000 89b4 | 2494 0000 | 0089 bc24 | 9000 0000 | 4c89 8c24 | 8800 0000 

  0x0000020b80325b20: ;   {metadata(method data for {method} {0x0000020b8f4352d8} 'defineClass' '(Ljava/lang/String;[BIILjava/security/ProtectionDomain;)Ljava/lang/Class;' in 'java/lang/ClassLoader')}
  0x0000020b80325b20: 488b da48 | b880 b536 | fa0b 0200 | 0048 8380 | 1001 0000 | 0149 8bd8 | 4c8b c34c | 8bc9 488b 
  0x0000020b80325b40: ca48 8bd1 | 4889 9c24 | 8000 0000 

  0x0000020b80325b4c: ;   {optimized virtual_call}
  0x0000020b80325b4c: 6666 90e8 

  0x0000020b80325b50: ; ImmutableOopMap {[120]=Oop [128]=Oop [136]=Oop }
                      ;*invokevirtual preDefineClass {reexecute=0 rethrow=0 return_oop=0}
                      ; - java.lang.ClassLoader::defineClass@4
  0x0000020b80325b50: 4c61 f0ff 

  0x0000020b80325b54: ;   {other}
  0x0000020b80325b54: 0f1f 8400 | c402 0000 | 4889 8424 | 9800 0000 | 488b 5424 

  0x0000020b80325b68: ;   {metadata(method data for {method} {0x0000020b8f4352d8} 'defineClass' '(Ljava/lang/String;[BIILjava/security/ProtectionDomain;)Ljava/lang/Class;' in 'java/lang/ClassLoader')}
  0x0000020b80325b68: 7849 b880 | b536 fa0b | 0200 0049 | 8380 4801 

  0x0000020b80325b78: ;   {metadata(method data for {method} {0x0000020b8f434fc0} 'defineClassSourceLocation' '(Ljava/security/ProtectionDomain;)Ljava/lang/String;' in 'java/lang/ClassLoader')}
  0x0000020b80325b78: 0000 0149 | b898 bc36 | fa0b 0200 | 0041 8b90 | cc00 0000 | 83c2 0241 | 8990 cc00 | 0000 81e2 
  0x0000020b80325b98: feff 1f00 | 85d2 0f84 | df02 0000 

  0x0000020b80325ba4: ; implicit exception: dispatches to 0x0000020b80325ea4
  0x0000020b80325ba4: 483b 004c 

  0x0000020b80325ba8: ;   {metadata(method data for {method} {0x0000020b8f434fc0} 'defineClassSourceLocation' '(Ljava/security/ProtectionDomain;)Ljava/lang/String;' in 'java/lang/ClassLoader')}
  0x0000020b80325ba8: 8bc0 48ba | 98bc 36fa | 0b02 0000 | 4883 8210 | 0100 0001 | 448b 4010 

  0x0000020b80325bc0: ;   {metadata(method data for {method} {0x0000020b8f434fc0} 'defineClassSourceLocation' '(Ljava/security/ProtectionDomain;)Ljava/lang/String;' in 'java/lang/ClassLoader')}
  0x0000020b80325bc0: 4d85 c048 | ba98 bc36 | fa0b 0200 | 0048 c7c6 | 5801 0000 | 7507 48c7 | c648 0100 | 0048 8b3c 
  0x0000020b80325be0: 3248 8d7f | 0148 893c | 320f 850f 

  0x0000020b80325bec: ;   {oop(nullptr)}
  0x0000020b80325bec: 0000 0048 | bb00 0000 | 0000 0000 | 00e9 a901 | 0000 493b | 0049 8bd0 

  0x0000020b80325c04: ;   {metadata(method data for {method} {0x0000020b8f434fc0} 'defineClassSourceLocation' '(Ljava/security/ProtectionDomain;)Ljava/lang/String;' in 'java/lang/ClassLoader')}
  0x0000020b80325c04: 48be 98bc | 36fa 0b02 | 0000 4883 | 8668 0100 | 0001 418b | 500c 4885 

  0x0000020b80325c1c: ;   {metadata(method data for {method} {0x0000020b8f434fc0} 'defineClassSourceLocation' '(Ljava/security/ProtectionDomain;)Ljava/lang/String;' in 'java/lang/ClassLoader')}
  0x0000020b80325c1c: d248 be98 | bc36 fa0b | 0200 0048 | c7c7 b001 | 0000 7507 | 48c7 c7a0 | 0100 0048 | 8b1c 3e48 
  0x0000020b80325c3c: 8d5b 0148 | 891c 3e0f | 850f 0000 

  0x0000020b80325c48: ;   {oop(nullptr)}
  0x0000020b80325c48: 0048 bb00 | 0000 0000 | 0000 00e9 | 4f01 0000 

  0x0000020b80325c58: ;   {metadata(method data for {method} {0x0000020b8f434fc0} 'defineClassSourceLocation' '(Ljava/security/ProtectionDomain;)Ljava/lang/String;' in 'java/lang/ClassLoader')}
  0x0000020b80325c58: 48be 98bc | 36fa 0b02 | 0000 4883 | 86c0 0100 | 0001 483b | 024c 8bc2 

  0x0000020b80325c70: ;   {metadata(method data for {method} {0x0000020b8f434fc0} 'defineClassSourceLocation' '(Ljava/security/ProtectionDomain;)Ljava/lang/String;' in 'java/lang/ClassLoader')}
  0x0000020b80325c70: 48be 98bc | 36fa 0b02 | 0000 4883 | 86f8 0100 

  0x0000020b80325c80: ;   {metadata(method data for {method} {0x0000020b8f01abf0} 'toString' '()Ljava/lang/String;' in 'java/net/URL')}
  0x0000020b80325c80: 0001 49b8 | 88b0 36fa | 0b02 0000 | 418b b0cc | 0000 0083 | c602 4189 | b0cc 0000 | 0081 e6fe 
  0x0000020b80325ca0: ff1f 0085 | f60f 8408 | 0200 004c 

  0x0000020b80325cac: ;   {metadata(method data for {method} {0x0000020b8f01abf0} 'toString' '()Ljava/lang/String;' in 'java/net/URL')}
  0x0000020b80325cac: 8bc2 48be | 88b0 36fa | 0b02 0000 | 4883 8610 | 0100 0001 

  0x0000020b80325cc0: ;   {metadata(method data for {method} {0x0000020b8f428b60} 'toExternalForm' '()Ljava/lang/String;' in 'java/net/URL')}
  0x0000020b80325cc0: 49b8 082b | 36fa 0b02 | 0000 418b | b0cc 0000 | 0083 c602 | 4189 b0cc | 0000 0081 | e6fe ff1f 
  0x0000020b80325ce0: 0085 f60f | 84eb 0100 | 008b 7238 

  0x0000020b80325cec: ; implicit exception: dispatches to 0x0000020b80325ef5
  0x0000020b80325cec: 483b 064c 

  0x0000020b80325cf0: ;   {metadata(method data for {method} {0x0000020b8f428b60} 'toExternalForm' '()Ljava/lang/String;' in 'java/net/URL')}
  0x0000020b80325cf0: 8bc6 48bf | 082b 36fa | 0b02 0000 | 458b 4008 | 49ba 0000 | 008f 0b02 | 0000 4d03 | c24c 3b87 
  0x0000020b80325d10: 2001 0000 | 750d 4883 | 8728 0100 | 0001 e960 | 0000 004c | 3b87 3001 | 0000 750d | 4883 8738 
  0x0000020b80325d30: 0100 0001 | e94a 0000 | 0048 83bf | 2001 0000 | 0075 174c | 8987 2001 | 0000 48c7 | 8728 0100 
  0x0000020b80325d50: 0001 0000 | 00e9 2900 | 0000 4883 | bf30 0100 | 0000 7517 | 4c89 8730 | 0100 0048 | c787 3801 
  0x0000020b80325d70: 0000 0100 | 0000 e908 | 0000 0048 | 8387 1001 | 0000 014c | 8bc2 488b | d60f 1f40 | 0048 b8f8 
  0x0000020b80325d90: 3121 8f0b 

  0x0000020b80325d94: ;   {virtual_call}
  0x0000020b80325d94: 0200 00e8 

  0x0000020b80325d98: ; ImmutableOopMap {[120]=Oop [128]=Oop [136]=Oop [152]=Oop }
                      ;*invokevirtual toExternalForm {reexecute=0 rethrow=0 return_oop=0}
                      ; - java.net.URL::toExternalForm@5
                      ; - java.net.URL::toString@1
                      ; - java.lang.ClassLoader::defineClassSourceLocation@22
                      ; - java.lang.ClassLoader::defineClass@12
  0x0000020b80325d98: 64e5 edff 

  0x0000020b80325d9c: ;   {other}
  0x0000020b80325d9c: 0f1f 8400 | 0c05 0001 | 488b d848 | 8b84 2498 | 0000 008b | b424 9400 | 0000 8bbc | 2490 0000 
  0x0000020b80325dbc: 004c 8b8c | 2488 0000 | 004c 8b84 | 2480 0000 | 0048 8b54 

  0x0000020b80325dd0: ;   {metadata(method data for {method} {0x0000020b8f4352d8} 'defineClass' '(Ljava/lang/String;[BIILjava/security/ProtectionDomain;)Ljava/lang/Class;' in 'java/lang/ClassLoader')}
  0x0000020b80325dd0: 2478 48b9 | 80b5 36fa | 0b02 0000 | 4883 8180 | 0100 0001 | 4c8b da49 | 8bd3 488b | c848 891c 
  0x0000020b80325df0: 2466 0f1f 

  0x0000020b80325df4: ;   {static_call}
  0x0000020b80325df4: 4400 00e8 

  0x0000020b80325df8: ; ImmutableOopMap {[120]=Oop [152]=Oop }
                      ;*invokestatic defineClass1 {reexecute=0 rethrow=0 return_oop=0}
                      ; - java.lang.ClassLoader::defineClass@27
  0x0000020b80325df8: 64fb 8107 

  0x0000020b80325dfc: ;   {other}
  0x0000020b80325dfc: 0f1f 8400 | 6c05 0002 | 488b 5424 

  0x0000020b80325e08: ;   {metadata(method data for {method} {0x0000020b8f4352d8} 'defineClass' '(Ljava/lang/String;[BIILjava/security/ProtectionDomain;)Ljava/lang/Class;' in 'java/lang/ClassLoader')}
  0x0000020b80325e08: 7849 b880 | b536 fa0b | 0200 0049 | 8380 9001 | 0000 014c | 8bc0 4c8b | 8c24 9800 | 0000 488b 
  0x0000020b80325e28: 5424 7848 | 8984 24a0 | 0000 000f 

  0x0000020b80325e34: ;   {optimized virtual_call}
  0x0000020b80325e34: 1f40 00e8 

  0x0000020b80325e38: ; ImmutableOopMap {[160]=Oop }
                      ;*invokevirtual postDefineClass {reexecute=0 rethrow=0 return_oop=0}
                      ; - java.lang.ClassLoader::defineClass@37
  0x0000020b80325e38: e405 f9ff 

  0x0000020b80325e3c: ;   {other}
  0x0000020b80325e3c: 0f1f 8400 | ac05 0003 | 488b 8424 | a000 0000 | 4881 c4b0 | 0000 005d 

  0x0000020b80325e54: ;   {poll_return}
  0x0000020b80325e54: 493b a750 | 0400 000f | 8799 0000 

  0x0000020b80325e60: ;   {metadata({method} {0x0000020b8f4352d8} 'defineClass' '(Ljava/lang/String;[BIILjava/security/ProtectionDomain;)Ljava/lang/Class;' in 'java/lang/ClassLoader')}
  0x0000020b80325e60: 00c3 49ba | d052 438f | 0b02 0000 | 4c89 5424 | 0848 c704 | 24ff ffff 

  0x0000020b80325e78: ;   {runtime_call counter_overflow Runtime1 stub}
  0x0000020b80325e78: ffe8 02fe 

  0x0000020b80325e7c: ; ImmutableOopMap {rdx=Oop r8=Oop r9=Oop rcx=Oop [120]=Oop }
                      ;*synchronization entry
                      ; - java.lang.ClassLoader::defineClass@-1
  0x0000020b80325e7c: 3007 e987 

  0x0000020b80325e80: ;   {metadata({method} {0x0000020b8f434fc0} 'defineClassSourceLocation' '(Ljava/security/ProtectionDomain;)Ljava/lang/String;' in 'java/lang/ClassLoader')}
  0x0000020b80325e80: fcff ff49 | bab8 4f43 | 8f0b 0200 | 004c 8954 | 2408 48c7 | 0424 ffff 

  0x0000020b80325e98: ;   {runtime_call counter_overflow Runtime1 stub}
  0x0000020b80325e98: ffff e8e1 

  0x0000020b80325e9c: ; ImmutableOopMap {rax=Oop [120]=Oop [128]=Oop [136]=Oop [152]=Oop }
                      ;*synchronization entry
                      ; - java.lang.ClassLoader::defineClassSourceLocation@-1
                      ; - java.lang.ClassLoader::defineClass@12
  0x0000020b80325e9c: fd30 07e9 | 00fd ffff 

  0x0000020b80325ea4: ;   {runtime_call throw_null_pointer_exception Runtime1 stub}
  0x0000020b80325ea4: e857 c127 

  0x0000020b80325ea8: ; ImmutableOopMap {rax=Oop [120]=Oop [128]=Oop [136]=Oop [152]=Oop }
                      ;*invokevirtual getCodeSource {reexecute=0 rethrow=0 return_oop=0}
                      ; - java.lang.ClassLoader::defineClassSourceLocation@1
                      ; - java.lang.ClassLoader::defineClass@12
                      ;   {runtime_call throw_null_pointer_exception Runtime1 stub}
  0x0000020b80325ea8: 07e8 52c1 

  0x0000020b80325eac: ; ImmutableOopMap {rax=Oop r8=Oop [120]=Oop [128]=Oop [136]=Oop [152]=Oop }
                      ;*invokevirtual getLocation {reexecute=0 rethrow=0 return_oop=0}
                      ; - java.lang.ClassLoader::defineClassSourceLocation@12
                      ; - java.lang.ClassLoader::defineClass@12
                      ;   {runtime_call throw_null_pointer_exception Runtime1 stub}
  0x0000020b80325eac: 2707 e84d 

  0x0000020b80325eb0: ; ImmutableOopMap {rdx=Oop [120]=Oop [128]=Oop [136]=Oop [152]=Oop }
                      ;*invokevirtual toString {reexecute=0 rethrow=0 return_oop=0}
                      ; - java.lang.ClassLoader::defineClassSourceLocation@22
                      ; - java.lang.ClassLoader::defineClass@12
                      ;   {metadata({method} {0x0000020b8f01abf0} 'toString' '()Ljava/lang/String;' in 'java/net/URL')}
  0x0000020b80325eb0: c127 0749 | bae8 ab01 | 8f0b 0200 | 004c 8954 | 2408 48c7 | 0424 ffff 

  0x0000020b80325ec8: ;   {runtime_call counter_overflow Runtime1 stub}
  0x0000020b80325ec8: ffff e8b1 

  0x0000020b80325ecc: ; ImmutableOopMap {rdx=Oop [120]=Oop [128]=Oop [136]=Oop [152]=Oop }
                      ;*synchronization entry
                      ; - java.net.URL::toString@-1
                      ; - java.lang.ClassLoader::defineClassSourceLocation@22
                      ; - java.lang.ClassLoader::defineClass@12
  0x0000020b80325ecc: fd30 07e9 | d7fd ffff 

  0x0000020b80325ed4: ;   {metadata({method} {0x0000020b8f428b60} 'toExternalForm' '()Ljava/lang/String;' in 'java/net/URL')}
  0x0000020b80325ed4: 49ba 588b | 428f 0b02 | 0000 4c89 | 5424 0848 | c704 24ff 

  0x0000020b80325ee8: ;   {runtime_call counter_overflow Runtime1 stub}
  0x0000020b80325ee8: ffff ffe8 

  0x0000020b80325eec: ; ImmutableOopMap {rdx=Oop [120]=Oop [128]=Oop [136]=Oop [152]=Oop }
                      ;*synchronization entry
                      ; - java.net.URL::toExternalForm@-1
                      ; - java.net.URL::toString@1
                      ; - java.lang.ClassLoader::defineClassSourceLocation@22
                      ; - java.lang.ClassLoader::defineClass@12
  0x0000020b80325eec: 90fd 3007 | e9f4 fdff 

  0x0000020b80325ef4: ;   {runtime_call throw_null_pointer_exception Runtime1 stub}
  0x0000020b80325ef4: ffe8 06c1 

  0x0000020b80325ef8: ; ImmutableOopMap {rdx=Oop rsi=Oop [120]=Oop [128]=Oop [136]=Oop [152]=Oop }
                      ;*invokevirtual toExternalForm {reexecute=0 rethrow=0 return_oop=0}
                      ; - java.net.URL::toExternalForm@5
                      ; - java.net.URL::toString@1
                      ; - java.lang.ClassLoader::defineClassSourceLocation@22
                      ; - java.lang.ClassLoader::defineClass@12
                      ;   {internal_word}
  0x0000020b80325ef8: 2707 49ba | 545e 3280 | 0b02 0000 | 4d89 9768 

  0x0000020b80325f08: ;   {runtime_call SafepointBlob}
  0x0000020b80325f08: 0400 00e9 | f0eb 2507 | 498b 8700 | 0500 0049 | c787 0005 | 0000 0000 | 0000 49c7 | 8708 0500 
  0x0000020b80325f28: 0000 0000 | 0048 81c4 | b000 0000 

  0x0000020b80325f34: ;   {runtime_call unwind_exception Runtime1 stub}
  0x0000020b80325f34: 5de9 c6cf | 2707 f4f4 | f4f4 f4f4 
[Stub Code]
  0x0000020b80325f40: ;   {no_reloc}
  0x0000020b80325f40: 0f1f 4400 

  0x0000020b80325f44: ;   {static_stub}
  0x0000020b80325f44: 0048 bb00 | 0000 0000 

  0x0000020b80325f4c: ;   {runtime_call nmethod}
  0x0000020b80325f4c: 0000 00e9 | fbff ffff 

  0x0000020b80325f54: ;   {static_stub}
  0x0000020b80325f54: 48bb 0000 | 0000 0000 

  0x0000020b80325f5c: ;   {runtime_call nmethod}
  0x0000020b80325f5c: 0000 e9fb 

  0x0000020b80325f60: ;   {static_stub}
  0x0000020b80325f60: ffff ff48 | bb00 0000 | 0000 0000 

  0x0000020b80325f6c: ;   {runtime_call nmethod}
  0x0000020b80325f6c: 00e9 fbff 

  0x0000020b80325f70: ;   {static_stub}
  0x0000020b80325f70: ffff 48bb | 0000 0000 | 0000 0000 

  0x0000020b80325f7c: ;   {runtime_call nmethod}
  0x0000020b80325f7c: e9fb ffff 

  0x0000020b80325f80: ;   {runtime_call handle_exception_from_callee Runtime1 stub}
  0x0000020b80325f80: ffe8 7aa2 

  0x0000020b80325f84: ;   {external_word}
  0x0000020b80325f84: 2707 48b9 | 4053 e1fb | fc7f 0000 | 4883 e4f0 

  0x0000020b80325f94: ;   {runtime_call}
  0x0000020b80325f94: 48b8 b0c3 | a3fb fc7f | 0000 ffd0 

  0x0000020b80325fa0: ;   {section_word}
  0x0000020b80325fa0: f449 baa1 | 5f32 800b | 0200 0041 

  0x0000020b80325fac: ;   {runtime_call DeoptimizationBlob}
  0x0000020b80325fac: 52e9 eedd | 2507 f4f4 | f4f4 f4f4 
[/MachCode]


Compiled method (c1) 9514 1963   !   3       org.eclipse.osgi.internal.loader.classpath.ClasspathManager::findClassImpl (328 bytes)
 total in heap  [0x0000020b80382410,0x0000020b8038a510] = 33024
 relocation     [0x0000020b80382570,0x0000020b80382e40] = 2256
 main code      [0x0000020b80382e40,0x0000020b803880d8] = 21144
 stub code      [0x0000020b803880d8,0x0000020b803883f8] = 800
 oops           [0x0000020b803883f8,0x0000020b80388468] = 112
 metadata       [0x0000020b80388468,0x0000020b803885b8] = 336
 scopes data    [0x0000020b803885b8,0x0000020b80389520] = 3944
 scopes pcs     [0x0000020b80389520,0x0000020b8038a330] = 3600
 dependencies   [0x0000020b8038a330,0x0000020b8038a390] = 96
 handler table  [0x0000020b8038a390,0x0000020b8038a3d8] = 72
 nul chk table  [0x0000020b8038a3d8,0x0000020b8038a510] = 312

[Constant Pool (empty)]

[MachCode]
[Entry Point]
  # {method} {0x0000020bfa68a538} 'findClassImpl' '(Ljava/lang/String;Lorg/eclipse/osgi/internal/loader/classpath/ClasspathEntry;Ljava/util/List;)Ljava/lang/Class;' in 'org/eclipse/osgi/internal/loader/classpath/ClasspathManager'
  # this:     rdx:rdx   = 'org/eclipse/osgi/internal/loader/classpath/ClasspathManager'
  # parm0:    r8:r8     = 'java/lang/String'
  # parm1:    r9:r9     = 'org/eclipse/osgi/internal/loader/classpath/ClasspathEntry'
  # parm2:    rdi:rdi   = 'java/util/List'
  #           [sp+0x200]  (sp of caller)
  0x0000020b80382e40: 448b 5208 | 49bb 0000 | 008f 0b02 | 0000 4d03 | d34c 3bd0 

  0x0000020b80382e54: ;   {runtime_call ic_miss_stub}
  0x0000020b80382e54: 0f85 26b6 | 1f07 660f | 1f44 0000 
[Verified Entry Point]
  0x0000020b80382e60: 8984 2400 | 80ff ff55 | 4881 ecf0 | 0100 0090 | 4181 7f20 | 0100 0000 

  0x0000020b80382e78: ;   {runtime_call StubRoutines (final stubs)}
  0x0000020b80382e78: 7405 e861 | 5b1e 0748 | 8994 24c8 | 0000 004c | 8984 24d8 | 0000 004c | 898c 24d0 | 0000 0048 
  0x0000020b80382e98: 89bc 24e0 

  0x0000020b80382e9c: ;   {metadata(method data for {method} {0x0000020bfa68a538} 'findClassImpl' '(Ljava/lang/String;Lorg/eclipse/osgi/internal/loader/classpath/ClasspathEntry;Ljava/util/List;)Ljava/lang/Class;' in 'org/eclipse/osgi/internal/loader/classpath/ClasspathManager')}
  0x0000020b80382e9c: 0000 0048 | be88 f39d | fa0b 0200 | 008b 9ecc | 0000 0083 | c302 899e | cc00 0000 | 81e3 fe07 
  0x0000020b80382ebc: 0000 85db | 0f84 8b43 | 0000 8b72 | 1848 3b06 

  0x0000020b80382ecc: ;   {metadata(method data for {method} {0x0000020bfa68a538} 'findClassImpl' '(Ljava/lang/String;Lorg/eclipse/osgi/internal/loader/classpath/ClasspathEntry;Ljava/util/List;)Ljava/lang/Class;' in 'org/eclipse/osgi/internal/loader/classpath/ClasspathManager')}
  0x0000020b80382ecc: 488b de48 | b888 f39d | fa0b 0200 

  0x0000020b80382ed8: ;   {metadata('org/eclipse/osgi/internal/debug/Debug')}
  0x0000020b80382ed8: 0049 ba80 | 0909 900b | 0200 004c | 8990 2001 | 0000 4883 | 8028 0100 | 0001 498b | d84c 8bc3 
  0x0000020b80382ef8: 488b d60f 

  0x0000020b80382efc: ;   {optimized virtual_call}
  0x0000020b80382efc: 1f40 00e8 

  0x0000020b80382f00: ; ImmutableOopMap {[200]=Oop [208]=Oop [216]=Oop [224]=Oop }
                      ;*invokevirtual loaderWithClass {reexecute=0 rethrow=0 return_oop=0}
                      ; - org.eclipse.osgi.internal.loader.classpath.ClasspathManager::findClassImpl@5 (line 667)
  0x0000020b80382f00: 3c5d fdff 

  0x0000020b80382f04: ;   {other}
  0x0000020b80382f04: 0f1f 8400 | f40a 0000 | 4889 8424 | f800 0000 

  0x0000020b80382f14: ;   {metadata(method data for {method} {0x0000020bfa68a538} 'findClassImpl' '(Ljava/lang/String;Lorg/eclipse/osgi/internal/loader/classpath/ClasspathEntry;Ljava/util/List;)Ljava/lang/Class;' in 'org/eclipse/osgi/internal/loader/classpath/ClasspathManager')}
  0x0000020b80382f14: 4885 c048 | ba88 f39d | fa0b 0200 | 0048 c7c6 | 4801 0000 | 7407 48c7 | c658 0100 | 0048 8b3c 
  0x0000020b80382f34: 3248 8d7f | 0148 893c | 320f 84f1 | 0c00 0048 | 8b94 24c8 | 0000 008b | 5a18 4889 | 9c24 f000 
  0x0000020b80382f54: 0000 6690 

  0x0000020b80382f58: ;   {no_reloc}
  0x0000020b80382f58: e929 4300 | 0000 0000 | 0000 498b | 87b8 0100 | 0048 8d78 | 1849 3bbf | c801 0000 | 0f87 1643 
  0x0000020b80382f78: 0000 4989 | bfb8 0100 | 0048 c700 | 0100 0000 | 488b ca49 | ba00 0000 | 8f0b 0200 | 0049 2bca 
  0x0000020b80382f98: 8948 0848 | 33c9 8948 | 0c48 33c9 | 4889 4810 | 4889 8424 | e800 0000 

  0x0000020b80382fb0: ;   {metadata(method data for {method} {0x0000020bfa68a538} 'findClassImpl' '(Ljava/lang/String;Lorg/eclipse/osgi/internal/loader/classpath/ClasspathEntry;Ljava/util/List;)Ljava/lang/Class;' in 'org/eclipse/osgi/internal/loader/classpath/ClasspathManager')}
  0x0000020b80382fb0: 4c8b c048 | ba88 f39d | fa0b 0200 | 0048 8382 | 6801 0000 

  0x0000020b80382fc4: ;   {metadata(method data for {method} {0x0000020b8f461da8} '<init>' '(Ljava/lang/String;)V' in 'java/lang/StringBuilder')}
  0x0000020b80382fc4: 0149 b8e8 | 3430 fa0b | 0200 0041 | 8b90 cc00 | 0000 83c2 | 0241 8990 | cc00 0000 | 81e2 feff 
  0x0000020b80382fe4: 1f00 85d2 | 0f84 af42 | 0000 4c8b 

  0x0000020b80382ff0: ;   {metadata(method data for {method} {0x0000020b8f461da8} '<init>' '(Ljava/lang/String;)V' in 'java/lang/StringBuilder')}
  0x0000020b80382ff0: c048 bae8 | 3430 fa0b | 0200 0048 | 8382 1001 

  0x0000020b80383000: ;   {oop("ModuleClassLoader["{0x00000000d57b0428})}
  0x0000020b80383000: 0000 0149 | b828 047b | d500 0000 | 0048 8bd0 | 0f1f 8000 

  0x0000020b80383014: ;   {optimized virtual_call}
  0x0000020b80383014: 0000 00e8 

  0x0000020b80383018: ; ImmutableOopMap {[200]=Oop [208]=Oop [216]=Oop [224]=Oop [232]=Oop [240]=Oop [248]=Oop }
                      ;*invokespecial <init> {reexecute=0 rethrow=0 return_oop=0}
                      ; - java.lang.StringBuilder::<init>@2
                      ; - org.eclipse.osgi.internal.loader.classpath.ClasspathManager::findClassImpl@28 (line 670)
  0x0000020b80383018: 64b7 1f07 

  0x0000020b8038301c: ;   {other}
  0x0000020b8038301c: 0f1f 8400 | 0c0c 0001 | 488b 9424 | c800 0000 | 8b72 1048 | 3b06 488b 

  0x0000020b80383034: ;   {metadata(method data for {method} {0x0000020bfa68a538} 'findClassImpl' '(Ljava/lang/String;Lorg/eclipse/osgi/internal/loader/classpath/ClasspathEntry;Ljava/util/List;)Ljava/lang/Class;' in 'org/eclipse/osgi/internal/loader/classpath/ClasspathManager')}
  0x0000020b80383034: fe48 bb88 | f39d fa0b | 0200 0048 | 8383 7801 | 0000 018b | 7664 488b | 8424 e800 

  0x0000020b80383050: ;   {metadata(method data for {method} {0x0000020bfa68a538} 'findClassImpl' '(Ljava/lang/String;Lorg/eclipse/osgi/internal/loader/classpath/ClasspathEntry;Ljava/util/List;)Ljava/lang/Class;' in 'org/eclipse/osgi/internal/loader/classpath/ClasspathManager')}
  0x0000020b80383050: 0000 48bf | 88f3 9dfa | 0b02 0000 | 4883 87b0 | 0100 0001 

  0x0000020b80383064: ;   {metadata(method data for {method} {0x0000020b8f461b40} 'append' '(Ljava/lang/Object;)Ljava/lang/StringBuilder;' in 'java/lang/StringBuilder')}
  0x0000020b80383064: 48bf d0c9 | 0efa 0b02 | 0000 8b9f | cc00 0000 | 83c3 0289 | 9fcc 0000 | 0081 e3fe | ff1f 0085 
  0x0000020b80383084: db0f 8438 

  0x0000020b80383088: ;   {metadata(method data for {method} {0x0000020b8f461b40} 'append' '(Ljava/lang/Object;)Ljava/lang/StringBuilder;' in 'java/lang/StringBuilder')}
  0x0000020b80383088: 4200 0048 | bfd0 c90e | fa0b 0200 | 0048 8387 | 1001 0000 

  0x0000020b8038309c: ;   {metadata(method data for {method} {0x0000020b8f455280} 'valueOf' '(Ljava/lang/Object;)Ljava/lang/String;' in 'java/lang/String')}
  0x0000020b8038309c: 0148 bf70 | cb0e fa0b | 0200 008b | 9fcc 0000 | 0083 c302 | 899f cc00 | 0000 81e3 | feff 1f00 
  0x0000020b803830bc: 85db 0f84 | 2042 0000 

  0x0000020b803830c4: ;   {metadata(method data for {method} {0x0000020b8f455280} 'valueOf' '(Ljava/lang/Object;)Ljava/lang/String;' in 'java/lang/String')}
  0x0000020b803830c4: 4885 f648 | bf70 cb0e | fa0b 0200 | 0048 c7c3 | 1001 0000 | 7507 48c7 | c320 0100 | 0048 8b04 
  0x0000020b803830e4: 1f48 8d40 | 0148 8904 | 1f0f 851f 

  0x0000020b803830f0: ;   {metadata(method data for {method} {0x0000020b8f455280} 'valueOf' '(Ljava/lang/Object;)Ljava/lang/String;' in 'java/lang/String')}
  0x0000020b803830f0: 0000 0048 | be70 cb0e | fa0b 0200 | 00ff 8630 

  0x0000020b80383100: ;   {oop("null"{0x00000000800002a8})}
  0x0000020b80383100: 0100 0048 | bea8 0200 | 8000 0000 | 00e9 ad00 | 0000 483b | 0648 8bfe 

  0x0000020b80383118: ;   {metadata(method data for {method} {0x0000020b8f455280} 'valueOf' '(Ljava/lang/Object;)Ljava/lang/String;' in 'java/lang/String')}
  0x0000020b80383118: 48bb 70cb | 0efa 0b02 | 0000 8b7f | 0849 ba00 | 0000 8f0b | 0200 0049 | 03fa 483b | bb58 0100 
  0x0000020b80383138: 0075 0d48 | 8383 6001 | 0000 01e9 | 6000 0000 | 483b bb68 | 0100 0075 | 0d48 8383 | 7001 0000 
  0x0000020b80383158: 01e9 4a00 | 0000 4883 | bb58 0100 | 0000 7517 | 4889 bb58 | 0100 0048 | c783 6001 | 0000 0100 
  0x0000020b80383178: 0000 e929 | 0000 0048 | 83bb 6801 | 0000 0075 | 1748 89bb | 6801 0000 | 48c7 8370 | 0100 0001 
  0x0000020b80383198: 0000 00e9 | 0800 0000 | 4883 8348 | 0100 0001 | 488b d60f 

  0x0000020b803831ac: ;   {optimized virtual_call}
  0x0000020b803831ac: 1f40 00e8 

  0x0000020b803831b0: ; ImmutableOopMap {[200]=Oop [208]=Oop [216]=Oop [224]=Oop [232]=Oop [240]=Oop [248]=Oop }
                      ;*invokevirtual toString {reexecute=0 rethrow=0 return_oop=0}
                      ; - java.lang.String::valueOf@11
                      ; - java.lang.StringBuilder::append@2
                      ; - org.eclipse.osgi.internal.loader.classpath.ClasspathManager::findClassImpl@38 (line 670)
  0x0000020b803831b0: ccb5 1f07 

  0x0000020b803831b4: ;   {other}
  0x0000020b803831b4: 0f1f 8400 | a40d 0002 | 488b f048 | 8b84 24e8 

  0x0000020b803831c4: ;   {metadata(method data for {method} {0x0000020b8f461b40} 'append' '(Ljava/lang/Object;)Ljava/lang/StringBuilder;' in 'java/lang/StringBuilder')}
  0x0000020b803831c4: 0000 0049 | b8d0 c90e | fa0b 0200 | 0049 8380 | 2001 0000 

  0x0000020b803831d8: ;   {metadata(method data for {method} {0x0000020b8f461ae8} 'append' '(Ljava/lang/String;)Ljava/lang/StringBuilder;' in 'java/lang/StringBuilder')}
  0x0000020b803831d8: 0149 b8a0 | c100 fa0b | 0200 0041 | 8b90 cc00 | 0000 83c2 | 0241 8990 | cc00 0000 | 81e2 feff 
  0x0000020b803831f8: 1f00 85d2 | 0f84 0841 | 0000 488b | 8424 e800 

  0x0000020b80383208: ;   {metadata(method data for {method} {0x0000020b8f461ae8} 'append' '(Ljava/lang/String;)Ljava/lang/StringBuilder;' in 'java/lang/StringBuilder')}
  0x0000020b80383208: 0000 49b8 | a0c1 00fa | 0b02 0000 | 4983 8010 | 0100 0001 | 4c8b c648 | 8b94 24e8 

  0x0000020b80383224: ;   {optimized virtual_call}
  0x0000020b80383224: 0000 00e8 

  0x0000020b80383228: ; ImmutableOopMap {[200]=Oop [208]=Oop [216]=Oop [224]=Oop [232]=Oop [240]=Oop [248]=Oop }
                      ;*invokespecial append {reexecute=0 rethrow=0 return_oop=0}
                      ; - java.lang.StringBuilder::append@2
                      ; - java.lang.StringBuilder::append@5
                      ; - org.eclipse.osgi.internal.loader.classpath.ClasspathManager::findClassImpl@38 (line 670)
  0x0000020b80383228: 54b5 1f07 

  0x0000020b8038322c: ;   {other}
  0x0000020b8038322c: 0f1f 8400 | 1c0e 0003 | 488b 8424 | e800 0000 

  0x0000020b8038323c: ;   {metadata(method data for {method} {0x0000020bfa68a538} 'findClassImpl' '(Ljava/lang/String;Lorg/eclipse/osgi/internal/loader/classpath/ClasspathEntry;Ljava/util/List;)Ljava/lang/Class;' in 'org/eclipse/osgi/internal/loader/classpath/ClasspathManager')}
  0x0000020b8038323c: 49b8 88f3 | 9dfa 0b02 | 0000 4983 | 80e8 0100 

  0x0000020b8038324c: ;   {metadata(method data for {method} {0x0000020b8f461ae8} 'append' '(Ljava/lang/String;)Ljava/lang/StringBuilder;' in 'java/lang/StringBuilder')}
  0x0000020b8038324c: 0001 49b8 | a0c1 00fa | 0b02 0000 | 418b 90cc | 0000 0083 | c202 4189 | 90cc 0000 | 0081 e2fe 
  0x0000020b8038326c: ff1f 0085 | d20f 84b4 | 4000 0048 | 8b84 24e8 

  0x0000020b8038327c: ;   {metadata(method data for {method} {0x0000020b8f461ae8} 'append' '(Ljava/lang/String;)Ljava/lang/StringBuilder;' in 'java/lang/StringBuilder')}
  0x0000020b8038327c: 0000 0049 | b8a0 c100 | fa0b 0200 | 0049 8380 | 1001 0000 

  0x0000020b80383290: ;   {oop(" - "{0x00000000d57b0468})}
  0x0000020b80383290: 0149 b868 | 047b d500 | 0000 0048 | 8b94 24e8 | 0000 000f 

  0x0000020b803832a4: ;   {optimized virtual_call}
  0x0000020b803832a4: 1f40 00e8 

  0x0000020b803832a8: ; ImmutableOopMap {[200]=Oop [208]=Oop [216]=Oop [224]=Oop [232]=Oop [240]=Oop [248]=Oop }
                      ;*invokespecial append {reexecute=0 rethrow=0 return_oop=0}
                      ; - java.lang.StringBuilder::append@2
                      ; - org.eclipse.osgi.internal.loader.classpath.ClasspathManager::findClassImpl@44 (line 670)
  0x0000020b803832a8: d4b4 1f07 

  0x0000020b803832ac: ;   {other}
  0x0000020b803832ac: 0f1f 8400 | 9c0e 0004 | 4c8b 8c24 | d000 0000 

  0x0000020b803832bc: ; implicit exception: dispatches to 0x0000020b8038734c
  0x0000020b803832bc: 493b 014d 

  0x0000020b803832c0: ;   {metadata(method data for {method} {0x0000020bfa68a538} 'findClassImpl' '(Ljava/lang/String;Lorg/eclipse/osgi/internal/loader/classpath/ClasspathEntry;Ljava/util/List;)Ljava/lang/Class;' in 'org/eclipse/osgi/internal/loader/classpath/ClasspathManager')}
  0x0000020b803832c0: 8bc1 48ba | 88f3 9dfa | 0b02 0000 

  0x0000020b803832cc: ;   {metadata('org/eclipse/osgi/internal/loader/classpath/ClasspathEntry')}
  0x0000020b803832cc: 49ba d8b7 | 0b90 0b02 | 0000 4c89 | 9230 0200 | 0048 8382 | 3802 0000 | 0145 8b41 | 0c48 8b84 
  0x0000020b803832ec: 24e8 0000 

  0x0000020b803832f0: ;   {metadata(method data for {method} {0x0000020bfa68a538} 'findClassImpl' '(Ljava/lang/String;Lorg/eclipse/osgi/internal/loader/classpath/ClasspathEntry;Ljava/util/List;)Ljava/lang/Class;' in 'org/eclipse/osgi/internal/loader/classpath/ClasspathManager')}
  0x0000020b803832f0: 0048 ba88 | f39d fa0b | 0200 0048 | 8382 5802 

  0x0000020b80383300: ;   {metadata(method data for {method} {0x0000020b8f461b40} 'append' '(Ljava/lang/Object;)Ljava/lang/StringBuilder;' in 'java/lang/StringBuilder')}
  0x0000020b80383300: 0000 0148 | bad0 c90e | fa0b 0200 | 008b b2cc | 0000 0083 | c602 89b2 | cc00 0000 | 81e6 feff 
  0x0000020b80383320: 1f00 85f6 | 0f84 2740 

  0x0000020b80383328: ;   {metadata(method data for {method} {0x0000020b8f461b40} 'append' '(Ljava/lang/Object;)Ljava/lang/StringBuilder;' in 'java/lang/StringBuilder')}
  0x0000020b80383328: 0000 48ba | d0c9 0efa | 0b02 0000 | 4883 8210 | 0100 0001 

  0x0000020b8038333c: ;   {metadata(method data for {method} {0x0000020b8f455280} 'valueOf' '(Ljava/lang/Object;)Ljava/lang/String;' in 'java/lang/String')}
  0x0000020b8038333c: 48ba 70cb | 0efa 0b02 | 0000 8bb2 | cc00 0000 | 83c6 0289 | b2cc 0000 | 0081 e6fe | ff1f 0085 
  0x0000020b8038335c: f60f 840f | 4000 004d 

  0x0000020b80383364: ;   {metadata(method data for {method} {0x0000020b8f455280} 'valueOf' '(Ljava/lang/Object;)Ljava/lang/String;' in 'java/lang/String')}
  0x0000020b80383364: 85c0 48ba | 70cb 0efa | 0b02 0000 | 48c7 c610 | 0100 0075 | 0748 c7c6 | 2001 0000 | 488b 3c32 
  0x0000020b80383384: 488d 7f01 | 4889 3c32 | 0f85 2000 

  0x0000020b80383390: ;   {metadata(method data for {method} {0x0000020b8f455280} 'valueOf' '(Ljava/lang/Object;)Ljava/lang/String;' in 'java/lang/String')}
  0x0000020b80383390: 0000 49b8 | 70cb 0efa | 0b02 0000 | 41ff 8030 

  0x0000020b803833a0: ;   {oop("null"{0x00000000800002a8})}
  0x0000020b803833a0: 0100 0049 | b8a8 0200 | 8000 0000 | 00e9 aa01 | 0000 493b | 0049 8bd0 

  0x0000020b803833b8: ;   {metadata(method data for {method} {0x0000020b8f455280} 'valueOf' '(Ljava/lang/Object;)Ljava/lang/String;' in 'java/lang/String')}
  0x0000020b803833b8: 48be 70cb | 0efa 0b02 | 0000 8b52 | 0849 ba00 | 0000 8f0b | 0200 0049 | 03d2 483b | 9658 0100 
  0x0000020b803833d8: 0075 0d48 | 8386 6001 | 0000 01e9 | 6000 0000 | 483b 9668 | 0100 0075 | 0d48 8386 | 7001 0000 
  0x0000020b803833f8: 01e9 4a00 | 0000 4883 | be58 0100 | 0000 7517 | 4889 9658 | 0100 0048 | c786 6001 | 0000 0100 
  0x0000020b80383418: 0000 e929 | 0000 0048 | 83be 6801 | 0000 0075 | 1748 8996 | 6801 0000 | 48c7 8670 | 0100 0001 
  0x0000020b80383438: 0000 00e9 | 0800 0000 | 4883 8648 | 0100 0001 

  0x0000020b80383448: ;   {metadata(method data for {method} {0x0000020bfa540008} 'toString' '()Ljava/lang/String;' in 'org/eclipse/osgi/storage/bundlefile/BundleFile')}
  0x0000020b80383448: 48ba 70b9 | 91fa 0b02 | 0000 8bb2 | cc00 0000 | 83c6 0289 | b2cc 0000 | 0081 e6fe | ff1f 0085 
  0x0000020b80383468: f60f 8429 | 3f00 0045 

  0x0000020b80383470: ;   {metadata(method data for {method} {0x0000020bfa540008} 'toString' '()Ljava/lang/String;' in 'org/eclipse/osgi/storage/bundlefile/BundleFile')}
  0x0000020b80383470: 8b40 1048 | ba70 b991 | fa0b 0200 | 0048 8382 | 1001 0000 

  0x0000020b80383484: ;   {metadata(method data for {method} {0x0000020b8f455280} 'valueOf' '(Ljava/lang/Object;)Ljava/lang/String;' in 'java/lang/String')}
  0x0000020b80383484: 0148 ba70 | cb0e fa0b | 0200 008b | b2cc 0000 | 0083 c602 | 89b2 cc00 | 0000 81e6 | feff 1f00 
  0x0000020b803834a4: 85f6 0f84 | 0d3f 0000 

  0x0000020b803834ac: ;   {metadata(method data for {method} {0x0000020b8f455280} 'valueOf' '(Ljava/lang/Object;)Ljava/lang/String;' in 'java/lang/String')}
  0x0000020b803834ac: 4d85 c048 | ba70 cb0e | fa0b 0200 | 0048 c7c6 | 1001 0000 | 7507 48c7 | c620 0100 | 0048 8b3c 
  0x0000020b803834cc: 3248 8d7f | 0148 893c | 320f 8520 

  0x0000020b803834d8: ;   {metadata(method data for {method} {0x0000020b8f455280} 'valueOf' '(Ljava/lang/Object;)Ljava/lang/String;' in 'java/lang/String')}
  0x0000020b803834d8: 0000 0049 | b870 cb0e | fa0b 0200 | 0041 ff80 | 3001 0000 

  0x0000020b803834ec: ;   {oop("null"{0x00000000800002a8})}
  0x0000020b803834ec: 49b8 a802 | 0080 0000 | 0000 e961 | 0000 0049 | 3b00 498b 

  0x0000020b80383500: ;   {metadata(method data for {method} {0x0000020b8f455280} 'valueOf' '(Ljava/lang/Object;)Ljava/lang/String;' in 'java/lang/String')}
  0x0000020b80383500: d048 be70 | cb0e fa0b 

  0x0000020b80383508: ;   {metadata(method data for {method} {0x0000020b8f050de0} 'toString' '()Ljava/lang/String;' in 'java/io/File')}
  0x0000020b80383508: 0200 0048 | bad0 c587 | fa0b 0200 | 008b b2cc | 0000 0083 | c602 89b2 | cc00 0000 | 81e6 feff 
  0x0000020b80383528: 1f00 85f6 | 0f84 ad3e | 0000 498b 

  0x0000020b80383534: ;   {metadata(method data for {method} {0x0000020b8f050de0} 'toString' '()Ljava/lang/String;' in 'java/io/File')}
  0x0000020b80383534: d048 bed0 | c587 fa0b 

  0x0000020b8038353c: ;   {metadata('java/io/File')}
  0x0000020b8038353c: 0200 0049 | ba10 f604 | 8f0b 0200 | 004c 8996 | 2001 0000 | 4883 8628 | 0100 0001 | 458b 4010 
  0x0000020b8038355c: 488b 8424 | e800 0000 

  0x0000020b80383564: ;   {metadata(method data for {method} {0x0000020b8f461b40} 'append' '(Ljava/lang/Object;)Ljava/lang/StringBuilder;' in 'java/lang/StringBuilder')}
  0x0000020b80383564: 48ba d0c9 | 0efa 0b02 | 0000 4883 | 8220 0100 

  0x0000020b80383574: ;   {metadata(method data for {method} {0x0000020b8f461ae8} 'append' '(Ljava/lang/String;)Ljava/lang/StringBuilder;' in 'java/lang/StringBuilder')}
  0x0000020b80383574: 0001 48ba | a0c1 00fa | 0b02 0000 | 8bb2 cc00 | 0000 83c6 | 0289 b2cc | 0000 0081 | e6fe ff1f 
  0x0000020b80383594: 0085 f60f | 8463 3e00 | 0048 8b84 | 24e8 0000 

  0x0000020b803835a4: ;   {metadata(method data for {method} {0x0000020b8f461ae8} 'append' '(Ljava/lang/String;)Ljava/lang/StringBuilder;' in 'java/lang/StringBuilder')}
  0x0000020b803835a4: 0048 baa0 | c100 fa0b | 0200 0048 | 8382 1001 | 0000 0148 | 8b94 24e8 

  0x0000020b803835bc: ;   {optimized virtual_call}
  0x0000020b803835bc: 0000 00e8 

  0x0000020b803835c0: ; ImmutableOopMap {[200]=Oop [208]=Oop [216]=Oop [224]=Oop [232]=Oop [240]=Oop [248]=Oop }
                      ;*invokespecial append {reexecute=0 rethrow=0 return_oop=0}
                      ; - java.lang.StringBuilder::append@2
                      ; - java.lang.StringBuilder::append@5
                      ; - org.eclipse.osgi.internal.loader.classpath.ClasspathManager::findClassImpl@51 (line 670)
  0x0000020b803835c0: bcb1 1f07 

  0x0000020b803835c4: ;   {other}
  0x0000020b803835c4: 0f1f 8400 | b411 0005 | 488b 8424 | e800 0000 

  0x0000020b803835d4: ;   {metadata(method data for {method} {0x0000020bfa68a538} 'findClassImpl' '(Ljava/lang/String;Lorg/eclipse/osgi/internal/loader/classpath/ClasspathEntry;Ljava/util/List;)Ljava/lang/Class;' in 'org/eclipse/osgi/internal/loader/classpath/ClasspathManager')}
  0x0000020b803835d4: 4c8b c048 | ba88 f39d | fa0b 0200 | 0048 8382 | 9002 0000 

  0x0000020b803835e8: ;   {metadata(method data for {method} {0x0000020b8f461ae8} 'append' '(Ljava/lang/String;)Ljava/lang/StringBuilder;' in 'java/lang/StringBuilder')}
  0x0000020b803835e8: 0149 b8a0 | c100 fa0b | 0200 0041 | 8b90 cc00 | 0000 83c2 | 0241 8990 | cc00 0000 | 81e2 feff 
  0x0000020b80383608: 1f00 85d2 | 0f84 0f3e | 0000 4c8b 

  0x0000020b80383614: ;   {metadata(method data for {method} {0x0000020b8f461ae8} 'append' '(Ljava/lang/String;)Ljava/lang/StringBuilder;' in 'java/lang/StringBuilder')}
  0x0000020b80383614: c048 baa0 | c100 fa0b | 0200 0048 | 8382 1001 

  0x0000020b80383624: ;   {oop("].findClassImpl("{0x00000000d57b0498})}
  0x0000020b80383624: 0000 0149 | b898 047b | d500 0000 | 0048 8bd0 

  0x0000020b80383634: ;   {optimized virtual_call}
  0x0000020b80383634: 6666 90e8 

  0x0000020b80383638: ; ImmutableOopMap {[200]=Oop [208]=Oop [216]=Oop [224]=Oop [232]=Oop [240]=Oop [248]=Oop }
                      ;*invokespecial append {reexecute=0 rethrow=0 return_oop=0}
                      ; - java.lang.StringBuilder::append@2
                      ; - org.eclipse.osgi.internal.loader.classpath.ClasspathManager::findClassImpl@57 (line 671)
  0x0000020b80383638: 44b1 1f07 

  0x0000020b8038363c: ;   {other}
  0x0000020b8038363c: 0f1f 8400 | 2c12 0006 | 488b 8424 | e800 0000 

  0x0000020b8038364c: ;   {metadata(method data for {method} {0x0000020bfa68a538} 'findClassImpl' '(Ljava/lang/String;Lorg/eclipse/osgi/internal/loader/classpath/ClasspathEntry;Ljava/util/List;)Ljava/lang/Class;' in 'org/eclipse/osgi/internal/loader/classpath/ClasspathManager')}
  0x0000020b8038364c: 49b8 88f3 | 9dfa 0b02 | 0000 4983 | 80c8 0200 

  0x0000020b8038365c: ;   {metadata(method data for {method} {0x0000020b8f461ae8} 'append' '(Ljava/lang/String;)Ljava/lang/StringBuilder;' in 'java/lang/StringBuilder')}
  0x0000020b8038365c: 0001 49b8 | a0c1 00fa | 0b02 0000 | 418b 90cc | 0000 0083 | c202 4189 | 90cc 0000 | 0081 e2fe 
  0x0000020b8038367c: ff1f 0085 | d20f 84bb | 3d00 0048 | 8b84 24e8 

  0x0000020b8038368c: ;   {metadata(method data for {method} {0x0000020b8f461ae8} 'append' '(Ljava/lang/String;)Ljava/lang/StringBuilder;' in 'java/lang/StringBuilder')}
  0x0000020b8038368c: 0000 0049 | b8a0 c100 | fa0b 0200 | 0049 8380 | 1001 0000 | 014c 8b84 | 24d8 0000 | 0048 8b94 
  0x0000020b803836ac: 24e8 0000 | 0066 0f1f 

  0x0000020b803836b4: ;   {optimized virtual_call}
  0x0000020b803836b4: 4400 00e8 

  0x0000020b803836b8: ; ImmutableOopMap {[200]=Oop [208]=Oop [216]=Oop [224]=Oop [232]=Oop [240]=Oop [248]=Oop }
                      ;*invokespecial append {reexecute=0 rethrow=0 return_oop=0}
                      ; - java.lang.StringBuilder::append@2
                      ; - org.eclipse.osgi.internal.loader.classpath.ClasspathManager::findClassImpl@61 (line 671)
  0x0000020b803836b8: c4b0 1f07 

  0x0000020b803836bc: ;   {other}
  0x0000020b803836bc: 0f1f 8400 | ac12 0007 | 488b 8424 | e800 0000 

  0x0000020b803836cc: ;   {metadata(method data for {method} {0x0000020bfa68a538} 'findClassImpl' '(Ljava/lang/String;Lorg/eclipse/osgi/internal/loader/classpath/ClasspathEntry;Ljava/util/List;)Ljava/lang/Class;' in 'org/eclipse/osgi/internal/loader/classpath/ClasspathManager')}
  0x0000020b803836cc: 49b8 88f3 | 9dfa 0b02 | 0000 4983 | 8000 0300 

  0x0000020b803836dc: ;   {metadata(method data for {method} {0x0000020b8f461ae8} 'append' '(Ljava/lang/String;)Ljava/lang/StringBuilder;' in 'java/lang/StringBuilder')}
  0x0000020b803836dc: 0001 49b8 | a0c1 00fa | 0b02 0000 | 418b 90cc | 0000 0083 | c202 4189 | 90cc 0000 | 0081 e2fe 
  0x0000020b803836fc: ff1f 0085 | d20f 845c | 3d00 0048 | 8b84 24e8 

  0x0000020b8038370c: ;   {metadata(method data for {method} {0x0000020b8f461ae8} 'append' '(Ljava/lang/String;)Ljava/lang/StringBuilder;' in 'java/lang/StringBuilder')}
  0x0000020b8038370c: 0000 0049 | b8a0 c100 | fa0b 0200 | 0049 8380 | 1001 0000 

  0x0000020b80383720: ;   {oop(")"{0x0000000080002958})}
  0x0000020b80383720: 0149 b858 | 2900 8000 | 0000 0048 | 8b94 24e8 | 0000 000f 

  0x0000020b80383734: ;   {optimized virtual_call}
  0x0000020b80383734: 1f40 00e8 

  0x0000020b80383738: ; ImmutableOopMap {[200]=Oop [208]=Oop [216]=Oop [224]=Oop [232]=Oop [240]=Oop [248]=Oop }
                      ;*invokespecial append {reexecute=0 rethrow=0 return_oop=0}
                      ; - java.lang.StringBuilder::append@2
                      ; - org.eclipse.osgi.internal.loader.classpath.ClasspathManager::findClassImpl@67 (line 671)
  0x0000020b80383738: 44b0 1f07 

  0x0000020b8038373c: ;   {other}
  0x0000020b8038373c: 0f1f 8400 | 2c13 0008 | 488b 8424 | e800 0000 

  0x0000020b8038374c: ;   {metadata(method data for {method} {0x0000020bfa68a538} 'findClassImpl' '(Ljava/lang/String;Lorg/eclipse/osgi/internal/loader/classpath/ClasspathEntry;Ljava/util/List;)Ljava/lang/Class;' in 'org/eclipse/osgi/internal/loader/classpath/ClasspathManager')}
  0x0000020b8038374c: 48ba 88f3 | 9dfa 0b02 | 0000 4883 | 8238 0300 

  0x0000020b8038375c: ;   {metadata(method data for {method} {0x0000020b8f008958} 'toString' '()Ljava/lang/String;' in 'java/lang/StringBuilder')}
  0x0000020b8038375c: 0001 48ba | c8c8 00fa | 0b02 0000 | 8bb2 cc00 | 0000 83c6 | 0289 b2cc | 0000 0081 | e6fe ff1f 
  0x0000020b8038377c: 0085 f60f | 84ff 3c00 

  0x0000020b80383784: ;   {metadata('java/lang/String')}
  0x0000020b80383784: 0048 ba78 | e800 8f0b | 0200 0049 | 8b87 b801 | 0000 488d | 7818 493b | bfc8 0100 | 000f 87fe 
  0x0000020b803837a4: 3c00 0049 | 89bf b801 | 0000 48c7 | 0001 0000 | 0048 8bca | 49ba 0000 | 008f 0b02 | 0000 492b 
  0x0000020b803837c4: ca89 4808 | 4833 c989 | 480c 4833 | c948 8948 | 104c 8bc0 

  0x0000020b803837d8: ;   {metadata(method data for {method} {0x0000020b8f008958} 'toString' '()Ljava/lang/String;' in 'java/lang/StringBuilder')}
  0x0000020b803837d8: 49b9 c8c8 | 00fa 0b02 | 0000 4983 | 8110 0100 

  0x0000020b803837e8: ;   {metadata(method data for {method} {0x0000020b8f455dd8} '<init>' '(Ljava/lang/StringBuilder;)V' in 'java/lang/String')}
  0x0000020b803837e8: 0001 49b8 | 10ca 00fa | 0b02 0000 | 458b 88cc | 0000 0041 | 83c1 0245 | 8988 cc00 | 0000 4181 
  0x0000020b80383808: e1fe ff1f | 0045 85c9 | 0f84 9c3c | 0000 4c8b 

  0x0000020b80383818: ;   {metadata(method data for {method} {0x0000020b8f455dd8} '<init>' '(Ljava/lang/StringBuilder;)V' in 'java/lang/String')}
  0x0000020b80383818: c049 b910 | ca00 fa0b | 0200 0049 | 8381 1001 | 0000 014c | 8b84 24e8 

  0x0000020b80383830: ;   {oop(nullptr)}
  0x0000020b80383830: 0000 0049 | b900 0000 | 0000 0000 | 0048 8bd0 | 4889 8424 | 0001 0000 | 0f1f 8000 

  0x0000020b8038384c: ;   {optimized virtual_call}
  0x0000020b8038384c: 0000 00e8 

  0x0000020b80383850: ; ImmutableOopMap {[200]=Oop [208]=Oop [216]=Oop [224]=Oop [240]=Oop [248]=Oop [256]=Oop }
                      ;*invokespecial <init> {reexecute=0 rethrow=0 return_oop=0}
                      ; - java.lang.String::<init>@3
                      ; - java.lang.StringBuilder::toString@5
                      ; - org.eclipse.osgi.internal.loader.classpath.ClasspathManager::findClassImpl@70 (line 670)
  0x0000020b80383850: 2caf 1f07 

  0x0000020b80383854: ;   {other}
  0x0000020b80383854: 0f1f 8400 | 4414 0009 | 488b 9c24 | f000 0000 

  0x0000020b80383864: ; implicit exception: dispatches to 0x0000020b803874d3
  0x0000020b80383864: 483b 034c 

  0x0000020b80383868: ;   {metadata(method data for {method} {0x0000020bfa68a538} 'findClassImpl' '(Ljava/lang/String;Lorg/eclipse/osgi/internal/loader/classpath/ClasspathEntry;Ljava/util/List;)Ljava/lang/Class;' in 'org/eclipse/osgi/internal/loader/classpath/ClasspathManager')}
  0x0000020b80383868: 8bc3 49b9 | 88f3 9dfa | 0b02 0000 

  0x0000020b80383874: ;   {metadata('org/eclipse/osgi/internal/debug/Debug')}
  0x0000020b80383874: 49ba 8009 | 0990 0b02 | 0000 4d89 | 9180 0300 | 0049 8381 | 8803 0000 

  0x0000020b8038388c: ;   {metadata(method data for {method} {0x0000020bfa4e5400} 'trace' '(Ljava/lang/String;Ljava/lang/String;)V' in 'org/eclipse/osgi/internal/debug/Debug')}
  0x0000020b8038388c: 0149 b838 | 4e78 fa0b | 0200 0045 | 8b88 cc00 | 0000 4183 | c102 4589 | 88cc 0000 | 0041 81e1 
  0x0000020b803838ac: feff 1f00 | 4585 c90f | 841f 3c00 | 008b 5324 

  0x0000020b803838bc: ;   {metadata(method data for {method} {0x0000020bfa4e5400} 'trace' '(Ljava/lang/String;Ljava/lang/String;)V' in 'org/eclipse/osgi/internal/debug/Debug')}
  0x0000020b803838bc: 4885 d249 | b838 4e78 | fa0b 0200 | 0049 c7c1 | 1001 0000 | 7407 49c7 | c120 0100 | 004b 8b34 
  0x0000020b803838dc: 0848 8d76 | 014b 8934 | 080f 84f7 | 0200 0048 | 85d2 0f84 | 2900 0000 

  0x0000020b803838f4: ;   {metadata('org/eclipse/osgi/internal/log/ExtendedLogServiceImpl')}
  0x0000020b803838f4: 48bf 4056 | 0990 0b02 | 0000 8b72 | 0849 ba00 | 0000 8f0b | 0200 0049 | 03f2 483b | 7e38 0f85 
  0x0000020b80383914: e13b 0000 | e900 0000 | 004c 8bc2 

  0x0000020b80383920: ; implicit exception: dispatches to 0x0000020b803874fe
  0x0000020b80383920: 483b 024c 

  0x0000020b80383924: ;   {metadata(method data for {method} {0x0000020bfa4e5400} 'trace' '(Ljava/lang/String;Ljava/lang/String;)V' in 'org/eclipse/osgi/internal/debug/Debug')}
  0x0000020b80383924: 8bc2 49b9 | 384e 78fa | 0b02 0000 

  0x0000020b80383930: ;   {metadata('org/eclipse/osgi/internal/log/ExtendedLogServiceImpl')}
  0x0000020b80383930: 49ba 4056 | 0990 0b02 | 0000 4d89 | 9140 0100 | 0049 8381 | 4801 0000 

  0x0000020b80383948: ;   {metadata(method data for {method} {0x0000020bfa50ca90} 'getLogger' '(Ljava/lang/String;)Lorg/osgi/service/log/Logger;' in 'org/eclipse/osgi/internal/log/ExtendedLogServiceImpl')}
  0x0000020b80383948: 0149 b878 | 5078 fa0b | 0200 0045 | 8b88 cc00 | 0000 4183 | c102 4589 | 88cc 0000 | 0041 81e1 
  0x0000020b80383968: feff 1f00 | 4585 c90f | 848e 3b00 | 004c 8bc2 

  0x0000020b80383978: ;   {metadata(method data for {method} {0x0000020bfa50ca90} 'getLogger' '(Ljava/lang/String;)Lorg/osgi/service/log/Logger;' in 'org/eclipse/osgi/internal/log/ExtendedLogServiceImpl')}
  0x0000020b80383978: 49b9 7850 | 78fa 0b02 

  0x0000020b80383980: ;   {metadata('org/eclipse/osgi/internal/log/ExtendedLogServiceImpl')}
  0x0000020b80383980: 0000 49ba | 4056 0990 | 0b02 0000 | 4d89 9120 | 0100 0049 | 8381 2801 

  0x0000020b80383998: ;   {metadata(method data for {method} {0x0000020bfa50a318} 'getLogger' '(Ljava/lang/String;)Lorg/eclipse/equinox/log/Logger;' in 'org/eclipse/osgi/internal/log/ExtendedLogServiceImpl')}
  0x0000020b80383998: 0000 0149 | b808 5278 | fa0b 0200 | 0045 8b88 | cc00 0000 | 4183 c102 | 4589 88cc | 0000 0041 
  0x0000020b803839b8: 81e1 feff | 1f00 4585 | c90f 845d | 3b00 004c 

  0x0000020b803839c8: ;   {metadata(method data for {method} {0x0000020bfa50a318} 'getLogger' '(Ljava/lang/String;)Lorg/eclipse/equinox/log/Logger;' in 'org/eclipse/osgi/internal/log/ExtendedLogServiceImpl')}
  0x0000020b803839c8: 8bc2 49b9 | 0852 78fa | 0b02 0000 

  0x0000020b803839d4: ;   {metadata('org/eclipse/osgi/internal/log/ExtendedLogServiceImpl')}
  0x0000020b803839d4: 49ba 4056 | 0990 0b02 | 0000 4d89 | 9120 0100 | 0049 8381 | 2801 0000 | 014c 8b84 | 24f8 0000 
  0x0000020b803839f4: ;   {oop(a 'java/lang/Class'{0x00000000d729f760} = 'org/osgi/service/log/Logger')}
  0x0000020b803839f4: 0049 b960 | f729 d700 

  0x0000020b803839fc: ;   {optimized virtual_call}
  0x0000020b803839fc: 0000 00e8 

  0x0000020b80383a00: ; ImmutableOopMap {[200]=Oop [208]=Oop [216]=Oop [224]=Oop [248]=Oop [256]=Oop }
                      ;*invokevirtual getLogger {reexecute=0 rethrow=0 return_oop=0}
                      ; - org.eclipse.osgi.internal.log.ExtendedLogServiceImpl::getLogger@4 (line 73)
                      ; - org.eclipse.osgi.internal.log.ExtendedLogServiceImpl::getLogger@2 (line 1)
                      ; - org.eclipse.osgi.internal.debug.Debug::trace@11 (line 265)
                      ; - org.eclipse.osgi.internal.loader.classpath.ClasspathManager::findClassImpl@73 (line 669)
  0x0000020b80383a00: 7cad 1f07 

  0x0000020b80383a04: ;   {other}
  0x0000020b80383a04: 0f1f 8400 | f415 000a | 4885 c075 

  0x0000020b80383a10: ;   {metadata(method data for {method} {0x0000020bfa50a318} 'getLogger' '(Ljava/lang/String;)Lorg/eclipse/equinox/log/Logger;' in 'org/eclipse/osgi/internal/log/ExtendedLogServiceImpl')}
  0x0000020b80383a10: 1648 be08 | 5278 fa0b | 0200 0080 | 8e41 0100 | 0001 e9e7 

  0x0000020b80383a24: ;   {metadata('org/eclipse/equinox/log/Logger')}
  0x0000020b80383a24: 0000 0048 | bff8 2909 | 900b 0200 | 008b 7008 | 49ba 0000 | 008f 0b02 | 0000 4903 | f248 3b7e 
  0x0000020b80383a44: 200f 841a | 0000 0048 | 3bf7 0f84 | 1100 0000 

  0x0000020b80383a54: ;   {runtime_call slow_subtype_check Runtime1 stub}
  0x0000020b80383a54: 5657 e825 | fb2a 075e | 5e85 f60f | 848d 0000 

  0x0000020b80383a64: ;   {metadata(method data for {method} {0x0000020bfa50a318} 'getLogger' '(Ljava/lang/String;)Lorg/eclipse/equinox/log/Logger;' in 'org/eclipse/osgi/internal/log/ExtendedLogServiceImpl')}
  0x0000020b80383a64: 0048 be08 | 5278 fa0b | 0200 008b | 7808 49ba | 0000 008f | 0b02 0000 | 4903 fa48 | 3bbe 5801 
  0x0000020b80383a84: 0000 750d | 4883 8660 | 0100 0001 | e979 0000 | 0048 3bbe | 6801 0000 | 750d 4883 | 8670 0100 
  0x0000020b80383aa4: 0001 e963 | 0000 0048 | 83be 5801 | 0000 0075 | 1748 89be | 5801 0000 | 48c7 8660 | 0100 0001 
  0x0000020b80383ac4: 0000 00e9 | 4200 0000 | 4883 be68 | 0100 0000 | 7517 4889 | be68 0100 | 0048 c786 | 7001 0000 
  0x0000020b80383ae4: 0100 0000 | e921 0000 | 00e9 1c00 

  0x0000020b80383af0: ;   {metadata(method data for {method} {0x0000020bfa50a318} 'getLogger' '(Ljava/lang/String;)Lorg/eclipse/equinox/log/Logger;' in 'org/eclipse/osgi/internal/log/ExtendedLogServiceImpl')}
  0x0000020b80383af0: 0000 48be | 0852 78fa | 0b02 0000 | 4883 ae48 | 0100 0001 | e93c 3a00 | 00e9 0000 | 0000 488b 
  0x0000020b80383b10: d048 3b02 

  0x0000020b80383b14: ;   {metadata(method data for {method} {0x0000020bfa4e5400} 'trace' '(Ljava/lang/String;Ljava/lang/String;)V' in 'org/eclipse/osgi/internal/debug/Debug')}
  0x0000020b80383b14: 4c8b c248 | be38 4e78 | fa0b 0200 | 0045 8b40 | 0849 ba00 | 0000 8f0b | 0200 004d | 03c2 4c3b 
  0x0000020b80383b34: 8678 0100 | 0075 0d48 | 8386 8001 | 0000 01e9 | 6000 0000 | 4c3b 8688 | 0100 0075 | 0d48 8386 
  0x0000020b80383b54: 9001 0000 | 01e9 4a00 | 0000 4883 | be78 0100 | 0000 7517 | 4c89 8678 | 0100 0048 | c786 8001 
  0x0000020b80383b74: 0000 0100 | 0000 e929 | 0000 0048 | 83be 8801 | 0000 0075 | 174c 8986 | 8801 0000 | 48c7 8690 
  0x0000020b80383b94: 0100 0001 | 0000 00e9 | 0800 0000 | 4883 8668 | 0100 0001 | 4c8b 8424 | 0001 0000 | 0f1f 4400 
  0x0000020b80383bb4: 0048 b8ff | ffff ffff 

  0x0000020b80383bbc: ;   {virtual_call}
  0x0000020b80383bbc: ffff ffe8 

  0x0000020b80383bc0: ; ImmutableOopMap {[200]=Oop [208]=Oop [216]=Oop [224]=Oop [248]=Oop }
                      ;*invokeinterface debug {reexecute=0 rethrow=0 return_oop=0}
                      ; - org.eclipse.osgi.internal.debug.Debug::trace@17 (line 265)
                      ; - org.eclipse.osgi.internal.loader.classpath.ClasspathManager::findClassImpl@73 (line 669)
  0x0000020b80383bc0: bcae 1f07 

  0x0000020b80383bc4: ;   {other}
  0x0000020b80383bc4: 0f1f 8400 | b417 000b 

  0x0000020b80383bcc: ;   {metadata(method data for {method} {0x0000020bfa4e5400} 'trace' '(Ljava/lang/String;Ljava/lang/String;)V' in 'org/eclipse/osgi/internal/debug/Debug')}
  0x0000020b80383bcc: 49b8 384e | 78fa 0b02 | 0000 41ff | 80a0 0100 | 00e9 5200 | 0000 488b | 8424 0001 

  0x0000020b80383be8: ;   {oop(a 'java/lang/Class'{0x00000000d729ee30} = 'org/eclipse/osgi/internal/debug/Debug')}
  0x0000020b80383be8: 0000 49b8 | 30ee 29d7 | 0000 0000 | 418b 90d0 | 0000 0048 | 3b02 4c8b 

  0x0000020b80383c00: ;   {metadata(method data for {method} {0x0000020bfa4e5400} 'trace' '(Ljava/lang/String;Ljava/lang/String;)V' in 'org/eclipse/osgi/internal/debug/Debug')}
  0x0000020b80383c00: c248 be38 | 4e78 fa0b 

  0x0000020b80383c08: ;   {metadata('java/io/PrintStream')}
  0x0000020b80383c08: 0200 0049 | bac8 a300 | 8f0b 0200 | 004c 8996 | c801 0000 | 4883 86d0 | 0100 0001 

  0x0000020b80383c24: ;   {optimized virtual_call}
  0x0000020b80383c24: 4c8b c0e8 

  0x0000020b80383c28: ; ImmutableOopMap {[200]=Oop [208]=Oop [216]=Oop [224]=Oop [248]=Oop }
                      ;*invokevirtual println {reexecute=0 rethrow=0 return_oop=0}
                      ; - org.eclipse.osgi.internal.debug.Debug::trace@29 (line 267)
                      ; - org.eclipse.osgi.internal.loader.classpath.ClasspathManager::findClassImpl@73 (line 669)
  0x0000020b80383c28: 54ab 1f07 

  0x0000020b80383c2c: ;   {other}
  0x0000020b80383c2c: 0f1f 8400 | 1c18 000c | 4c8b 8424 | d800 0000 

  0x0000020b80383c3c: ; implicit exception: dispatches to 0x0000020b80387558
  0x0000020b80383c3c: 493b 004d 

  0x0000020b80383c40: ;   {metadata(method data for {method} {0x0000020bfa68a538} 'findClassImpl' '(Ljava/lang/String;Lorg/eclipse/osgi/internal/loader/classpath/ClasspathEntry;Ljava/util/List;)Ljava/lang/Class;' in 'org/eclipse/osgi/internal/loader/classpath/ClasspathManager')}
  0x0000020b80383c40: 8bc8 48ba | 88f3 9dfa | 0b02 0000 | 4883 82a8 | 0300 0001 | 498b f041 | b82e 0000 | 0041 b92f 
  0x0000020b80383c60: 0000 0048 

  0x0000020b80383c64: ;   {optimized virtual_call}
  0x0000020b80383c64: 8bd6 90e8 

  0x0000020b80383c68: ; ImmutableOopMap {[200]=Oop [208]=Oop [216]=Oop [224]=Oop [248]=Oop }
                      ;*invokevirtual replace {reexecute=0 rethrow=0 return_oop=0}
                      ; - org.eclipse.osgi.internal.loader.classpath.ClasspathManager::findClassImpl@81 (line 673)
  0x0000020b80383c68: 7464 7807 

  0x0000020b80383c6c: ;   {other}
  0x0000020b80383c6c: 0f1f 8400 | 5c18 000d 

  0x0000020b80383c74: ; implicit exception: dispatches to 0x0000020b8038755d
  0x0000020b80383c74: 483b 0048 

  0x0000020b80383c78: ;   {metadata(method data for {method} {0x0000020bfa68a538} 'findClassImpl' '(Ljava/lang/String;Lorg/eclipse/osgi/internal/loader/classpath/ClasspathEntry;Ljava/util/List;)Ljava/lang/Class;' in 'org/eclipse/osgi/internal/loader/classpath/ClasspathManager')}
  0x0000020b80383c78: 8bd0 48be | 88f3 9dfa | 0b02 0000 | 4883 86e0 | 0300 0001 

  0x0000020b80383c8c: ;   {metadata(method data for {method} {0x0000020b8f452db8} 'concat' '(Ljava/lang/String;)Ljava/lang/String;' in 'java/lang/String')}
  0x0000020b80383c8c: 48ba d811 | 31fa 0b02 | 0000 8bb2 | cc00 0000 | 83c6 0289 | b2cc 0000 | 0081 e6fe | ff1f 0085 
  0x0000020b80383cac: f60f 84af 

  0x0000020b80383cb0: ;   {oop(".class"{0x0000000080000920})}
  0x0000020b80383cb0: 3800 0048 | ba20 0900 | 8000 0000 

  0x0000020b80383cbc: ;   {metadata(method data for {method} {0x0000020b8f452db8} 'concat' '(Ljava/lang/String;)Ljava/lang/String;' in 'java/lang/String')}
  0x0000020b80383cbc: 0048 bed8 | 1131 fa0b | 0200 0048 | 8386 1001 

  0x0000020b80383ccc: ;   {metadata(method data for {method} {0x0000020b8f00ef40} 'isEmpty' '()Z' in 'java/lang/String')}
  0x0000020b80383ccc: 0000 0148 | ba60 e301 | fa0b 0200 | 008b b2cc | 0000 0083 | c602 89b2 | cc00 0000 | 81e6 feff 
  0x0000020b80383cec: 1f00 85f6 | 0f84 8d38 

  0x0000020b80383cf4: ;   {metadata(method data for {method} {0x0000020b8f00ef40} 'isEmpty' '()Z' in 'java/lang/String')}
  0x0000020b80383cf4: 0000 48ba | 60e3 01fa | 0b02 0000 | ff82 1001 

  0x0000020b80383d04: ;   {metadata(method data for {method} {0x0000020b8f452db8} 'concat' '(Ljava/lang/String;)Ljava/lang/String;' in 'java/lang/String')}
  0x0000020b80383d04: 0000 48ba | d811 31fa | 0b02 0000 | ff82 4801 

  0x0000020b80383d14: ;   {metadata(method data for {method} {0x0000020b8f452db8} 'concat' '(Ljava/lang/String;)Ljava/lang/String;' in 'java/lang/String')}
  0x0000020b80383d14: 0000 48ba | d811 31fa | 0b02 0000 | 4883 8268 | 0100 0001 

  0x0000020b80383d28: ;   {metadata(method data for {method} {0x0000020b8f41fad0} 'simpleConcat' '(Ljava/lang/Object;Ljava/lang/Object;)Ljava/lang/String;' in 'java/lang/StringConcatHelper')}
  0x0000020b80383d28: 48ba 6836 | 28fa 0b02 | 0000 8bb2 | cc00 0000 | 83c6 0289 | b2cc 0000 | 0081 e6fe | ff1f 0085 
  0x0000020b80383d48: f60f 8455 

  0x0000020b80383d4c: ;   {metadata(method data for {method} {0x0000020b8f41fad0} 'simpleConcat' '(Ljava/lang/Object;Ljava/lang/Object;)Ljava/lang/String;' in 'java/lang/StringConcatHelper')}
  0x0000020b80383d4c: 3800 0048 | ba68 3628 | fa0b 0200 | 0048 8382 | 1001 0000 

  0x0000020b80383d60: ;   {metadata(method data for {method} {0x0000020b8f41f340} 'stringOf' '(Ljava/lang/Object;)Ljava/lang/String;' in 'java/lang/StringConcatHelper')}
  0x0000020b80383d60: 0148 ba88 | d025 fa0b | 0200 008b | b2cc 0000 | 0083 c602 | 89b2 cc00 | 0000 81e6 | feff 1f00 
  0x0000020b80383d80: 85f6 0f84 | 3d38 0000 

  0x0000020b80383d88: ;   {metadata(method data for {method} {0x0000020b8f41f340} 'stringOf' '(Ljava/lang/Object;)Ljava/lang/String;' in 'java/lang/StringConcatHelper')}
  0x0000020b80383d88: 4885 c048 | ba88 d025 | fa0b 0200 | 0048 c7c6 | 1001 0000 | 7407 48c7 | c620 0100 | 0048 8b3c 
  0x0000020b80383da8: 3248 8d7f | 0148 893c | 320f 846b | 0000 0048 

  0x0000020b80383db8: ;   {metadata(method data for {method} {0x0000020b8f41f340} 'stringOf' '(Ljava/lang/Object;)Ljava/lang/String;' in 'java/lang/StringConcatHelper')}
  0x0000020b80383db8: 8bd0 48be | 88d0 25fa | 0b02 0000 | 4883 8630 | 0100 0001 

  0x0000020b80383dcc: ;   {metadata(method data for {method} {0x0000020b8f00eb78} 'toString' '()Ljava/lang/String;' in 'java/lang/String')}
  0x0000020b80383dcc: 48ba f06a | 09fa 0b02 | 0000 8bb2 | cc00 0000 | 83c6 0289 | b2cc 0000 | 0081 e6fe | ff1f 0085 
  0x0000020b80383dec: f60f 84f3 | 3700 0048 

  0x0000020b80383df4: ;   {metadata(method data for {method} {0x0000020b8f41f340} 'stringOf' '(Ljava/lang/Object;)Ljava/lang/String;' in 'java/lang/StringConcatHelper')}
  0x0000020b80383df4: 85c0 48ba | 88d0 25fa | 0b02 0000 | 48c7 c668 | 0100 0075 | 0748 c7c6 | 7801 0000 | 488b 3c32 
  0x0000020b80383e14: 488d 7f01 | 4889 3c32 | 0f85 1a00 

  0x0000020b80383e20: ;   {metadata(method data for {method} {0x0000020b8f41f340} 'stringOf' '(Ljava/lang/Object;)Ljava/lang/String;' in 'java/lang/StringConcatHelper')}
  0x0000020b80383e20: 0000 48ba | 88d0 25fa | 0b02 0000 | ff82 8801 

  0x0000020b80383e30: ;   {oop("null"{0x00000000800002a8})}
  0x0000020b80383e30: 0000 48b8 | a802 0080 | 0000 0000 

  0x0000020b80383e3c: ;   {metadata(method data for {method} {0x0000020b8f41fad0} 'simpleConcat' '(Ljava/lang/Object;Ljava/lang/Object;)Ljava/lang/String;' in 'java/lang/StringConcatHelper')}
  0x0000020b80383e3c: 48ba 6836 | 28fa 0b02 | 0000 4883 | 8220 0100 

  0x0000020b80383e4c: ;   {metadata(method data for {method} {0x0000020b8f41f340} 'stringOf' '(Ljava/lang/Object;)Ljava/lang/String;' in 'java/lang/StringConcatHelper')}
  0x0000020b80383e4c: 0001 48ba | 88d0 25fa | 0b02 0000 | 8bb2 cc00 | 0000 83c6 | 0289 b2cc | 0000 0081 | e6fe ff1f 
  0x0000020b80383e6c: 0085 f60f | 8492 3700 

  0x0000020b80383e74: ;   {metadata(method data for {method} {0x0000020b8f41f340} 'stringOf' '(Ljava/lang/Object;)Ljava/lang/String;' in 'java/lang/StringConcatHelper')}
  0x0000020b80383e74: 0048 ba88 | d025 fa0b | 0200 00ff | 8220 0100 

  0x0000020b80383e84: ;   {oop(".class"{0x0000000080000920})}
  0x0000020b80383e84: 0048 ba20 | 0900 8000 

  0x0000020b80383e8c: ;   {metadata(method data for {method} {0x0000020b8f41f340} 'stringOf' '(Ljava/lang/Object;)Ljava/lang/String;' in 'java/lang/StringConcatHelper')}
  0x0000020b80383e8c: 0000 0048 | be88 d025 | fa0b 0200 | 0048 8386 | 3001 0000 

  0x0000020b80383ea0: ;   {metadata(method data for {method} {0x0000020b8f00eb78} 'toString' '()Ljava/lang/String;' in 'java/lang/String')}
  0x0000020b80383ea0: 0148 baf0 | 6a09 fa0b | 0200 008b | b2cc 0000 | 0083 c602 | 89b2 cc00 | 0000 81e6 | feff 1f00 
  0x0000020b80383ec0: 85f6 0f84 | 6037 0000 

  0x0000020b80383ec8: ;   {metadata(method data for {method} {0x0000020b8f41f340} 'stringOf' '(Ljava/lang/Object;)Ljava/lang/String;' in 'java/lang/StringConcatHelper')}
  0x0000020b80383ec8: 48ba 88d0 | 25fa 0b02 | 0000 ff82 | 6801 0000 

  0x0000020b80383ed8: ; implicit exception: dispatches to 0x0000020b80387649
  0x0000020b80383ed8: 483b 0048 

  0x0000020b80383edc: ;   {metadata(method data for {method} {0x0000020b8f41fad0} 'simpleConcat' '(Ljava/lang/Object;Ljava/lang/Object;)Ljava/lang/String;' in 'java/lang/StringConcatHelper')}
  0x0000020b80383edc: 8bd0 48be | 6836 28fa | 0b02 0000 | 4883 8630 | 0100 0001 

  0x0000020b80383ef0: ;   {metadata(method data for {method} {0x0000020b8f00ef40} 'isEmpty' '()Z' in 'java/lang/String')}
  0x0000020b80383ef0: 48ba 60e3 | 01fa 0b02 | 0000 8bb2 | cc00 0000 | 83c6 0289 | b2cc 0000 | 0081 e6fe | ff1f 0085 
  0x0000020b80383f10: f60f 8437 | 3700 008b | 5014 8b72 

  0x0000020b80383f1c: ;   {metadata(method data for {method} {0x0000020b8f00ef40} 'isEmpty' '()Z' in 'java/lang/String')}
  0x0000020b80383f1c: 0c85 f648 | ba60 e301 | fa0b 0200 | 0048 c7c7 | 1001 0000 | 7507 48c7 | c720 0100 | 0048 8b0c 
  0x0000020b80383f3c: 3a48 8d49 | 0148 890c | 3a0f 851a 

  0x0000020b80383f48: ;   {metadata(method data for {method} {0x0000020b8f00ef40} 'isEmpty' '()Z' in 'java/lang/String')}
  0x0000020b80383f48: 0000 0048 | ba60 e301 | fa0b 0200 | 00ff 8230 | 0100 00ba | 0100 0000 | e905 0000 | 00ba 0000 
  0x0000020b80383f68: 0000 83e2 

  0x0000020b80383f6c: ;   {metadata(method data for {method} {0x0000020b8f41fad0} 'simpleConcat' '(Ljava/lang/Object;Ljava/lang/Object;)Ljava/lang/String;' in 'java/lang/StringConcatHelper')}
  0x0000020b80383f6c: 0185 d248 | ba68 3628 | fa0b 0200 | 0048 c7c7 | 6801 0000 | 7407 48c7 | c778 0100 | 0048 8b0c 
  0x0000020b80383f8c: 3a48 8d49 | 0148 890c | 3a0f 8496 

  0x0000020b80383f98: ;   {metadata('java/lang/String')}
  0x0000020b80383f98: 0000 0048 | ba78 e800 | 8f0b 0200 | 0049 8b87 | b801 0000 | 488d 7818 | 493b bfc8 | 0100 000f 
  0x0000020b80383fb8: 87b7 3600 | 0049 89bf | b801 0000 | 48c7 0001 | 0000 0048 | 8bca 49ba | 0000 008f | 0b02 0000 
  0x0000020b80383fd8: 492b ca89 | 4808 4833 | c989 480c | 4833 c948 | 8948 104c 

  0x0000020b80383fec: ;   {metadata(method data for {method} {0x0000020b8f41fad0} 'simpleConcat' '(Ljava/lang/Object;Ljava/lang/Object;)Ljava/lang/String;' in 'java/lang/StringConcatHelper')}
  0x0000020b80383fec: 8bc0 48ba | 6836 28fa | 0b02 0000 | 4883 8288 | 0100 0001 

  0x0000020b80384000: ;   {oop(".class"{0x0000000080000920})}
  0x0000020b80384000: 49b8 2009 | 0080 0000 | 0000 488b | d048 8984 | 2408 0100 

  0x0000020b80384014: ;   {optimized virtual_call}
  0x0000020b80384014: 0066 90e8 

  0x0000020b80384018: ; ImmutableOopMap {[200]=Oop [208]=Oop [216]=Oop [224]=Oop [248]=Oop [264]=Oop }
                      ;*invokespecial <init> {reexecute=0 rethrow=0 return_oop=0}
                      ; - java.lang.StringConcatHelper::simpleConcat@22
                      ; - java.lang.String::concat@11
                      ; - org.eclipse.osgi.internal.loader.classpath.ClasspathManager::findClassImpl@87 (line 673)
  0x0000020b80384018: 64a7 1f07 

  0x0000020b8038401c: ;   {other}
  0x0000020b8038401c: 0f1f 8400 | 0c1c 000e | 488b 8424 | 0801 0000 | e90b 0700 

  0x0000020b80384030: ;   {oop(".class"{0x0000000080000920})}
  0x0000020b80384030: 0048 b920 | 0900 8000 

  0x0000020b80384038: ;   {metadata(method data for {method} {0x0000020b8f41fad0} 'simpleConcat' '(Ljava/lang/Object;Ljava/lang/Object;)Ljava/lang/String;' in 'java/lang/StringConcatHelper')}
  0x0000020b80384038: 0000 0049 | b868 3628 | fa0b 0200 | 0049 8380 | 9801 0000 

  0x0000020b8038404c: ;   {metadata(method data for {method} {0x0000020b8f00ef40} 'isEmpty' '()Z' in 'java/lang/String')}
  0x0000020b8038404c: 0148 b960 | e301 fa0b | 0200 0044 | 8b81 cc00 | 0000 4183 | c002 4489 | 81cc 0000 | 0041 81e0 
  0x0000020b8038406c: feff 1f00 | 4585 c00f | 8408 3600 

  0x0000020b80384078: ;   {metadata(method data for {method} {0x0000020b8f00ef40} 'isEmpty' '()Z' in 'java/lang/String')}
  0x0000020b80384078: 0048 b960 | e301 fa0b | 0200 00ff | 8110 0100 

  0x0000020b80384088: ;   {metadata(method data for {method} {0x0000020b8f41fad0} 'simpleConcat' '(Ljava/lang/Object;Ljava/lang/Object;)Ljava/lang/String;' in 'java/lang/StringConcatHelper')}
  0x0000020b80384088: 0048 b968 | 3628 fa0b | 0200 00ff | 81d0 0100 

  0x0000020b80384098: ;   {metadata(method data for {method} {0x0000020b8f41fad0} 'simpleConcat' '(Ljava/lang/Object;Ljava/lang/Object;)Ljava/lang/String;' in 'java/lang/StringConcatHelper')}
  0x0000020b80384098: 0048 b968 | 3628 fa0b | 0200 0048 | 8381 0002 

  0x0000020b803840a8: ;   {metadata(method data for {method} {0x0000020b8f41f3f0} 'initialCoder' '()J' in 'java/lang/StringConcatHelper')}
  0x0000020b803840a8: 0000 0148 | b9a8 3a28 | fa0b 0200 | 0044 8b81 | cc00 0000 | 4183 c002 | 4489 81cc | 0000 0041 
  0x0000020b803840c8: 81e0 feff | 1f00 4585 | c00f 84cb 

  0x0000020b803840d4: ;   {metadata(method data for {method} {0x0000020b8f41f3f0} 'initialCoder' '()J' in 'java/lang/StringConcatHelper')}
  0x0000020b803840d4: 3500 0048 | b9a8 3a28 | fa0b 0200 | 00ff 8120 

  0x0000020b803840e4: ;   {metadata(method data for {method} {0x0000020b8f41f3f0} 'initialCoder' '()J' in 'java/lang/StringConcatHelper')}
  0x0000020b803840e4: 0100 0048 | b9a8 3a28 | fa0b 0200 | 00ff 8130 

  0x0000020b803840f4: ;   {metadata(method data for {method} {0x0000020b8f41fad0} 'simpleConcat' '(Ljava/lang/Object;Ljava/lang/Object;)Ljava/lang/String;' in 'java/lang/StringConcatHelper')}
  0x0000020b803840f4: 0100 0048 | b968 3628 | fa0b 0200 | 0048 8381 | 1002 0000 

  0x0000020b80384108: ;   {metadata(method data for {method} {0x0000020b8f41f918} 'mix' '(JLjava/lang/String;)J' in 'java/lang/StringConcatHelper')}
  0x0000020b80384108: 0148 b968 | d225 fa0b | 0200 0044 | 8b81 cc00 | 0000 4183 | c002 4489 | 81cc 0000 | 0041 81e0 
  0x0000020b80384128: feff 1f00 | 4585 c00f | 848e 3500 | 0048 8bc8 

  0x0000020b80384138: ;   {metadata(method data for {method} {0x0000020b8f41f918} 'mix' '(JLjava/lang/String;)J' in 'java/lang/StringConcatHelper')}
  0x0000020b80384138: 49b8 68d2 | 25fa 0b02 | 0000 4983 | 8010 0100 

  0x0000020b80384148: ;   {metadata(method data for {method} {0x0000020b8f00ee90} 'length' '()I' in 'java/lang/String')}
  0x0000020b80384148: 0001 48b9 | 00ed 00fa | 0b02 0000 | 448b 81cc | 0000 0041 | 83c0 0244 | 8981 cc00 | 0000 4181 
  0x0000020b80384168: e0fe ff1f | 0045 85c0 | 0f84 6e35 | 0000 488b 

  0x0000020b80384178: ;   {metadata(method data for {method} {0x0000020b8f00ee90} 'length' '()I' in 'java/lang/String')}
  0x0000020b80384178: c849 b800 | ed00 fa0b | 0200 0049 | 8380 1001 

  0x0000020b80384188: ;   {metadata(method data for {method} {0x0000020b8f455018} 'coder' '()B' in 'java/lang/String')}
  0x0000020b80384188: 0000 0148 | b9a8 e900 | fa0b 0200 | 0044 8b81 | cc00 0000 | 4183 c002 | 4489 81cc | 0000 0041 
  0x0000020b803841a8: 81e0 feff | 1f00 4585 | c00f 844e 

  0x0000020b803841b4: ;   {metadata(method data for {method} {0x0000020b8f455018} 'coder' '()B' in 'java/lang/String')}
  0x0000020b803841b4: 3500 0048 | b9a8 e900 | fa0b 0200 | 00ff 8120 | 0100 000f 

  0x0000020b803841c8: ;   {metadata(method data for {method} {0x0000020b8f455018} 'coder' '()B' in 'java/lang/String')}
  0x0000020b803841c8: be48 1049 | b8a8 e900 | fa0b 0200 | 0041 ff80 | 3001 0000 | c1e1 184c | 8bc1 41c1 | f818 498b 
  0x0000020b803841e8: c8d3 fe48 | 63f6 488b 

  0x0000020b803841f0: ;   {metadata(method data for {method} {0x0000020b8f41f918} 'mix' '(JLjava/lang/String;)J' in 'java/lang/StringConcatHelper')}
  0x0000020b803841f0: c849 b968 | d225 fa0b | 0200 0049 | 8381 4801 

  0x0000020b80384200: ;   {metadata(method data for {method} {0x0000020b8f455018} 'coder' '()B' in 'java/lang/String')}
  0x0000020b80384200: 0000 0148 | b9a8 e900 | fa0b 0200 | 0044 8b89 | cc00 0000 | 4183 c102 | 4489 89cc | 0000 0041 
  0x0000020b80384220: 81e1 feff | 1f00 4585 | c90f 84f7 

  0x0000020b8038422c: ;   {metadata(method data for {method} {0x0000020b8f455018} 'coder' '()B' in 'java/lang/String')}
  0x0000020b8038422c: 3400 0048 | b9a8 e900 | fa0b 0200 | 00ff 8120 

  0x0000020b8038423c: ;   {metadata(method data for {method} {0x0000020b8f455018} 'coder' '()B' in 'java/lang/String')}
  0x0000020b8038423c: 0100 0048 | b9a8 e900 | fa0b 0200 | 00ff 8130 | 0100 0041 

  0x0000020b80384250: ;   {metadata(method data for {method} {0x0000020b8f41f918} 'mix' '(JLjava/lang/String;)J' in 'java/lang/StringConcatHelper')}
  0x0000020b80384250: 83f8 0148 | b968 d225 | fa0b 0200 | 0049 c7c0 | 8001 0000 | 7507 49c7 | c090 0100 | 004e 8b0c 
  0x0000020b80384270: 014d 8d49 | 014e 890c | 010f 850d | 0000 0049 | ba00 0000 | 0001 0000 | 0049 0bf2 

  0x0000020b8038428c: ;   {metadata(method data for {method} {0x0000020b8f41f918} 'mix' '(JLjava/lang/String;)J' in 'java/lang/StringConcatHelper')}
  0x0000020b8038428c: 48b9 68d2 | 25fa 0b02 | 0000 4883 | 81a0 0100 

  0x0000020b8038429c: ;   {metadata(method data for {method} {0x0000020b8f41f398} 'checkOverflow' '(J)J' in 'java/lang/StringConcatHelper')}
  0x0000020b8038429c: 0001 48b9 | 10cf 25fa | 0b02 0000 | 448b 81cc | 0000 0041 | 83c0 0244 | 8981 cc00 | 0000 4181 
  0x0000020b803842bc: e0fe ff1f | 0045 85c0 | 0f84 7d34 | 0000 8bce 

  0x0000020b803842cc: ;   {metadata(method data for {method} {0x0000020b8f41f398} 'checkOverflow' '(J)J' in 'java/lang/StringConcatHelper')}
  0x0000020b803842cc: 85c9 48b9 | 10cf 25fa | 0b02 0000 | 49c7 c010 | 0100 007c | 0749 c7c0 | 2001 0000 | 4e8b 0c01 
  0x0000020b803842ec: 4d8d 4901 | 4e89 0c01 | 0f8c af2e 

  0x0000020b803842f8: ;   {metadata(method data for {method} {0x0000020b8f41fad0} 'simpleConcat' '(Ljava/lang/Object;Ljava/lang/Object;)Ljava/lang/String;' in 'java/lang/StringConcatHelper')}
  0x0000020b803842f8: 0000 48b9 | 6836 28fa | 0b02 0000 | 4883 8120 | 0200 0001 

  0x0000020b8038430c: ;   {metadata(method data for {method} {0x0000020b8f41f918} 'mix' '(JLjava/lang/String;)J' in 'java/lang/StringConcatHelper')}
  0x0000020b8038430c: 48b9 68d2 | 25fa 0b02 | 0000 448b | 81cc 0000 | 0041 83c0 | 0244 8981 | cc00 0000 | 4181 e0fe 
  0x0000020b8038432c: ff1f 0045 | 85c0 0f84 | 3034 0000 

  0x0000020b80384338: ;   {oop(".class"{0x0000000080000920})}
  0x0000020b80384338: 48b9 2009 | 0080 0000 | 0000 4c8b 

  0x0000020b80384344: ;   {metadata(method data for {method} {0x0000020b8f41f918} 'mix' '(JLjava/lang/String;)J' in 'java/lang/StringConcatHelper')}
  0x0000020b80384344: c149 b968 | d225 fa0b | 0200 0049 | 8381 1001 

  0x0000020b80384354: ;   {metadata(method data for {method} {0x0000020b8f00ee90} 'length' '()I' in 'java/lang/String')}
  0x0000020b80384354: 0000 0149 | b800 ed00 | fa0b 0200 | 0045 8b88 | cc00 0000 | 4183 c102 | 4589 88cc | 0000 0041 
  0x0000020b80384374: 81e1 feff | 1f00 4585 | c90f 8406 

  0x0000020b80384380: ;   {metadata(method data for {method} {0x0000020b8f00ee90} 'length' '()I' in 'java/lang/String')}
  0x0000020b80384380: 3400 0049 | b800 ed00 | fa0b 0200 | 0049 8380 | 1001 0000 

  0x0000020b80384394: ;   {metadata(method data for {method} {0x0000020b8f455018} 'coder' '()B' in 'java/lang/String')}
  0x0000020b80384394: 0148 b9a8 | e900 fa0b | 0200 0044 | 8b81 cc00 | 0000 4183 | c002 4489 | 81cc 0000 | 0041 81e0 
  0x0000020b803843b4: feff 1f00 | 4585 c00f | 84e9 3300 

  0x0000020b803843c0: ;   {metadata(method data for {method} {0x0000020b8f455018} 'coder' '()B' in 'java/lang/String')}
  0x0000020b803843c0: 0048 b9a8 | e900 fa0b | 0200 00ff | 8120 0100 

  0x0000020b803843d0: ;   {metadata(method data for {method} {0x0000020b8f455018} 'coder' '()B' in 'java/lang/String')}
  0x0000020b803843d0: 0048 b9a8 | e900 fa0b | 0200 00ff | 8130 0100 | 0049 c7c2 | 0600 0000 | 4903 f248 | 89b4 2410 
  0x0000020b803843f0: ;   {oop(".class"{0x0000000080000920})}
  0x0000020b803843f0: 0100 0048 | b920 0900 | 8000 0000 

  0x0000020b803843fc: ;   {metadata(method data for {method} {0x0000020b8f41f918} 'mix' '(JLjava/lang/String;)J' in 'java/lang/StringConcatHelper')}
  0x0000020b803843fc: 0049 b868 | d225 fa0b | 0200 0049 | 8380 4801 

  0x0000020b8038440c: ;   {metadata(method data for {method} {0x0000020b8f455018} 'coder' '()B' in 'java/lang/String')}
  0x0000020b8038440c: 0000 0148 | b9a8 e900 | fa0b 0200 | 0044 8b81 | cc00 0000 | 4183 c002 | 4489 81cc | 0000 0041 
  0x0000020b8038442c: 81e0 feff | 1f00 4585 | c00f 8490 

  0x0000020b80384438: ;   {metadata(method data for {method} {0x0000020b8f455018} 'coder' '()B' in 'java/lang/String')}
  0x0000020b80384438: 3300 0048 | b9a8 e900 | fa0b 0200 | 00ff 8120 

  0x0000020b80384448: ;   {metadata(method data for {method} {0x0000020b8f455018} 'coder' '()B' in 'java/lang/String')}
  0x0000020b80384448: 0100 0048 | b9a8 e900 | fa0b 0200 | 00ff 8130 

  0x0000020b80384458: ;   {metadata(method data for {method} {0x0000020b8f41f918} 'mix' '(JLjava/lang/String;)J' in 'java/lang/StringConcatHelper')}
  0x0000020b80384458: 0100 0048 | b968 d225 | fa0b 0200 | 00ff 8180 

  0x0000020b80384468: ;   {metadata(method data for {method} {0x0000020b8f41f918} 'mix' '(JLjava/lang/String;)J' in 'java/lang/StringConcatHelper')}
  0x0000020b80384468: 0100 0048 | b968 d225 | fa0b 0200 | 0048 8381 | a001 0000 

  0x0000020b8038447c: ;   {metadata(method data for {method} {0x0000020b8f41f398} 'checkOverflow' '(J)J' in 'java/lang/StringConcatHelper')}
  0x0000020b8038447c: 0148 b910 | cf25 fa0b | 0200 0044 | 8b81 cc00 | 0000 4183 | c002 4489 | 81cc 0000 | 0041 81e0 
  0x0000020b8038449c: feff 1f00 | 4585 c00f | 8443 3300 | 0044 8bc6 

  0x0000020b803844ac: ;   {metadata(method data for {method} {0x0000020b8f41f398} 'checkOverflow' '(J)J' in 'java/lang/StringConcatHelper')}
  0x0000020b803844ac: 4585 c048 | b910 cf25 | fa0b 0200 | 0049 c7c1 | 1001 0000 | 7c07 49c7 | c120 0100 | 004a 8b14 
  0x0000020b803844cc: 0948 8d52 | 014a 8914 | 090f 8c26 

  0x0000020b803844d8: ;   {metadata(method data for {method} {0x0000020b8f41fad0} 'simpleConcat' '(Ljava/lang/Object;Ljava/lang/Object;)Ljava/lang/String;' in 'java/lang/StringConcatHelper')}
  0x0000020b803844d8: 2c00 0048 | b968 3628 | fa0b 0200 | 0048 8381 | 3002 0000 

  0x0000020b803844ec: ;   {metadata(method data for {method} {0x0000020b8f41fbd8} 'newArray' '(J)[B' in 'java/lang/StringConcatHelper')}
  0x0000020b803844ec: 0148 b918 | 5a05 fa0b | 0200 0044 | 8b89 cc00 | 0000 4183 | c102 4489 | 89cc 0000 | 0041 81e1 
  0x0000020b8038450c: feff 1f00 | 4585 c90f | 84f4 3200 | 00b9 2000 | 0000 4c8b | ce49 d3f9 | 458b c945 | 0fbe c949 
  0x0000020b8038452c: 8bc9 4d8b | c841 d3e1 

  0x0000020b80384534: ;   {metadata(method data for {method} {0x0000020b8f41fbd8} 'newArray' '(J)[B' in 'java/lang/StringConcatHelper')}
  0x0000020b80384534: 4585 c949 | b818 5a05 | fa0b 0200 | 0048 c7c2 | 2001 0000 | 7c07 48c7 | c210 0100 | 0049 8b3c 
  0x0000020b80384554: 1048 8d7f | 0149 893c | 1048 8984 | 2418 0100 | 000f 8cf9 

  0x0000020b80384568: ;   {oop(a 'jdk/internal/misc/Unsafe'{0x00000000800002c0})}
  0x0000020b80384568: 2a00 0048 | bac0 0200 | 8000 0000 | 004c 8bc2 

  0x0000020b80384578: ;   {metadata(method data for {method} {0x0000020b8f41fbd8} 'newArray' '(J)[B' in 'java/lang/StringConcatHelper')}
  0x0000020b80384578: 48bf 185a | 05fa 0b02 | 0000 4883 | 8740 0100 

  0x0000020b80384588: ;   {oop(a 'java/lang/Class'{0x00000000800002d0} = byte)}
  0x0000020b80384588: 0001 49b8 | d002 0080 | 0000 0000 

  0x0000020b80384594: ;   {optimized virtual_call}
  0x0000020b80384594: 6666 90e8 

  0x0000020b80384598: ; ImmutableOopMap {[200]=Oop [208]=Oop [216]=Oop [224]=Oop [248]=Oop [280]=Oop }
                      ;*invokevirtual allocateUninitializedArray {reexecute=0 rethrow=0 return_oop=0}
                      ; - java.lang.StringConcatHelper::newArray@33
                      ; - java.lang.StringConcatHelper::simpleConcat@61
                      ; - java.lang.String::concat@11
                      ; - org.eclipse.osgi.internal.loader.classpath.ClasspathManager::findClassImpl@87 (line 673)
  0x0000020b80384598: 84f3 ceff 

  0x0000020b8038459c: ;   {other}
  0x0000020b8038459c: 0f1f 8400 | 8c21 000f | 4885 c075 

  0x0000020b803845a8: ;   {metadata(method data for {method} {0x0000020b8f41fbd8} 'newArray' '(J)[B' in 'java/lang/StringConcatHelper')}
  0x0000020b803845a8: 1749 b818 | 5a05 fa0b | 0200 0041 | 8088 7101 | 0000 01e9 | cf00 0000 

  0x0000020b803845c0: ;   {metadata({type array byte})}
  0x0000020b803845c0: 49b9 1823 | 008f 0b02 | 0000 448b | 4008 49ba | 0000 008f | 0b02 0000 | 4d03 c24d | 3b48 380f 
  0x0000020b803845e0: 858e 0000 

  0x0000020b803845e4: ;   {metadata(method data for {method} {0x0000020b8f41fbd8} 'newArray' '(J)[B' in 'java/lang/StringConcatHelper')}
  0x0000020b803845e4: 0049 b818 | 5a05 fa0b | 0200 0044 | 8b48 0849 | ba00 0000 | 8f0b 0200 | 004d 03ca | 4d3b 8888 
  0x0000020b80384604: 0100 0075 | 0d49 8380 | 9001 0000 | 01e9 7900 | 0000 4d3b | 8898 0100 | 0075 0d49 | 8380 a001 
  0x0000020b80384624: 0000 01e9 | 6300 0000 | 4983 b888 | 0100 0000 | 7517 4d89 | 8888 0100 | 0049 c780 | 9001 0000 
  0x0000020b80384644: 0100 0000 | e942 0000 | 0049 83b8 | 9801 0000 | 0075 174d | 8988 9801 | 0000 49c7 | 80a0 0100 
  0x0000020b80384664: 0001 0000 | 00e9 2100 | 0000 e91c 

  0x0000020b80384670: ;   {metadata(method data for {method} {0x0000020b8f41fbd8} 'newArray' '(J)[B' in 'java/lang/StringConcatHelper')}
  0x0000020b80384670: 0000 0049 | b818 5a05 | fa0b 0200 | 0049 83a8 | 7801 0000 | 01e9 a431 | 0000 e900 | 0000 0048 
  0x0000020b80384690: ;   {metadata(method data for {method} {0x0000020b8f41fad0} 'simpleConcat' '(Ljava/lang/Object;Ljava/lang/Object;)Ljava/lang/String;' in 'java/lang/StringConcatHelper')}
  0x0000020b80384690: 8bf0 48ba | 6836 28fa | 0b02 0000 | 4883 8240 | 0200 0001 

  0x0000020b803846a4: ;   {oop(".class"{0x0000000080000920})}
  0x0000020b803846a4: 49b9 2009 | 0080 0000 | 0000 488b | 9424 1001 | 0000 4c8b | c648 89b4 | 2420 0100 | 0066 0f1f 
  0x0000020b803846c4: ;   {static_call}
  0x0000020b803846c4: 4400 00e8 

  0x0000020b803846c8: ; ImmutableOopMap {[200]=Oop [208]=Oop [216]=Oop [224]=Oop [248]=Oop [280]=Oop [288]=Oop }
                      ;*invokestatic prepend {reexecute=0 rethrow=0 return_oop=0}
                      ; - java.lang.StringConcatHelper::simpleConcat@71
                      ; - java.lang.String::concat@11
                      ; - org.eclipse.osgi.internal.loader.classpath.ClasspathManager::findClassImpl@87 (line 673)
  0x0000020b803846c8: 94ef daff 

  0x0000020b803846cc: ;   {other}
  0x0000020b803846cc: 0f1f 8400 | bc22 0010 

  0x0000020b803846d4: ;   {metadata(method data for {method} {0x0000020b8f41fad0} 'simpleConcat' '(Ljava/lang/Object;Ljava/lang/Object;)Ljava/lang/String;' in 'java/lang/StringConcatHelper')}
  0x0000020b803846d4: 48ba 6836 | 28fa 0b02 | 0000 4883 | 8250 0200 | 0001 488b | d04c 8b84 | 2420 0100 | 004c 8b8c 
  0x0000020b803846f4: 2418 0100 | 0066 0f1f 

  0x0000020b803846fc: ;   {static_call}
  0x0000020b803846fc: 4400 00e8 

  0x0000020b80384700: ; ImmutableOopMap {[200]=Oop [208]=Oop [216]=Oop [224]=Oop [248]=Oop [288]=Oop }
                      ;*invokestatic prepend {reexecute=0 rethrow=0 return_oop=0}
                      ; - java.lang.StringConcatHelper::simpleConcat@81
                      ; - java.lang.String::concat@11
                      ; - org.eclipse.osgi.internal.loader.classpath.ClasspathManager::findClassImpl@87 (line 673)
  0x0000020b80384700: 5cef daff 

  0x0000020b80384704: ;   {other}
  0x0000020b80384704: 0f1f 8400 | f422 0011 

  0x0000020b8038470c: ;   {metadata(method data for {method} {0x0000020b8f41fad0} 'simpleConcat' '(Ljava/lang/Object;Ljava/lang/Object;)Ljava/lang/String;' in 'java/lang/StringConcatHelper')}
  0x0000020b8038470c: 48ba 6836 | 28fa 0b02 | 0000 4883 | 8260 0200 | 0001 488b | 9424 2001 | 0000 4c8b | c066 0f1f 
  0x0000020b8038472c: ;   {static_call}
  0x0000020b8038472c: 4400 00e8 

  0x0000020b80384730: ; ImmutableOopMap {[200]=Oop [208]=Oop [216]=Oop [224]=Oop [248]=Oop }
                      ;*invokestatic newString {reexecute=0 rethrow=0 return_oop=0}
                      ; - java.lang.StringConcatHelper::simpleConcat@90
                      ; - java.lang.String::concat@11
                      ; - org.eclipse.osgi.internal.loader.classpath.ClasspathManager::findClassImpl@87 (line 673)
  0x0000020b80384730: 4ca7 dcff 

  0x0000020b80384734: ;   {other}
  0x0000020b80384734: 0f1f 8400 | 2423 0012 | 4c8b 8c24 | d000 0000 

  0x0000020b80384744: ; implicit exception: dispatches to 0x0000020b80387837
  0x0000020b80384744: 493b 014d 

  0x0000020b80384748: ;   {metadata(method data for {method} {0x0000020bfa68a538} 'findClassImpl' '(Ljava/lang/String;Lorg/eclipse/osgi/internal/loader/classpath/ClasspathEntry;Ljava/util/List;)Ljava/lang/Class;' in 'org/eclipse/osgi/internal/loader/classpath/ClasspathManager')}
  0x0000020b80384748: 8bc1 48ba | 88f3 9dfa | 0b02 0000 

  0x0000020b80384754: ;   {metadata('org/eclipse/osgi/internal/loader/classpath/ClasspathEntry')}
  0x0000020b80384754: 49ba d8b7 | 0b90 0b02 | 0000 4c89 | 9228 0400 | 0048 8382 | 3004 0000 | 014c 8bc0 | 498b d148 
  0x0000020b80384774: 8984 2428 | 0100 000f 

  0x0000020b8038477c: ;   {optimized virtual_call}
  0x0000020b8038477c: 1f40 00e8 

  0x0000020b80384780: ; ImmutableOopMap {[200]=Oop [208]=Oop [216]=Oop [224]=Oop [248]=Oop [296]=Oop }
                      ;*invokevirtual findEntry {reexecute=0 rethrow=0 return_oop=0}
                      ; - org.eclipse.osgi.internal.loader.classpath.ClasspathManager::findClassImpl@95 (line 675)
  0x0000020b80384780: 093a 0000 

  0x0000020b80384784: ;   {other}
  0x0000020b80384784: 0f1f 8400 | 7423 0013 

  0x0000020b8038478c: ;   {metadata(method data for {method} {0x0000020bfa68a538} 'findClassImpl' '(Ljava/lang/String;Lorg/eclipse/osgi/internal/loader/classpath/ClasspathEntry;Ljava/util/List;)Ljava/lang/Class;' in 'org/eclipse/osgi/internal/loader/classpath/ClasspathManager')}
  0x0000020b8038478c: 4885 c048 | ba88 f39d | fa0b 0200 | 0048 c7c6 | 6004 0000 | 7407 48c7 | c650 0400 | 0048 8b3c 
  0x0000020b803847ac: 3248 8d7f | 0148 893c | 320f 84d4 | 2300 0048 | 3b00 488b 

  0x0000020b803847c0: ;   {metadata(method data for {method} {0x0000020bfa68a538} 'findClassImpl' '(Ljava/lang/String;Lorg/eclipse/osgi/internal/loader/classpath/ClasspathEntry;Ljava/util/List;)Ljava/lang/Class;' in 'org/eclipse/osgi/internal/loader/classpath/ClasspathManager')}
  0x0000020b803847c0: d048 be88 | f39d fa0b | 0200 008b | 5208 49ba | 0000 008f | 0b02 0000 | 4903 d248 | 3b96 8004 
  0x0000020b803847e0: 0000 750d | 4883 8688 | 0400 0001 | e960 0000 | 0048 3b96 | 9004 0000 | 750d 4883 | 8698 0400 
  0x0000020b80384800: 0001 e94a | 0000 0048 | 83be 8004 | 0000 0075 | 1748 8996 | 8004 0000 | 48c7 8688 | 0400 0001 
  0x0000020b80384820: 0000 00e9 | 2900 0000 | 4883 be90 | 0400 0000 | 7517 4889 | 9690 0400 | 0048 c786 | 9804 0000 
  0x0000020b80384840: 0100 0000 | e908 0000 | 0048 8386 | 7004 0000 | 0148 8bd0 | 4889 8424 | 3001 0000 

  0x0000020b8038485c: ;   {optimized virtual_call}
  0x0000020b8038485c: 6666 90e8 

  0x0000020b80384860: ; ImmutableOopMap {[200]=Oop [208]=Oop [216]=Oop [224]=Oop [248]=Oop [296]=Oop [304]=Oop }
                      ;*invokevirtual getBytes {reexecute=0 rethrow=0 return_oop=0}
                      ; - org.eclipse.osgi.internal.loader.classpath.ClasspathManager::findClassImpl@109 (line 681)
  0x0000020b80384860: 3939 0000 

  0x0000020b80384864: ;   {other}
  0x0000020b80384864: 0f1f 8400 | 5424 0014 | 4889 8424 | 3801 0000 

  0x0000020b80384874: ;   {metadata(method data for {method} {0x0000020bfa68a538} 'findClassImpl' '(Ljava/lang/String;Lorg/eclipse/osgi/internal/loader/classpath/ClasspathEntry;Ljava/util/List;)Ljava/lang/Class;' in 'org/eclipse/osgi/internal/loader/classpath/ClasspathManager')}
  0x0000020b80384874: 48ba 88f3 | 9dfa 0b02 | 0000 ff82 | a804 0000 | 488b 9c24 | f800 0000 

  0x0000020b8038488c: ;   {metadata(method data for {method} {0x0000020bfa68a538} 'findClassImpl' '(Ljava/lang/String;Lorg/eclipse/osgi/internal/loader/classpath/ClasspathEntry;Ljava/util/List;)Ljava/lang/Class;' in 'org/eclipse/osgi/internal/loader/classpath/ClasspathManager')}
  0x0000020b8038488c: 4885 db48 | ba88 f39d | fa0b 0200 | 0048 c7c6 | 4007 0000 | 7407 48c7 | c650 0700 | 0048 8b3c 
  0x0000020b803848ac: 3248 8d7f | 0148 893c | 320f 849e | 1b00 0048 | 8b94 24c8 | 0000 0044 | 8b5a 184c | 899c 2448 
  0x0000020b803848cc: 0100 0090 

  0x0000020b803848d0: ;   {no_reloc}
  0x0000020b803848d0: e97b 2f00 | 0000 0000 | 0000 498b | 87b8 0100 | 0048 8d78 | 1849 3bbf | c801 0000 | 0f87 682f 
  0x0000020b803848f0: 0000 4989 | bfb8 0100 | 0048 c700 | 0100 0000 | 488b ca49 | ba00 0000 | 8f0b 0200 | 0049 2bca 
  0x0000020b80384910: 8948 0848 | 33c9 8948 | 0c48 33c9 | 4889 4810 | 4889 8424 | 4001 0000 

  0x0000020b80384928: ;   {metadata(method data for {method} {0x0000020bfa68a538} 'findClassImpl' '(Ljava/lang/String;Lorg/eclipse/osgi/internal/loader/classpath/ClasspathEntry;Ljava/util/List;)Ljava/lang/Class;' in 'org/eclipse/osgi/internal/loader/classpath/ClasspathManager')}
  0x0000020b80384928: 4c8b c048 | ba88 f39d | fa0b 0200 | 0048 8382 | 6007 0000 

  0x0000020b8038493c: ;   {metadata(method data for {method} {0x0000020b8f461da8} '<init>' '(Ljava/lang/String;)V' in 'java/lang/StringBuilder')}
  0x0000020b8038493c: 0149 b8e8 | 3430 fa0b | 0200 0041 | 8b90 cc00 | 0000 83c2 | 0241 8990 | cc00 0000 | 81e2 feff 
  0x0000020b8038495c: 1f00 85d2 | 0f84 012f | 0000 4c8b 

  0x0000020b80384968: ;   {metadata(method data for {method} {0x0000020b8f461da8} '<init>' '(Ljava/lang/String;)V' in 'java/lang/StringBuilder')}
  0x0000020b80384968: c048 bae8 | 3430 fa0b | 0200 0048 | 8382 1001 

  0x0000020b80384978: ;   {oop("  read "{0x00000000d57b0588})}
  0x0000020b80384978: 0000 0149 | b888 057b | d500 0000 | 0048 8bd0 | 0f1f 8000 

  0x0000020b8038498c: ;   {optimized virtual_call}
  0x0000020b8038498c: 0000 00e8 

  0x0000020b80384990: ; ImmutableOopMap {[200]=Oop [208]=Oop [216]=Oop [224]=Oop [248]=Oop [296]=Oop [304]=Oop [312]=Oop [320]=Oop [328]=Oop }
                      ;*invokespecial <init> {reexecute=0 rethrow=0 return_oop=0}
                      ; - java.lang.StringBuilder::<init>@2
                      ; - org.eclipse.osgi.internal.loader.classpath.ClasspathManager::findClassImpl@215 (line 690)
  0x0000020b80384990: ec9d 1f07 

  0x0000020b80384994: ;   {other}
  0x0000020b80384994: 0f1f 8400 | 8425 0015 | 488b 8424 | 3801 0000 

  0x0000020b803849a4: ; implicit exception: dispatches to 0x0000020b80387888
  0x0000020b803849a4: 448b 400c | 488b 9424 | 4001 0000 

  0x0000020b803849b0: ;   {metadata(method data for {method} {0x0000020bfa68a538} 'findClassImpl' '(Ljava/lang/String;Lorg/eclipse/osgi/internal/loader/classpath/ClasspathEntry;Ljava/util/List;)Ljava/lang/Class;' in 'org/eclipse/osgi/internal/loader/classpath/ClasspathManager')}
  0x0000020b803849b0: 48be 88f3 | 9dfa 0b02 | 0000 4883 | 8670 0700 

  0x0000020b803849c0: ;   {metadata(method data for {method} {0x0000020b8f461880} 'append' '(I)Ljava/lang/StringBuilder;' in 'java/lang/StringBuilder')}
  0x0000020b803849c0: 0001 48ba | 48c5 00fa | 0b02 0000 | 8bb2 cc00 | 0000 83c6 | 0289 b2cc | 0000 0081 | e6fe ff1f 
  0x0000020b803849e0: 0085 f60f | 84a4 2e00 | 0048 8b94 | 2440 0100 

  0x0000020b803849f0: ;   {metadata(method data for {method} {0x0000020b8f461880} 'append' '(I)Ljava/lang/StringBuilder;' in 'java/lang/StringBuilder')}
  0x0000020b803849f0: 0048 be48 | c500 fa0b | 0200 0048 | 8386 1001 | 0000 0148 | 8b94 2440 | 0100 000f 

  0x0000020b80384a0c: ;   {optimized virtual_call}
  0x0000020b80384a0c: 1f40 00e8 

  0x0000020b80384a10: ; ImmutableOopMap {[200]=Oop [208]=Oop [216]=Oop [224]=Oop [248]=Oop [296]=Oop [304]=Oop [312]=Oop [320]=Oop [328]=Oop }
                      ;*invokespecial append {reexecute=0 rethrow=0 return_oop=0}
                      ; - java.lang.StringBuilder::append@2
                      ; - org.eclipse.osgi.internal.loader.classpath.ClasspathManager::findClassImpl@221 (line 690)
  0x0000020b80384a10: 6c9d 1f07 

  0x0000020b80384a14: ;   {other}
  0x0000020b80384a14: 0f1f 8400 | 0426 0016 | 488b 8424 | 4001 0000 

  0x0000020b80384a24: ;   {metadata(method data for {method} {0x0000020bfa68a538} 'findClassImpl' '(Ljava/lang/String;Lorg/eclipse/osgi/internal/loader/classpath/ClasspathEntry;Ljava/util/List;)Ljava/lang/Class;' in 'org/eclipse/osgi/internal/loader/classpath/ClasspathManager')}
  0x0000020b80384a24: 49b8 88f3 | 9dfa 0b02 | 0000 4983 | 80a8 0700 

  0x0000020b80384a34: ;   {metadata(method data for {method} {0x0000020b8f461ae8} 'append' '(Ljava/lang/String;)Ljava/lang/StringBuilder;' in 'java/lang/StringBuilder')}
  0x0000020b80384a34: 0001 49b8 | a0c1 00fa | 0b02 0000 | 418b 90cc | 0000 0083 | c202 4189 | 90cc 0000 | 0081 e2fe 
  0x0000020b80384a54: ff1f 0085 | d20f 844f | 2e00 0048 | 8b84 2440 

  0x0000020b80384a64: ;   {metadata(method data for {method} {0x0000020b8f461ae8} 'append' '(Ljava/lang/String;)Ljava/lang/StringBuilder;' in 'java/lang/StringBuilder')}
  0x0000020b80384a64: 0100 0049 | b8a0 c100 | fa0b 0200 | 0049 8380 | 1001 0000 

  0x0000020b80384a78: ;   {oop(" bytes from "{0x00000000d57b05b8})}
  0x0000020b80384a78: 0149 b8b8 | 057b d500 | 0000 0048 | 8b94 2440 | 0100 000f 

  0x0000020b80384a8c: ;   {optimized virtual_call}
  0x0000020b80384a8c: 1f40 00e8 

  0x0000020b80384a90: ; ImmutableOopMap {[200]=Oop [208]=Oop [216]=Oop [224]=Oop [248]=Oop [296]=Oop [304]=Oop [312]=Oop [320]=Oop [328]=Oop }
                      ;*invokespecial append {reexecute=0 rethrow=0 return_oop=0}
                      ; - java.lang.StringBuilder::append@2
                      ; - org.eclipse.osgi.internal.loader.classpath.ClasspathManager::findClassImpl@227 (line 690)
  0x0000020b80384a90: ec9c 1f07 

  0x0000020b80384a94: ;   {other}
  0x0000020b80384a94: 0f1f 8400 | 8426 0017 | 4c8b 8c24 | d000 0000 

  0x0000020b80384aa4: ;   {metadata(method data for {method} {0x0000020bfa68a538} 'findClassImpl' '(Ljava/lang/String;Lorg/eclipse/osgi/internal/loader/classpath/ClasspathEntry;Ljava/util/List;)Ljava/lang/Class;' in 'org/eclipse/osgi/internal/loader/classpath/ClasspathManager')}
  0x0000020b80384aa4: 49b8 88f3 | 9dfa 0b02 

  0x0000020b80384aac: ;   {metadata('org/eclipse/osgi/internal/loader/classpath/ClasspathEntry')}
  0x0000020b80384aac: 0000 49ba | d8b7 0b90 | 0b02 0000 | 4d89 90f0 | 0700 0049 | 8380 f807 | 0000 014c | 8b8c 24d0 
  0x0000020b80384acc: 0000 0045 | 8b41 0c48 | 8b84 2440 

  0x0000020b80384ad8: ;   {metadata(method data for {method} {0x0000020bfa68a538} 'findClassImpl' '(Ljava/lang/String;Lorg/eclipse/osgi/internal/loader/classpath/ClasspathEntry;Ljava/util/List;)Ljava/lang/Class;' in 'org/eclipse/osgi/internal/loader/classpath/ClasspathManager')}
  0x0000020b80384ad8: 0100 0048 | ba88 f39d | fa0b 0200 | 0048 8382 | 1808 0000 

  0x0000020b80384aec: ;   {metadata(method data for {method} {0x0000020b8f461b40} 'append' '(Ljava/lang/Object;)Ljava/lang/StringBuilder;' in 'java/lang/StringBuilder')}
  0x0000020b80384aec: 0148 bad0 | c90e fa0b | 0200 008b | b2cc 0000 | 0083 c602 | 89b2 cc00 | 0000 81e6 | feff 1f00 
  0x0000020b80384b0c: 85f6 0f84 | bb2d 0000 

  0x0000020b80384b14: ;   {metadata(method data for {method} {0x0000020b8f461b40} 'append' '(Ljava/lang/Object;)Ljava/lang/StringBuilder;' in 'java/lang/StringBuilder')}
  0x0000020b80384b14: 48ba d0c9 | 0efa 0b02 | 0000 4883 | 8210 0100 

  0x0000020b80384b24: ;   {metadata(method data for {method} {0x0000020b8f455280} 'valueOf' '(Ljava/lang/Object;)Ljava/lang/String;' in 'java/lang/String')}
  0x0000020b80384b24: 0001 48ba | 70cb 0efa | 0b02 0000 | 8bb2 cc00 | 0000 83c6 | 0289 b2cc | 0000 0081 | e6fe ff1f 
  0x0000020b80384b44: 0085 f60f | 84a3 2d00 | 004d 85c0 

  0x0000020b80384b50: ;   {metadata(method data for {method} {0x0000020b8f455280} 'valueOf' '(Ljava/lang/Object;)Ljava/lang/String;' in 'java/lang/String')}
  0x0000020b80384b50: 48ba 70cb | 0efa 0b02 | 0000 48c7 | c610 0100 | 0075 0748 | c7c6 2001 | 0000 488b | 3c32 488d 
  0x0000020b80384b70: 7f01 4889 | 3c32 0f85 | 2000 0000 

  0x0000020b80384b7c: ;   {metadata(method data for {method} {0x0000020b8f455280} 'valueOf' '(Ljava/lang/Object;)Ljava/lang/String;' in 'java/lang/String')}
  0x0000020b80384b7c: 49b8 70cb | 0efa 0b02 | 0000 41ff | 8030 0100 

  0x0000020b80384b8c: ;   {oop("null"{0x00000000800002a8})}
  0x0000020b80384b8c: 0049 b8a8 | 0200 8000 | 0000 00e9 | aa01 0000 

  0x0000020b80384b9c: ; implicit exception: dispatches to 0x0000020b80387911
  0x0000020b80384b9c: 493b 0049 

  0x0000020b80384ba0: ;   {metadata(method data for {method} {0x0000020b8f455280} 'valueOf' '(Ljava/lang/Object;)Ljava/lang/String;' in 'java/lang/String')}
  0x0000020b80384ba0: 8bd0 48be | 70cb 0efa | 0b02 0000 | 8b52 0849 | ba00 0000 | 8f0b 0200 | 0049 03d2 | 483b 9658 
  0x0000020b80384bc0: 0100 0075 | 0d48 8386 | 6001 0000 | 01e9 6000 | 0000 483b | 9668 0100 | 0075 0d48 | 8386 7001 
  0x0000020b80384be0: 0000 01e9 | 4a00 0000 | 4883 be58 | 0100 0000 | 7517 4889 | 9658 0100 | 0048 c786 | 6001 0000 
  0x0000020b80384c00: 0100 0000 | e929 0000 | 0048 83be | 6801 0000 | 0075 1748 | 8996 6801 | 0000 48c7 | 8670 0100 
  0x0000020b80384c20: 0001 0000 | 00e9 0800 | 0000 4883 | 8648 0100 

  0x0000020b80384c30: ;   {metadata(method data for {method} {0x0000020bfa540008} 'toString' '()Ljava/lang/String;' in 'org/eclipse/osgi/storage/bundlefile/BundleFile')}
  0x0000020b80384c30: 0001 48ba | 70b9 91fa | 0b02 0000 | 8bb2 cc00 | 0000 83c6 | 0289 b2cc | 0000 0081 | e6fe ff1f 
  0x0000020b80384c50: 0085 f60f | 84bd 2c00 | 0045 8b40 

  0x0000020b80384c5c: ;   {metadata(method data for {method} {0x0000020bfa540008} 'toString' '()Ljava/lang/String;' in 'org/eclipse/osgi/storage/bundlefile/BundleFile')}
  0x0000020b80384c5c: 1048 ba70 | b991 fa0b | 0200 0048 | 8382 1001 

  0x0000020b80384c6c: ;   {metadata(method data for {method} {0x0000020b8f455280} 'valueOf' '(Ljava/lang/Object;)Ljava/lang/String;' in 'java/lang/String')}
  0x0000020b80384c6c: 0000 0148 | ba70 cb0e | fa0b 0200 | 008b b2cc | 0000 0083 | c602 89b2 | cc00 0000 | 81e6 feff 
  0x0000020b80384c8c: 1f00 85f6 | 0f84 a12c | 0000 4d85 

  0x0000020b80384c98: ;   {metadata(method data for {method} {0x0000020b8f455280} 'valueOf' '(Ljava/lang/Object;)Ljava/lang/String;' in 'java/lang/String')}
  0x0000020b80384c98: c048 ba70 | cb0e fa0b | 0200 0048 | c7c6 1001 | 0000 7507 | 48c7 c620 | 0100 0048 | 8b3c 3248 
  0x0000020b80384cb8: 8d7f 0148 | 893c 320f | 8520 0000 

  0x0000020b80384cc4: ;   {metadata(method data for {method} {0x0000020b8f455280} 'valueOf' '(Ljava/lang/Object;)Ljava/lang/String;' in 'java/lang/String')}
  0x0000020b80384cc4: 0049 b870 | cb0e fa0b | 0200 0041 | ff80 3001 

  0x0000020b80384cd4: ;   {oop("null"{0x00000000800002a8})}
  0x0000020b80384cd4: 0000 49b8 | a802 0080 | 0000 0000 | e961 0000 | 0049 3b00 

  0x0000020b80384ce8: ;   {metadata(method data for {method} {0x0000020b8f455280} 'valueOf' '(Ljava/lang/Object;)Ljava/lang/String;' in 'java/lang/String')}
  0x0000020b80384ce8: 498b d048 | be70 cb0e | fa0b 0200 

  0x0000020b80384cf4: ;   {metadata(method data for {method} {0x0000020b8f050de0} 'toString' '()Ljava/lang/String;' in 'java/io/File')}
  0x0000020b80384cf4: 0048 bad0 | c587 fa0b | 0200 008b | b2cc 0000 | 0083 c602 | 89b2 cc00 | 0000 81e6 | feff 1f00 
  0x0000020b80384d14: 85f6 0f84 | 412c 0000 

  0x0000020b80384d1c: ;   {metadata(method data for {method} {0x0000020b8f050de0} 'toString' '()Ljava/lang/String;' in 'java/io/File')}
  0x0000020b80384d1c: 498b d048 | bed0 c587 | fa0b 0200 

  0x0000020b80384d28: ;   {metadata('java/io/File')}
  0x0000020b80384d28: 0049 ba10 | f604 8f0b | 0200 004c | 8996 2001 | 0000 4883 | 8628 0100 | 0001 458b | 4010 488b 
  0x0000020b80384d48: 8424 4001 

  0x0000020b80384d4c: ;   {metadata(method data for {method} {0x0000020b8f461b40} 'append' '(Ljava/lang/Object;)Ljava/lang/StringBuilder;' in 'java/lang/StringBuilder')}
  0x0000020b80384d4c: 0000 48ba | d0c9 0efa | 0b02 0000 | 4883 8220 | 0100 0001 

  0x0000020b80384d60: ;   {metadata(method data for {method} {0x0000020b8f461ae8} 'append' '(Ljava/lang/String;)Ljava/lang/StringBuilder;' in 'java/lang/StringBuilder')}
  0x0000020b80384d60: 48ba a0c1 | 00fa 0b02 | 0000 8bb2 | cc00 0000 | 83c6 0289 | b2cc 0000 | 0081 e6fe | ff1f 0085 
  0x0000020b80384d80: f60f 84f7 | 2b00 0048 | 8b84 2440 

  0x0000020b80384d8c: ;   {metadata(method data for {method} {0x0000020b8f461ae8} 'append' '(Ljava/lang/String;)Ljava/lang/StringBuilder;' in 'java/lang/StringBuilder')}
  0x0000020b80384d8c: 0100 0048 | baa0 c100 | fa0b 0200 | 0048 8382 | 1001 0000 | 0148 8b94 | 2440 0100 | 0066 0f1f 
  0x0000020b80384dac: ;   {optimized virtual_call}
  0x0000020b80384dac: 4400 00e8 

  0x0000020b80384db0: ; ImmutableOopMap {[200]=Oop [208]=Oop [216]=Oop [224]=Oop [248]=Oop [296]=Oop [304]=Oop [312]=Oop [320]=Oop [328]=Oop }
                      ;*invokespecial append {reexecute=0 rethrow=0 return_oop=0}
                      ; - java.lang.StringBuilder::append@2
                      ; - java.lang.StringBuilder::append@5
                      ; - org.eclipse.osgi.internal.loader.classpath.ClasspathManager::findClassImpl@234 (line 690)
  0x0000020b80384db0: cc99 1f07 

  0x0000020b80384db4: ;   {other}
  0x0000020b80384db4: 0f1f 8400 | a429 0018 | 488b 8424 | 4001 0000 

  0x0000020b80384dc4: ;   {metadata(method data for {method} {0x0000020bfa68a538} 'findClassImpl' '(Ljava/lang/String;Lorg/eclipse/osgi/internal/loader/classpath/ClasspathEntry;Ljava/util/List;)Ljava/lang/Class;' in 'org/eclipse/osgi/internal/loader/classpath/ClasspathManager')}
  0x0000020b80384dc4: 4c8b c048 | ba88 f39d | fa0b 0200 | 0048 8382 | 5008 0000 

  0x0000020b80384dd8: ;   {metadata(method data for {method} {0x0000020b8f461ae8} 'append' '(Ljava/lang/String;)Ljava/lang/StringBuilder;' in 'java/lang/StringBuilder')}
  0x0000020b80384dd8: 0149 b8a0 | c100 fa0b | 0200 0041 | 8b90 cc00 | 0000 83c2 | 0241 8990 | cc00 0000 | 81e2 feff 
  0x0000020b80384df8: 1f00 85d2 | 0f84 9d2b | 0000 4c8b 

  0x0000020b80384e04: ;   {metadata(method data for {method} {0x0000020b8f461ae8} 'append' '(Ljava/lang/String;)Ljava/lang/StringBuilder;' in 'java/lang/StringBuilder')}
  0x0000020b80384e04: c048 baa0 | c100 fa0b | 0200 0048 | 8382 1001 

  0x0000020b80384e14: ;   {oop("!/"{0x00000000d74232f0})}
  0x0000020b80384e14: 0000 0149 | b8f0 3242 | d700 0000 | 0048 8bd0 

  0x0000020b80384e24: ;   {optimized virtual_call}
  0x0000020b80384e24: 6666 90e8 

  0x0000020b80384e28: ; ImmutableOopMap {[200]=Oop [208]=Oop [216]=Oop [224]=Oop [248]=Oop [296]=Oop [304]=Oop [312]=Oop [320]=Oop [328]=Oop }
                      ;*invokespecial append {reexecute=0 rethrow=0 return_oop=0}
                      ; - java.lang.StringBuilder::append@2
                      ; - org.eclipse.osgi.internal.loader.classpath.ClasspathManager::findClassImpl@240 (line 690)
  0x0000020b80384e28: 5499 1f07 

  0x0000020b80384e2c: ;   {other}
  0x0000020b80384e2c: 0f1f 8400 | 1c2a 0019 | 488b 8424 | 4001 0000 

  0x0000020b80384e3c: ;   {metadata(method data for {method} {0x0000020bfa68a538} 'findClassImpl' '(Ljava/lang/String;Lorg/eclipse/osgi/internal/loader/classpath/ClasspathEntry;Ljava/util/List;)Ljava/lang/Class;' in 'org/eclipse/osgi/internal/loader/classpath/ClasspathManager')}
  0x0000020b80384e3c: 49b8 88f3 | 9dfa 0b02 | 0000 4983 | 8088 0800 

  0x0000020b80384e4c: ;   {metadata(method data for {method} {0x0000020b8f461ae8} 'append' '(Ljava/lang/String;)Ljava/lang/StringBuilder;' in 'java/lang/StringBuilder')}
  0x0000020b80384e4c: 0001 49b8 | a0c1 00fa | 0b02 0000 | 418b 90cc | 0000 0083 | c202 4189 | 90cc 0000 | 0081 e2fe 
  0x0000020b80384e6c: ff1f 0085 | d20f 8449 | 2b00 0048 | 8b84 2440 

  0x0000020b80384e7c: ;   {metadata(method data for {method} {0x0000020b8f461ae8} 'append' '(Ljava/lang/String;)Ljava/lang/StringBuilder;' in 'java/lang/StringBuilder')}
  0x0000020b80384e7c: 0100 0049 | b8a0 c100 | fa0b 0200 | 0049 8380 | 1001 0000 | 014c 8b84 | 2428 0100 | 0048 8b94 
  0x0000020b80384e9c: 2440 0100 | 0066 0f1f 

  0x0000020b80384ea4: ;   {optimized virtual_call}
  0x0000020b80384ea4: 4400 00e8 

  0x0000020b80384ea8: ; ImmutableOopMap {[200]=Oop [208]=Oop [216]=Oop [224]=Oop [248]=Oop [304]=Oop [312]=Oop [320]=Oop [328]=Oop }
                      ;*invokespecial append {reexecute=0 rethrow=0 return_oop=0}
                      ; - java.lang.StringBuilder::append@2
                      ; - org.eclipse.osgi.internal.loader.classpath.ClasspathManager::findClassImpl@245 (line 690)
  0x0000020b80384ea8: d498 1f07 

  0x0000020b80384eac: ;   {other}
  0x0000020b80384eac: 0f1f 8400 | 9c2a 001a | 488b 8424 | 4001 0000 

  0x0000020b80384ebc: ;   {metadata(method data for {method} {0x0000020bfa68a538} 'findClassImpl' '(Ljava/lang/String;Lorg/eclipse/osgi/internal/loader/classpath/ClasspathEntry;Ljava/util/List;)Ljava/lang/Class;' in 'org/eclipse/osgi/internal/loader/classpath/ClasspathManager')}
  0x0000020b80384ebc: 48ba 88f3 | 9dfa 0b02 | 0000 4883 | 82c0 0800 

  0x0000020b80384ecc: ;   {metadata(method data for {method} {0x0000020b8f008958} 'toString' '()Ljava/lang/String;' in 'java/lang/StringBuilder')}
  0x0000020b80384ecc: 0001 48ba | c8c8 00fa | 0b02 0000 | 8bb2 cc00 | 0000 83c6 | 0289 b2cc | 0000 0081 | e6fe ff1f 
  0x0000020b80384eec: 0085 f60f | 84ec 2a00 

  0x0000020b80384ef4: ;   {metadata('java/lang/String')}
  0x0000020b80384ef4: 0048 ba78 | e800 8f0b | 0200 0049 | 8b87 b801 | 0000 488d | 7818 493b | bfc8 0100 | 000f 87eb 
  0x0000020b80384f14: 2a00 0049 | 89bf b801 | 0000 48c7 | 0001 0000 | 0048 8bca | 49ba 0000 | 008f 0b02 | 0000 492b 
  0x0000020b80384f34: ca89 4808 | 4833 c989 | 480c 4833 | c948 8948 | 104c 8bc0 

  0x0000020b80384f48: ;   {metadata(method data for {method} {0x0000020b8f008958} 'toString' '()Ljava/lang/String;' in 'java/lang/StringBuilder')}
  0x0000020b80384f48: 49b9 c8c8 | 00fa 0b02 | 0000 4983 | 8110 0100 

  0x0000020b80384f58: ;   {metadata(method data for {method} {0x0000020b8f455dd8} '<init>' '(Ljava/lang/StringBuilder;)V' in 'java/lang/String')}
  0x0000020b80384f58: 0001 49b8 | 10ca 00fa | 0b02 0000 | 458b 88cc | 0000 0041 | 83c1 0245 | 8988 cc00 | 0000 4181 
  0x0000020b80384f78: e1fe ff1f | 0045 85c9 | 0f84 892a | 0000 4c8b 

  0x0000020b80384f88: ;   {metadata(method data for {method} {0x0000020b8f455dd8} '<init>' '(Ljava/lang/StringBuilder;)V' in 'java/lang/String')}
  0x0000020b80384f88: c049 b910 | ca00 fa0b | 0200 0049 | 8381 1001 | 0000 014c | 8b84 2440 

  0x0000020b80384fa0: ;   {oop(nullptr)}
  0x0000020b80384fa0: 0100 0049 | b900 0000 | 0000 0000 | 0048 8bd0 | 4889 8424 | 5001 0000 | 0f1f 8000 

  0x0000020b80384fbc: ;   {optimized virtual_call}
  0x0000020b80384fbc: 0000 00e8 

  0x0000020b80384fc0: ; ImmutableOopMap {[200]=Oop [208]=Oop [216]=Oop [224]=Oop [248]=Oop [304]=Oop [312]=Oop [328]=Oop [336]=Oop }
                      ;*invokespecial <init> {reexecute=0 rethrow=0 return_oop=0}
                      ; - java.lang.String::<init>@3
                      ; - java.lang.StringBuilder::toString@5
                      ; - org.eclipse.osgi.internal.loader.classpath.ClasspathManager::findClassImpl@248 (line 690)
  0x0000020b80384fc0: bc97 1f07 

  0x0000020b80384fc4: ;   {other}
  0x0000020b80384fc4: 0f1f 8400 | b42b 001b | 4c8b 9c24 | 4801 0000 

  0x0000020b80384fd4: ; implicit exception: dispatches to 0x0000020b80387a30
  0x0000020b80384fd4: 493b 034d 

  0x0000020b80384fd8: ;   {metadata(method data for {method} {0x0000020bfa68a538} 'findClassImpl' '(Ljava/lang/String;Lorg/eclipse/osgi/internal/loader/classpath/ClasspathEntry;Ljava/util/List;)Ljava/lang/Class;' in 'org/eclipse/osgi/internal/loader/classpath/ClasspathManager')}
  0x0000020b80384fd8: 8bc3 49b9 | 88f3 9dfa | 0b02 0000 

  0x0000020b80384fe4: ;   {metadata('org/eclipse/osgi/internal/debug/Debug')}
  0x0000020b80384fe4: 49ba 8009 | 0990 0b02 | 0000 4d89 | 9108 0900 | 0049 8381 | 1009 0000 

  0x0000020b80384ffc: ;   {metadata(method data for {method} {0x0000020bfa4e5400} 'trace' '(Ljava/lang/String;Ljava/lang/String;)V' in 'org/eclipse/osgi/internal/debug/Debug')}
  0x0000020b80384ffc: 0149 b838 | 4e78 fa0b | 0200 0045 | 8b88 cc00 | 0000 4183 | c102 4589 | 88cc 0000 | 0041 81e1 
  0x0000020b8038501c: feff 1f00 | 4585 c90f | 840c 2a00 | 0041 8b53 | 2448 85d2 

  0x0000020b80385030: ;   {metadata(method data for {method} {0x0000020bfa4e5400} 'trace' '(Ljava/lang/String;Ljava/lang/String;)V' in 'org/eclipse/osgi/internal/debug/Debug')}
  0x0000020b80385030: 49b8 384e | 78fa 0b02 | 0000 49c7 | c110 0100 | 0074 0749 | c7c1 2001 | 0000 4b8b | 3408 488d 
  0x0000020b80385050: 7601 4b89 | 3408 0f84 | fe02 0000 | 4885 d20f | 8429 0000 

  0x0000020b80385064: ;   {metadata('org/eclipse/osgi/internal/log/ExtendedLogServiceImpl')}
  0x0000020b80385064: 0048 bf40 | 5609 900b | 0200 008b | 7208 49ba | 0000 008f | 0b02 0000 | 4903 f248 | 3b7e 380f 
  0x0000020b80385084: 85cd 2900 | 00e9 0000 | 0000 4c8b | c248 3b02 

  0x0000020b80385094: ;   {metadata(method data for {method} {0x0000020bfa4e5400} 'trace' '(Ljava/lang/String;Ljava/lang/String;)V' in 'org/eclipse/osgi/internal/debug/Debug')}
  0x0000020b80385094: 4c8b c249 | b938 4e78 | fa0b 0200 

  0x0000020b803850a0: ;   {metadata('org/eclipse/osgi/internal/log/ExtendedLogServiceImpl')}
  0x0000020b803850a0: 0049 ba40 | 5609 900b | 0200 004d | 8991 4001 | 0000 4983 | 8148 0100 

  0x0000020b803850b8: ;   {metadata(method data for {method} {0x0000020bfa50ca90} 'getLogger' '(Ljava/lang/String;)Lorg/osgi/service/log/Logger;' in 'org/eclipse/osgi/internal/log/ExtendedLogServiceImpl')}
  0x0000020b803850b8: 0001 49b8 | 7850 78fa | 0b02 0000 | 458b 88cc | 0000 0041 | 83c1 0245 | 8988 cc00 | 0000 4181 
  0x0000020b803850d8: e1fe ff1f | 0045 85c9 | 0f84 7a29 | 0000 4c8b 

  0x0000020b803850e8: ;   {metadata(method data for {method} {0x0000020bfa50ca90} 'getLogger' '(Ljava/lang/String;)Lorg/osgi/service/log/Logger;' in 'org/eclipse/osgi/internal/log/ExtendedLogServiceImpl')}
  0x0000020b803850e8: c249 b978 | 5078 fa0b 

  0x0000020b803850f0: ;   {metadata('org/eclipse/osgi/internal/log/ExtendedLogServiceImpl')}
  0x0000020b803850f0: 0200 0049 | ba40 5609 | 900b 0200 | 004d 8991 | 2001 0000 | 4983 8128 | 0100 0001 

  0x0000020b8038510c: ;   {metadata(method data for {method} {0x0000020bfa50a318} 'getLogger' '(Ljava/lang/String;)Lorg/eclipse/equinox/log/Logger;' in 'org/eclipse/osgi/internal/log/ExtendedLogServiceImpl')}
  0x0000020b8038510c: 49b8 0852 | 78fa 0b02 | 0000 458b | 88cc 0000 | 0041 83c1 | 0245 8988 | cc00 0000 | 4181 e1fe 
  0x0000020b8038512c: ff1f 0045 | 85c9 0f84 | 4929 0000 

  0x0000020b80385138: ;   {metadata(method data for {method} {0x0000020bfa50a318} 'getLogger' '(Ljava/lang/String;)Lorg/eclipse/equinox/log/Logger;' in 'org/eclipse/osgi/internal/log/ExtendedLogServiceImpl')}
  0x0000020b80385138: 4c8b c249 | b908 5278 | fa0b 0200 

  0x0000020b80385144: ;   {metadata('org/eclipse/osgi/internal/log/ExtendedLogServiceImpl')}
  0x0000020b80385144: 0049 ba40 | 5609 900b | 0200 004d | 8991 2001 | 0000 4983 | 8128 0100 | 0001 4c8b | 8424 f800 
  0x0000020b80385164: ;   {oop(a 'java/lang/Class'{0x00000000d729f760} = 'org/osgi/service/log/Logger')}
  0x0000020b80385164: 0000 49b9 | 60f7 29d7 | 0000 0000 | 0f1f 8000 

  0x0000020b80385174: ;   {optimized virtual_call}
  0x0000020b80385174: 0000 00e8 

  0x0000020b80385178: ; ImmutableOopMap {[200]=Oop [208]=Oop [216]=Oop [224]=Oop [248]=Oop [304]=Oop [312]=Oop [336]=Oop }
                      ;*invokevirtual getLogger {reexecute=0 rethrow=0 return_oop=0}
                      ; - org.eclipse.osgi.internal.log.ExtendedLogServiceImpl::getLogger@4 (line 73)
                      ; - org.eclipse.osgi.internal.log.ExtendedLogServiceImpl::getLogger@2 (line 1)
                      ; - org.eclipse.osgi.internal.debug.Debug::trace@11 (line 265)
                      ; - org.eclipse.osgi.internal.loader.classpath.ClasspathManager::findClassImpl@251 (line 689)
  0x0000020b80385178: 0496 1f07 

  0x0000020b8038517c: ;   {other}
  0x0000020b8038517c: 0f1f 8400 | 6c2d 001c | 4885 c075 

  0x0000020b80385188: ;   {metadata(method data for {method} {0x0000020bfa50a318} 'getLogger' '(Ljava/lang/String;)Lorg/eclipse/equinox/log/Logger;' in 'org/eclipse/osgi/internal/log/ExtendedLogServiceImpl')}
  0x0000020b80385188: 1648 be08 | 5278 fa0b | 0200 0080 | 8e41 0100 | 0001 e9e7 

  0x0000020b8038519c: ;   {metadata('org/eclipse/equinox/log/Logger')}
  0x0000020b8038519c: 0000 0048 | bff8 2909 | 900b 0200 | 008b 7008 | 49ba 0000 | 008f 0b02 | 0000 4903 | f248 3b7e 
  0x0000020b803851bc: 200f 841a | 0000 0048 | 3bf7 0f84 | 1100 0000 

  0x0000020b803851cc: ;   {runtime_call slow_subtype_check Runtime1 stub}
  0x0000020b803851cc: 5657 e8ad | e32a 075e | 5e85 f60f | 848d 0000 

  0x0000020b803851dc: ;   {metadata(method data for {method} {0x0000020bfa50a318} 'getLogger' '(Ljava/lang/String;)Lorg/eclipse/equinox/log/Logger;' in 'org/eclipse/osgi/internal/log/ExtendedLogServiceImpl')}
  0x0000020b803851dc: 0048 be08 | 5278 fa0b | 0200 008b | 7808 49ba | 0000 008f | 0b02 0000 | 4903 fa48 | 3bbe 5801 
  0x0000020b803851fc: 0000 750d | 4883 8660 | 0100 0001 | e979 0000 | 0048 3bbe | 6801 0000 | 750d 4883 | 8670 0100 
  0x0000020b8038521c: 0001 e963 | 0000 0048 | 83be 5801 | 0000 0075 | 1748 89be | 5801 0000 | 48c7 8660 | 0100 0001 
  0x0000020b8038523c: 0000 00e9 | 4200 0000 | 4883 be68 | 0100 0000 | 7517 4889 | be68 0100 | 0048 c786 | 7001 0000 
  0x0000020b8038525c: 0100 0000 | e921 0000 | 00e9 1c00 

  0x0000020b80385268: ;   {metadata(method data for {method} {0x0000020bfa50a318} 'getLogger' '(Ljava/lang/String;)Lorg/eclipse/equinox/log/Logger;' in 'org/eclipse/osgi/internal/log/ExtendedLogServiceImpl')}
  0x0000020b80385268: 0000 48be | 0852 78fa | 0b02 0000 | 4883 ae48 | 0100 0001 | e921 2800 | 00e9 0000 | 0000 488b 
  0x0000020b80385288: d048 3b02 

  0x0000020b8038528c: ;   {metadata(method data for {method} {0x0000020bfa4e5400} 'trace' '(Ljava/lang/String;Ljava/lang/String;)V' in 'org/eclipse/osgi/internal/debug/Debug')}
  0x0000020b8038528c: 4c8b c248 | be38 4e78 | fa0b 0200 | 0045 8b40 | 0849 ba00 | 0000 8f0b | 0200 004d | 03c2 4c3b 
  0x0000020b803852ac: 8678 0100 | 0075 0d48 | 8386 8001 | 0000 01e9 | 6000 0000 | 4c3b 8688 | 0100 0075 | 0d48 8386 
  0x0000020b803852cc: 9001 0000 | 01e9 4a00 | 0000 4883 | be78 0100 | 0000 7517 | 4c89 8678 | 0100 0048 | c786 8001 
  0x0000020b803852ec: 0000 0100 | 0000 e929 | 0000 0048 | 83be 8801 | 0000 0075 | 174c 8986 | 8801 0000 | 48c7 8690 
  0x0000020b8038530c: 0100 0001 | 0000 00e9 | 0800 0000 | 4883 8668 | 0100 0001 | 4c8b 8424 | 5001 0000 | 0f1f 4400 
  0x0000020b8038532c: 0048 b8ff | ffff ffff 

  0x0000020b80385334: ;   {virtual_call}
  0x0000020b80385334: ffff ffe8 

  0x0000020b80385338: ; ImmutableOopMap {[200]=Oop [208]=Oop [216]=Oop [224]=Oop [248]=Oop [304]=Oop [312]=Oop }
                      ;*invokeinterface debug {reexecute=0 rethrow=0 return_oop=0}
                      ; - org.eclipse.osgi.internal.debug.Debug::trace@17 (line 265)
                      ; - org.eclipse.osgi.internal.loader.classpath.ClasspathManager::findClassImpl@251 (line 689)
  0x0000020b80385338: 4497 1f07 

  0x0000020b8038533c: ;   {other}
  0x0000020b8038533c: 0f1f 8400 | 2c2f 001d 

  0x0000020b80385344: ;   {metadata(method data for {method} {0x0000020bfa4e5400} 'trace' '(Ljava/lang/String;Ljava/lang/String;)V' in 'org/eclipse/osgi/internal/debug/Debug')}
  0x0000020b80385344: 49b8 384e | 78fa 0b02 | 0000 41ff | 80a0 0100 | 00e9 5200 | 0000 488b | 8424 5001 

  0x0000020b80385360: ;   {oop(a 'java/lang/Class'{0x00000000d729ee30} = 'org/eclipse/osgi/internal/debug/Debug')}
  0x0000020b80385360: 0000 49b8 | 30ee 29d7 | 0000 0000 | 418b 90d0 | 0000 0048 | 3b02 4c8b 

  0x0000020b80385378: ;   {metadata(method data for {method} {0x0000020bfa4e5400} 'trace' '(Ljava/lang/String;Ljava/lang/String;)V' in 'org/eclipse/osgi/internal/debug/Debug')}
  0x0000020b80385378: c248 be38 | 4e78 fa0b 

  0x0000020b80385380: ;   {metadata('java/io/PrintStream')}
  0x0000020b80385380: 0200 0049 | bac8 a300 | 8f0b 0200 | 004c 8996 | c801 0000 | 4883 86d0 | 0100 0001 

  0x0000020b8038539c: ;   {optimized virtual_call}
  0x0000020b8038539c: 4c8b c0e8 

  0x0000020b803853a0: ; ImmutableOopMap {[200]=Oop [208]=Oop [216]=Oop [224]=Oop [248]=Oop [304]=Oop [312]=Oop }
                      ;*invokevirtual println {reexecute=0 rethrow=0 return_oop=0}
                      ; - org.eclipse.osgi.internal.debug.Debug::trace@29 (line 267)
                      ; - org.eclipse.osgi.internal.loader.classpath.ClasspathManager::findClassImpl@251 (line 689)
  0x0000020b803853a0: dc93 1f07 

  0x0000020b803853a4: ;   {other}
  0x0000020b803853a4: 0f1f 8400 | 942f 001e | 488b 9424 | c800 0000 | 8b5a 1890 

  0x0000020b803853b8: ;   {no_reloc}
  0x0000020b803853b8: e907 2700 | 0000 0000 | 0000 498b | 87b8 0100 | 0048 8d78 | 1849 3bbf | c801 0000 | 0f87 f426 
  0x0000020b803853d8: 0000 4989 | bfb8 0100 | 0048 c700 | 0100 0000 | 488b ca49 | ba00 0000 | 8f0b 0200 | 0049 2bca 
  0x0000020b803853f8: 8948 0848 | 33c9 8948 | 0c48 33c9 | 4889 4810 

  0x0000020b80385408: ;   {metadata(method data for {method} {0x0000020bfa68a538} 'findClassImpl' '(Ljava/lang/String;Lorg/eclipse/osgi/internal/loader/classpath/ClasspathEntry;Ljava/util/List;)Ljava/lang/Class;' in 'org/eclipse/osgi/internal/loader/classpath/ClasspathManager')}
  0x0000020b80385408: 4c8b c048 | ba88 f39d | fa0b 0200 | 0048 8382 | 3009 0000 

  0x0000020b8038541c: ;   {metadata(method data for {method} {0x0000020b8f461da8} '<init>' '(Ljava/lang/String;)V' in 'java/lang/StringBuilder')}
  0x0000020b8038541c: 0149 b8e8 | 3430 fa0b | 0200 0041 | 8b90 cc00 | 0000 83c2 | 0241 8990 | cc00 0000 | 81e2 feff 
  0x0000020b8038543c: 1f00 85d2 | 0f84 9526 | 0000 4c8b 

  0x0000020b80385448: ;   {metadata(method data for {method} {0x0000020b8f461da8} '<init>' '(Ljava/lang/String;)V' in 'java/lang/StringBuilder')}
  0x0000020b80385448: c048 bae8 | 3430 fa0b | 0200 0048 | 8382 1001 

  0x0000020b80385458: ;   {oop("  defining class "{0x00000000d57b05f0})}
  0x0000020b80385458: 0000 0149 | b8f0 057b | d500 0000 | 0048 8bd0 | 4889 9c24 | 6001 0000 | 4889 8424 | 5801 0000 
  0x0000020b80385478: 0f1f 8000 

  0x0000020b8038547c: ;   {optimized virtual_call}
  0x0000020b8038547c: 0000 00e8 

  0x0000020b80385480: ; ImmutableOopMap {[200]=Oop [208]=Oop [216]=Oop [224]=Oop [248]=Oop [304]=Oop [312]=Oop [344]=Oop [352]=Oop }
                      ;*invokespecial <init> {reexecute=0 rethrow=0 return_oop=0}
                      ; - java.lang.StringBuilder::<init>@2
                      ; - org.eclipse.osgi.internal.loader.classpath.ClasspathManager::findClassImpl@267 (line 691)
  0x0000020b80385480: fc92 1f07 

  0x0000020b80385484: ;   {other}
  0x0000020b80385484: 0f1f 8400 | 7430 001f | 488b 8424 | 5801 0000 

  0x0000020b80385494: ;   {metadata(method data for {method} {0x0000020bfa68a538} 'findClassImpl' '(Ljava/lang/String;Lorg/eclipse/osgi/internal/loader/classpath/ClasspathEntry;Ljava/util/List;)Ljava/lang/Class;' in 'org/eclipse/osgi/internal/loader/classpath/ClasspathManager')}
  0x0000020b80385494: 49b8 88f3 | 9dfa 0b02 | 0000 4983 | 8040 0900 

  0x0000020b803854a4: ;   {metadata(method data for {method} {0x0000020b8f461ae8} 'append' '(Ljava/lang/String;)Ljava/lang/StringBuilder;' in 'java/lang/StringBuilder')}
  0x0000020b803854a4: 0001 49b8 | a0c1 00fa | 0b02 0000 | 418b 90cc | 0000 0083 | c202 4189 | 90cc 0000 | 0081 e2fe 
  0x0000020b803854c4: ff1f 0085 | d20f 842d | 2600 0048 | 8b84 2458 

  0x0000020b803854d4: ;   {metadata(method data for {method} {0x0000020b8f461ae8} 'append' '(Ljava/lang/String;)Ljava/lang/StringBuilder;' in 'java/lang/StringBuilder')}
  0x0000020b803854d4: 0100 0049 | b8a0 c100 | fa0b 0200 | 0049 8380 | 1001 0000 | 014c 8b84 | 24d8 0000 | 0048 8b94 
  0x0000020b803854f4: 2458 0100 | 0066 0f1f 

  0x0000020b803854fc: ;   {optimized virtual_call}
  0x0000020b803854fc: 4400 00e8 

  0x0000020b80385500: ; ImmutableOopMap {[200]=Oop [208]=Oop [216]=Oop [224]=Oop [248]=Oop [304]=Oop [312]=Oop [344]=Oop [352]=Oop }
                      ;*invokespecial append {reexecute=0 rethrow=0 return_oop=0}
                      ; - java.lang.StringBuilder::append@2
                      ; - org.eclipse.osgi.internal.loader.classpath.ClasspathManager::findClassImpl@271 (line 691)
  0x0000020b80385500: 7c92 1f07 

  0x0000020b80385504: ;   {other}
  0x0000020b80385504: 0f1f 8400 | f430 0020 | 488b 8424 | 5801 0000 

  0x0000020b80385514: ;   {metadata(method data for {method} {0x0000020bfa68a538} 'findClassImpl' '(Ljava/lang/String;Lorg/eclipse/osgi/internal/loader/classpath/ClasspathEntry;Ljava/util/List;)Ljava/lang/Class;' in 'org/eclipse/osgi/internal/loader/classpath/ClasspathManager')}
  0x0000020b80385514: 48ba 88f3 | 9dfa 0b02 | 0000 4883 | 8278 0900 

  0x0000020b80385524: ;   {metadata(method data for {method} {0x0000020b8f008958} 'toString' '()Ljava/lang/String;' in 'java/lang/StringBuilder')}
  0x0000020b80385524: 0001 48ba | c8c8 00fa | 0b02 0000 | 8bb2 cc00 | 0000 83c6 | 0289 b2cc | 0000 0081 | e6fe ff1f 
  0x0000020b80385544: 0085 f60f | 84d0 2500 

  0x0000020b8038554c: ;   {metadata('java/lang/String')}
  0x0000020b8038554c: 0048 ba78 | e800 8f0b | 0200 0049 | 8b87 b801 | 0000 488d | 7818 493b | bfc8 0100 | 000f 87cf 
  0x0000020b8038556c: 2500 0049 | 89bf b801 | 0000 48c7 | 0001 0000 | 0048 8bca | 49ba 0000 | 008f 0b02 | 0000 492b 
  0x0000020b8038558c: ca89 4808 | 4833 c989 | 480c 4833 | c948 8948 | 104c 8bc0 

  0x0000020b803855a0: ;   {metadata(method data for {method} {0x0000020b8f008958} 'toString' '()Ljava/lang/String;' in 'java/lang/StringBuilder')}
  0x0000020b803855a0: 49b9 c8c8 | 00fa 0b02 | 0000 4983 | 8110 0100 

  0x0000020b803855b0: ;   {metadata(method data for {method} {0x0000020b8f455dd8} '<init>' '(Ljava/lang/StringBuilder;)V' in 'java/lang/String')}
  0x0000020b803855b0: 0001 49b8 | 10ca 00fa | 0b02 0000 | 458b 88cc | 0000 0041 | 83c1 0245 | 8988 cc00 | 0000 4181 
  0x0000020b803855d0: e1fe ff1f | 0045 85c9 | 0f84 6d25 | 0000 4c8b 

  0x0000020b803855e0: ;   {metadata(method data for {method} {0x0000020b8f455dd8} '<init>' '(Ljava/lang/StringBuilder;)V' in 'java/lang/String')}
  0x0000020b803855e0: c049 b910 | ca00 fa0b | 0200 0049 | 8381 1001 | 0000 014c | 8b84 2458 

  0x0000020b803855f8: ;   {oop(nullptr)}
  0x0000020b803855f8: 0100 0049 | b900 0000 | 0000 0000 | 0048 8bd0 | 4889 8424 | 6801 0000 | 0f1f 8000 

  0x0000020b80385614: ;   {optimized virtual_call}
  0x0000020b80385614: 0000 00e8 

  0x0000020b80385618: ; ImmutableOopMap {[200]=Oop [208]=Oop [216]=Oop [224]=Oop [248]=Oop [304]=Oop [312]=Oop [352]=Oop [360]=Oop }
                      ;*invokespecial <init> {reexecute=0 rethrow=0 return_oop=0}
                      ; - java.lang.String::<init>@3
                      ; - java.lang.StringBuilder::toString@5
                      ; - org.eclipse.osgi.internal.loader.classpath.ClasspathManager::findClassImpl@274 (line 691)
  0x0000020b80385618: 6491 1f07 

  0x0000020b8038561c: ;   {other}
  0x0000020b8038561c: 0f1f 8400 | 0c32 0021 | 488b 9c24 | 6001 0000 

  0x0000020b8038562c: ; implicit exception: dispatches to 0x0000020b80387b6c
  0x0000020b8038562c: 483b 034c 

  0x0000020b80385630: ;   {metadata(method data for {method} {0x0000020bfa68a538} 'findClassImpl' '(Ljava/lang/String;Lorg/eclipse/osgi/internal/loader/classpath/ClasspathEntry;Ljava/util/List;)Ljava/lang/Class;' in 'org/eclipse/osgi/internal/loader/classpath/ClasspathManager')}
  0x0000020b80385630: 8bc3 49b9 | 88f3 9dfa | 0b02 0000 

  0x0000020b8038563c: ;   {metadata('org/eclipse/osgi/internal/debug/Debug')}
  0x0000020b8038563c: 49ba 8009 | 0990 0b02 | 0000 4d89 | 91c0 0900 | 0049 8381 | c809 0000 

  0x0000020b80385654: ;   {metadata(method data for {method} {0x0000020bfa4e5400} 'trace' '(Ljava/lang/String;Ljava/lang/String;)V' in 'org/eclipse/osgi/internal/debug/Debug')}
  0x0000020b80385654: 0149 b838 | 4e78 fa0b | 0200 0045 | 8b88 cc00 | 0000 4183 | c102 4589 | 88cc 0000 | 0041 81e1 
  0x0000020b80385674: feff 1f00 | 4585 c90f | 84f0 2400 | 008b 5324 

  0x0000020b80385684: ;   {metadata(method data for {method} {0x0000020bfa4e5400} 'trace' '(Ljava/lang/String;Ljava/lang/String;)V' in 'org/eclipse/osgi/internal/debug/Debug')}
  0x0000020b80385684: 4885 d249 | b838 4e78 | fa0b 0200 | 0049 c7c1 | 1001 0000 | 7407 49c7 | c120 0100 | 004b 8b34 
  0x0000020b803856a4: 0848 8d76 | 014b 8934 | 080f 84f7 | 0200 0048 | 85d2 0f84 | 2900 0000 

  0x0000020b803856bc: ;   {metadata('org/eclipse/osgi/internal/log/ExtendedLogServiceImpl')}
  0x0000020b803856bc: 48bf 4056 | 0990 0b02 | 0000 8b72 | 0849 ba00 | 0000 8f0b | 0200 0049 | 03f2 483b | 7e38 0f85 
  0x0000020b803856dc: b224 0000 | e900 0000 | 004c 8bc2 

  0x0000020b803856e8: ; implicit exception: dispatches to 0x0000020b80387b97
  0x0000020b803856e8: 483b 024c 

  0x0000020b803856ec: ;   {metadata(method data for {method} {0x0000020bfa4e5400} 'trace' '(Ljava/lang/String;Ljava/lang/String;)V' in 'org/eclipse/osgi/internal/debug/Debug')}
  0x0000020b803856ec: 8bc2 49b9 | 384e 78fa | 0b02 0000 

  0x0000020b803856f8: ;   {metadata('org/eclipse/osgi/internal/log/ExtendedLogServiceImpl')}
  0x0000020b803856f8: 49ba 4056 | 0990 0b02 | 0000 4d89 | 9140 0100 | 0049 8381 | 4801 0000 

  0x0000020b80385710: ;   {metadata(method data for {method} {0x0000020bfa50ca90} 'getLogger' '(Ljava/lang/String;)Lorg/osgi/service/log/Logger;' in 'org/eclipse/osgi/internal/log/ExtendedLogServiceImpl')}
  0x0000020b80385710: 0149 b878 | 5078 fa0b | 0200 0045 | 8b88 cc00 | 0000 4183 | c102 4589 | 88cc 0000 | 0041 81e1 
  0x0000020b80385730: feff 1f00 | 4585 c90f | 845f 2400 | 004c 8bc2 

  0x0000020b80385740: ;   {metadata(method data for {method} {0x0000020bfa50ca90} 'getLogger' '(Ljava/lang/String;)Lorg/osgi/service/log/Logger;' in 'org/eclipse/osgi/internal/log/ExtendedLogServiceImpl')}
  0x0000020b80385740: 49b9 7850 | 78fa 0b02 

  0x0000020b80385748: ;   {metadata('org/eclipse/osgi/internal/log/ExtendedLogServiceImpl')}
  0x0000020b80385748: 0000 49ba | 4056 0990 | 0b02 0000 | 4d89 9120 | 0100 0049 | 8381 2801 

  0x0000020b80385760: ;   {metadata(method data for {method} {0x0000020bfa50a318} 'getLogger' '(Ljava/lang/String;)Lorg/eclipse/equinox/log/Logger;' in 'org/eclipse/osgi/internal/log/ExtendedLogServiceImpl')}
  0x0000020b80385760: 0000 0149 | b808 5278 | fa0b 0200 | 0045 8b88 | cc00 0000 | 4183 c102 | 4589 88cc | 0000 0041 
  0x0000020b80385780: 81e1 feff | 1f00 4585 | c90f 842e | 2400 004c 

  0x0000020b80385790: ;   {metadata(method data for {method} {0x0000020bfa50a318} 'getLogger' '(Ljava/lang/String;)Lorg/eclipse/equinox/log/Logger;' in 'org/eclipse/osgi/internal/log/ExtendedLogServiceImpl')}
  0x0000020b80385790: 8bc2 49b9 | 0852 78fa | 0b02 0000 

  0x0000020b8038579c: ;   {metadata('org/eclipse/osgi/internal/log/ExtendedLogServiceImpl')}
  0x0000020b8038579c: 49ba 4056 | 0990 0b02 | 0000 4d89 | 9120 0100 | 0049 8381 | 2801 0000 | 014c 8b84 | 24f8 0000 
  0x0000020b803857bc: ;   {oop(a 'java/lang/Class'{0x00000000d729f760} = 'org/osgi/service/log/Logger')}
  0x0000020b803857bc: 0049 b960 | f729 d700 

  0x0000020b803857c4: ;   {optimized virtual_call}
  0x0000020b803857c4: 0000 00e8 

  0x0000020b803857c8: ; ImmutableOopMap {[200]=Oop [208]=Oop [216]=Oop [224]=Oop [248]=Oop [304]=Oop [312]=Oop [360]=Oop }
                      ;*invokevirtual getLogger {reexecute=0 rethrow=0 return_oop=0}
                      ; - org.eclipse.osgi.internal.log.ExtendedLogServiceImpl::getLogger@4 (line 73)
                      ; - org.eclipse.osgi.internal.log.ExtendedLogServiceImpl::getLogger@2 (line 1)
                      ; - org.eclipse.osgi.internal.debug.Debug::trace@11 (line 265)
                      ; - org.eclipse.osgi.internal.loader.classpath.ClasspathManager::findClassImpl@277 (line 691)
  0x0000020b803857c8: b48f 1f07 

  0x0000020b803857cc: ;   {other}
  0x0000020b803857cc: 0f1f 8400 | bc33 0022 | 4885 c075 

  0x0000020b803857d8: ;   {metadata(method data for {method} {0x0000020bfa50a318} 'getLogger' '(Ljava/lang/String;)Lorg/eclipse/equinox/log/Logger;' in 'org/eclipse/osgi/internal/log/ExtendedLogServiceImpl')}
  0x0000020b803857d8: 1648 be08 | 5278 fa0b | 0200 0080 | 8e41 0100 | 0001 e9e7 

  0x0000020b803857ec: ;   {metadata('org/eclipse/equinox/log/Logger')}
  0x0000020b803857ec: 0000 0048 | bff8 2909 | 900b 0200 | 008b 7008 | 49ba 0000 | 008f 0b02 | 0000 4903 | f248 3b7e 
  0x0000020b8038580c: 200f 841a | 0000 0048 | 3bf7 0f84 | 1100 0000 

  0x0000020b8038581c: ;   {runtime_call slow_subtype_check Runtime1 stub}
  0x0000020b8038581c: 5657 e85d | dd2a 075e | 5e85 f60f | 848d 0000 

  0x0000020b8038582c: ;   {metadata(method data for {method} {0x0000020bfa50a318} 'getLogger' '(Ljava/lang/String;)Lorg/eclipse/equinox/log/Logger;' in 'org/eclipse/osgi/internal/log/ExtendedLogServiceImpl')}
  0x0000020b8038582c: 0048 be08 | 5278 fa0b | 0200 008b | 7808 49ba | 0000 008f | 0b02 0000 | 4903 fa48 | 3bbe 5801 
  0x0000020b8038584c: 0000 750d | 4883 8660 | 0100 0001 | e979 0000 | 0048 3bbe | 6801 0000 | 750d 4883 | 8670 0100 
  0x0000020b8038586c: 0001 e963 | 0000 0048 | 83be 5801 | 0000 0075 | 1748 89be | 5801 0000 | 48c7 8660 | 0100 0001 
  0x0000020b8038588c: 0000 00e9 | 4200 0000 | 4883 be68 | 0100 0000 | 7517 4889 | be68 0100 | 0048 c786 | 7001 0000 
  0x0000020b803858ac: 0100 0000 | e921 0000 | 00e9 1c00 

  0x0000020b803858b8: ;   {metadata(method data for {method} {0x0000020bfa50a318} 'getLogger' '(Ljava/lang/String;)Lorg/eclipse/equinox/log/Logger;' in 'org/eclipse/osgi/internal/log/ExtendedLogServiceImpl')}
  0x0000020b803858b8: 0000 48be | 0852 78fa | 0b02 0000 | 4883 ae48 | 0100 0001 | e90d 2300 | 00e9 0000 | 0000 488b 
  0x0000020b803858d8: d048 3b02 

  0x0000020b803858dc: ;   {metadata(method data for {method} {0x0000020bfa4e5400} 'trace' '(Ljava/lang/String;Ljava/lang/String;)V' in 'org/eclipse/osgi/internal/debug/Debug')}
  0x0000020b803858dc: 4c8b c248 | be38 4e78 | fa0b 0200 | 0045 8b40 | 0849 ba00 | 0000 8f0b | 0200 004d | 03c2 4c3b 
  0x0000020b803858fc: 8678 0100 | 0075 0d48 | 8386 8001 | 0000 01e9 | 6000 0000 | 4c3b 8688 | 0100 0075 | 0d48 8386 
  0x0000020b8038591c: 9001 0000 | 01e9 4a00 | 0000 4883 | be78 0100 | 0000 7517 | 4c89 8678 | 0100 0048 | c786 8001 
  0x0000020b8038593c: 0000 0100 | 0000 e929 | 0000 0048 | 83be 8801 | 0000 0075 | 174c 8986 | 8801 0000 | 48c7 8690 
  0x0000020b8038595c: 0100 0001 | 0000 00e9 | 0800 0000 | 4883 8668 | 0100 0001 | 4c8b 8424 | 6801 0000 | 0f1f 4400 
  0x0000020b8038597c: 0048 b8ff | ffff ffff 

  0x0000020b80385984: ;   {virtual_call}
  0x0000020b80385984: ffff ffe8 

  0x0000020b80385988: ; ImmutableOopMap {[200]=Oop [208]=Oop [216]=Oop [224]=Oop [248]=Oop [304]=Oop [312]=Oop }
                      ;*invokeinterface debug {reexecute=0 rethrow=0 return_oop=0}
                      ; - org.eclipse.osgi.internal.debug.Debug::trace@17 (line 265)
                      ; - org.eclipse.osgi.internal.loader.classpath.ClasspathManager::findClassImpl@277 (line 691)
  0x0000020b80385988: f490 1f07 

  0x0000020b8038598c: ;   {other}
  0x0000020b8038598c: 0f1f 8400 | 7c35 0023 

  0x0000020b80385994: ;   {metadata(method data for {method} {0x0000020bfa4e5400} 'trace' '(Ljava/lang/String;Ljava/lang/String;)V' in 'org/eclipse/osgi/internal/debug/Debug')}
  0x0000020b80385994: 49b8 384e | 78fa 0b02 | 0000 41ff | 80a0 0100 | 00e9 5200 | 0000 488b | 8424 6801 

  0x0000020b803859b0: ;   {oop(a 'java/lang/Class'{0x00000000d729ee30} = 'org/eclipse/osgi/internal/debug/Debug')}
  0x0000020b803859b0: 0000 49b8 | 30ee 29d7 | 0000 0000 | 418b 90d0 | 0000 0048 | 3b02 4c8b 

  0x0000020b803859c8: ;   {metadata(method data for {method} {0x0000020bfa4e5400} 'trace' '(Ljava/lang/String;Ljava/lang/String;)V' in 'org/eclipse/osgi/internal/debug/Debug')}
  0x0000020b803859c8: c248 be38 | 4e78 fa0b 

  0x0000020b803859d0: ;   {metadata('java/io/PrintStream')}
  0x0000020b803859d0: 0200 0049 | bac8 a300 | 8f0b 0200 | 004c 8996 | c801 0000 | 4883 86d0 | 0100 0001 

  0x0000020b803859ec: ;   {optimized virtual_call}
  0x0000020b803859ec: 4c8b c0e8 

  0x0000020b803859f0: ; ImmutableOopMap {[200]=Oop [208]=Oop [216]=Oop [224]=Oop [248]=Oop [304]=Oop [312]=Oop }
                      ;*invokevirtual println {reexecute=0 rethrow=0 return_oop=0}
                      ; - org.eclipse.osgi.internal.debug.Debug::trace@29 (line 267)
                      ; - org.eclipse.osgi.internal.loader.classpath.ClasspathManager::findClassImpl@277 (line 691)
  0x0000020b803859f0: 8c8d 1f07 

  0x0000020b803859f4: ;   {other}
  0x0000020b803859f4: 0f1f 8400 | e435 0024 | 488b 8424 | 3801 0000 | e950 0a00 | 0048 8b9c | 24f8 0000 | 0049 8b87 
  0x0000020b80385a14: 0005 0000 | 4d33 d24d | 8997 0005 | 0000 4d33 | d24d 8997 | 0805 0000 | 4889 8424 | 8001 0000 
  0x0000020b80385a34: ;   {metadata(method data for {method} {0x0000020bfa68a538} 'findClassImpl' '(Ljava/lang/String;Lorg/eclipse/osgi/internal/loader/classpath/ClasspathEntry;Ljava/util/List;)Ljava/lang/Class;' in 'org/eclipse/osgi/internal/loader/classpath/ClasspathManager')}
  0x0000020b80385a34: 4885 db48 | ba88 f39d | fa0b 0200 | 0048 c7c6 | c004 0000 | 7407 48c7 | c6d0 0400 | 0048 8b3c 
  0x0000020b80385a54: 3248 8d7f | 0148 893c | 320f 8459 | 1100 0048 | 8b94 24c8 | 0000 0044 | 8b6a 184c | 89ac 2478 
  0x0000020b80385a74: 0100 0090 

  0x0000020b80385a78: ;   {no_reloc}
  0x0000020b80385a78: e983 2100 | 0000 0000 | 0000 498b | 87b8 0100 | 0048 8d78 | 1849 3bbf | c801 0000 | 0f87 7021 
  0x0000020b80385a98: 0000 4989 | bfb8 0100 | 0048 c700 | 0100 0000 | 488b ca49 | ba00 0000 | 8f0b 0200 | 0049 2bca 
  0x0000020b80385ab8: 8948 0848 | 33c9 8948 | 0c48 33c9 | 4889 4810 

  0x0000020b80385ac8: ;   {metadata(method data for {method} {0x0000020bfa68a538} 'findClassImpl' '(Ljava/lang/String;Lorg/eclipse/osgi/internal/loader/classpath/ClasspathEntry;Ljava/util/List;)Ljava/lang/Class;' in 'org/eclipse/osgi/internal/loader/classpath/ClasspathManager')}
  0x0000020b80385ac8: 4c8b c048 | ba88 f39d | fa0b 0200 | 0048 8382 | e004 0000 

  0x0000020b80385adc: ;   {metadata(method data for {method} {0x0000020b8f461da8} '<init>' '(Ljava/lang/String;)V' in 'java/lang/StringBuilder')}
  0x0000020b80385adc: 0149 b8e8 | 3430 fa0b | 0200 0041 | 8b90 cc00 | 0000 83c2 | 0241 8990 | cc00 0000 | 81e2 feff 
  0x0000020b80385afc: 1f00 85d2 | 0f84 1121 | 0000 4c8b 

  0x0000020b80385b08: ;   {metadata(method data for {method} {0x0000020b8f461da8} '<init>' '(Ljava/lang/String;)V' in 'java/lang/StringBuilder')}
  0x0000020b80385b08: c048 bae8 | 3430 fa0b | 0200 0048 | 8382 1001 

  0x0000020b80385b18: ;   {oop("  IOException reading "{0x00000000d57b04d0})}
  0x0000020b80385b18: 0000 0149 | b8d0 047b | d500 0000 | 0048 8bd0 | 4889 8424 | 7001 0000 | 0f1f 8000 

  0x0000020b80385b34: ;   {optimized virtual_call}
  0x0000020b80385b34: 0000 00e8 

  0x0000020b80385b38: ; ImmutableOopMap {[208]=Oop [216]=Oop [248]=Oop [296]=Oop [368]=Oop [376]=Oop [384]=Oop }
                      ;*invokespecial <init> {reexecute=0 rethrow=0 return_oop=0}
                      ; - java.lang.StringBuilder::<init>@2
                      ; - org.eclipse.osgi.internal.loader.classpath.ClasspathManager::findClassImpl@137 (line 685)
  0x0000020b80385b38: 448c 1f07 

  0x0000020b80385b3c: ;   {other}
  0x0000020b80385b3c: 0f1f 8400 | 2c37 0025 | 488b 8424 | 7001 0000 

  0x0000020b80385b4c: ;   {metadata(method data for {method} {0x0000020bfa68a538} 'findClassImpl' '(Ljava/lang/String;Lorg/eclipse/osgi/internal/loader/classpath/ClasspathEntry;Ljava/util/List;)Ljava/lang/Class;' in 'org/eclipse/osgi/internal/loader/classpath/ClasspathManager')}
  0x0000020b80385b4c: 49b8 88f3 | 9dfa 0b02 | 0000 4983 | 80f0 0400 

  0x0000020b80385b5c: ;   {metadata(method data for {method} {0x0000020b8f461ae8} 'append' '(Ljava/lang/String;)Ljava/lang/StringBuilder;' in 'java/lang/StringBuilder')}
  0x0000020b80385b5c: 0001 49b8 | a0c1 00fa | 0b02 0000 | 418b 90cc | 0000 0083 | c202 4189 | 90cc 0000 | 0081 e2fe 
  0x0000020b80385b7c: ff1f 0085 | d20f 84b1 | 2000 0048 | 8b84 2470 

  0x0000020b80385b8c: ;   {metadata(method data for {method} {0x0000020b8f461ae8} 'append' '(Ljava/lang/String;)Ljava/lang/StringBuilder;' in 'java/lang/StringBuilder')}
  0x0000020b80385b8c: 0100 0049 | b8a0 c100 | fa0b 0200 | 0049 8380 | 1001 0000 | 014c 8b84 | 2428 0100 | 0048 8b94 
  0x0000020b80385bac: 2470 0100 | 0066 0f1f 

  0x0000020b80385bb4: ;   {optimized virtual_call}
  0x0000020b80385bb4: 4400 00e8 

  0x0000020b80385bb8: ; ImmutableOopMap {[208]=Oop [216]=Oop [248]=Oop [368]=Oop [376]=Oop [384]=Oop }
                      ;*invokespecial append {reexecute=0 rethrow=0 return_oop=0}
                      ; - java.lang.StringBuilder::append@2
                      ; - org.eclipse.osgi.internal.loader.classpath.ClasspathManager::findClassImpl@142 (line 685)
  0x0000020b80385bb8: c48b 1f07 

  0x0000020b80385bbc: ;   {other}
  0x0000020b80385bbc: 0f1f 8400 | ac37 0026 | 488b 8424 | 7001 0000 

  0x0000020b80385bcc: ;   {metadata(method data for {method} {0x0000020bfa68a538} 'findClassImpl' '(Ljava/lang/String;Lorg/eclipse/osgi/internal/loader/classpath/ClasspathEntry;Ljava/util/List;)Ljava/lang/Class;' in 'org/eclipse/osgi/internal/loader/classpath/ClasspathManager')}
  0x0000020b80385bcc: 49b8 88f3 | 9dfa 0b02 | 0000 4983 | 8028 0500 

  0x0000020b80385bdc: ;   {metadata(method data for {method} {0x0000020b8f461ae8} 'append' '(Ljava/lang/String;)Ljava/lang/StringBuilder;' in 'java/lang/StringBuilder')}
  0x0000020b80385bdc: 0001 49b8 | a0c1 00fa | 0b02 0000 | 418b 90cc | 0000 0083 | c202 4189 | 90cc 0000 | 0081 e2fe 
  0x0000020b80385bfc: ff1f 0085 | d20f 8452 | 2000 0048 | 8b84 2470 

  0x0000020b80385c0c: ;   {metadata(method data for {method} {0x0000020b8f461ae8} 'append' '(Ljava/lang/String;)Ljava/lang/StringBuilder;' in 'java/lang/StringBuilder')}
  0x0000020b80385c0c: 0100 0049 | b8a0 c100 | fa0b 0200 | 0049 8380 | 1001 0000 

  0x0000020b80385c20: ;   {oop(" from "{0x00000000d57b0510})}
  0x0000020b80385c20: 0149 b810 | 057b d500 | 0000 0048 | 8b94 2470 | 0100 000f 

  0x0000020b80385c34: ;   {optimized virtual_call}
  0x0000020b80385c34: 1f40 00e8 

  0x0000020b80385c38: ; ImmutableOopMap {[208]=Oop [216]=Oop [248]=Oop [368]=Oop [376]=Oop [384]=Oop }
                      ;*invokespecial append {reexecute=0 rethrow=0 return_oop=0}
                      ; - java.lang.StringBuilder::append@2
                      ; - org.eclipse.osgi.internal.loader.classpath.ClasspathManager::findClassImpl@148 (line 685)
  0x0000020b80385c38: 448b 1f07 

  0x0000020b80385c3c: ;   {other}
  0x0000020b80385c3c: 0f1f 8400 | 2c38 0027 | 4c8b 8c24 | d000 0000 

  0x0000020b80385c4c: ;   {metadata(method data for {method} {0x0000020bfa68a538} 'findClassImpl' '(Ljava/lang/String;Lorg/eclipse/osgi/internal/loader/classpath/ClasspathEntry;Ljava/util/List;)Ljava/lang/Class;' in 'org/eclipse/osgi/internal/loader/classpath/ClasspathManager')}
  0x0000020b80385c4c: 49b8 88f3 | 9dfa 0b02 

  0x0000020b80385c54: ;   {metadata('org/eclipse/osgi/internal/loader/classpath/ClasspathEntry')}
  0x0000020b80385c54: 0000 49ba | d8b7 0b90 | 0b02 0000 | 4d89 9070 | 0500 0049 | 8380 7805 | 0000 014c | 8b8c 24d0 
  0x0000020b80385c74: 0000 0045 | 8b41 0c48 | 8b84 2470 

  0x0000020b80385c80: ;   {metadata(method data for {method} {0x0000020bfa68a538} 'findClassImpl' '(Ljava/lang/String;Lorg/eclipse/osgi/internal/loader/classpath/ClasspathEntry;Ljava/util/List;)Ljava/lang/Class;' in 'org/eclipse/osgi/internal/loader/classpath/ClasspathManager')}
  0x0000020b80385c80: 0100 0048 | ba88 f39d | fa0b 0200 | 0048 8382 | 9805 0000 

  0x0000020b80385c94: ;   {metadata(method data for {method} {0x0000020b8f461b40} 'append' '(Ljava/lang/Object;)Ljava/lang/StringBuilder;' in 'java/lang/StringBuilder')}
  0x0000020b80385c94: 0148 bad0 | c90e fa0b | 0200 008b | b2cc 0000 | 0083 c602 | 89b2 cc00 | 0000 81e6 | feff 1f00 
  0x0000020b80385cb4: 85f6 0f84 | be1f 0000 

  0x0000020b80385cbc: ;   {metadata(method data for {method} {0x0000020b8f461b40} 'append' '(Ljava/lang/Object;)Ljava/lang/StringBuilder;' in 'java/lang/StringBuilder')}
  0x0000020b80385cbc: 48ba d0c9 | 0efa 0b02 | 0000 4883 | 8210 0100 

  0x0000020b80385ccc: ;   {metadata(method data for {method} {0x0000020b8f455280} 'valueOf' '(Ljava/lang/Object;)Ljava/lang/String;' in 'java/lang/String')}
  0x0000020b80385ccc: 0001 48ba | 70cb 0efa | 0b02 0000 | 8bb2 cc00 | 0000 83c6 | 0289 b2cc | 0000 0081 | e6fe ff1f 
  0x0000020b80385cec: 0085 f60f | 84a6 1f00 | 004d 85c0 

  0x0000020b80385cf8: ;   {metadata(method data for {method} {0x0000020b8f455280} 'valueOf' '(Ljava/lang/Object;)Ljava/lang/String;' in 'java/lang/String')}
  0x0000020b80385cf8: 48ba 70cb | 0efa 0b02 | 0000 48c7 | c610 0100 | 0075 0748 | c7c6 2001 | 0000 488b | 3c32 488d 
  0x0000020b80385d18: 7f01 4889 | 3c32 0f85 | 2000 0000 

  0x0000020b80385d24: ;   {metadata(method data for {method} {0x0000020b8f455280} 'valueOf' '(Ljava/lang/Object;)Ljava/lang/String;' in 'java/lang/String')}
  0x0000020b80385d24: 49b8 70cb | 0efa 0b02 | 0000 41ff | 8030 0100 

  0x0000020b80385d34: ;   {oop("null"{0x00000000800002a8})}
  0x0000020b80385d34: 0049 b8a8 | 0200 8000 | 0000 00e9 | aa01 0000 

  0x0000020b80385d44: ; implicit exception: dispatches to 0x0000020b80387cbc
  0x0000020b80385d44: 493b 0049 

  0x0000020b80385d48: ;   {metadata(method data for {method} {0x0000020b8f455280} 'valueOf' '(Ljava/lang/Object;)Ljava/lang/String;' in 'java/lang/String')}
  0x0000020b80385d48: 8bd0 48be | 70cb 0efa | 0b02 0000 | 8b52 0849 | ba00 0000 | 8f0b 0200 | 0049 03d2 | 483b 9658 
  0x0000020b80385d68: 0100 0075 | 0d48 8386 | 6001 0000 | 01e9 6000 | 0000 483b | 9668 0100 | 0075 0d48 | 8386 7001 
  0x0000020b80385d88: 0000 01e9 | 4a00 0000 | 4883 be58 | 0100 0000 | 7517 4889 | 9658 0100 | 0048 c786 | 6001 0000 
  0x0000020b80385da8: 0100 0000 | e929 0000 | 0048 83be | 6801 0000 | 0075 1748 | 8996 6801 | 0000 48c7 | 8670 0100 
  0x0000020b80385dc8: 0001 0000 | 00e9 0800 | 0000 4883 | 8648 0100 

  0x0000020b80385dd8: ;   {metadata(method data for {method} {0x0000020bfa540008} 'toString' '()Ljava/lang/String;' in 'org/eclipse/osgi/storage/bundlefile/BundleFile')}
  0x0000020b80385dd8: 0001 48ba | 70b9 91fa | 0b02 0000 | 8bb2 cc00 | 0000 83c6 | 0289 b2cc | 0000 0081 | e6fe ff1f 
  0x0000020b80385df8: 0085 f60f | 84c0 1e00 | 0045 8b40 

  0x0000020b80385e04: ;   {metadata(method data for {method} {0x0000020bfa540008} 'toString' '()Ljava/lang/String;' in 'org/eclipse/osgi/storage/bundlefile/BundleFile')}
  0x0000020b80385e04: 1048 ba70 | b991 fa0b | 0200 0048 | 8382 1001 

  0x0000020b80385e14: ;   {metadata(method data for {method} {0x0000020b8f455280} 'valueOf' '(Ljava/lang/Object;)Ljava/lang/String;' in 'java/lang/String')}
  0x0000020b80385e14: 0000 0148 | ba70 cb0e | fa0b 0200 | 008b b2cc | 0000 0083 | c602 89b2 | cc00 0000 | 81e6 feff 
  0x0000020b80385e34: 1f00 85f6 | 0f84 a41e | 0000 4d85 

  0x0000020b80385e40: ;   {metadata(method data for {method} {0x0000020b8f455280} 'valueOf' '(Ljava/lang/Object;)Ljava/lang/String;' in 'java/lang/String')}
  0x0000020b80385e40: c048 ba70 | cb0e fa0b | 0200 0048 | c7c6 1001 | 0000 7507 | 48c7 c620 | 0100 0048 | 8b3c 3248 
  0x0000020b80385e60: 8d7f 0148 | 893c 320f | 8520 0000 

  0x0000020b80385e6c: ;   {metadata(method data for {method} {0x0000020b8f455280} 'valueOf' '(Ljava/lang/Object;)Ljava/lang/String;' in 'java/lang/String')}
  0x0000020b80385e6c: 0049 b870 | cb0e fa0b | 0200 0041 | ff80 3001 

  0x0000020b80385e7c: ;   {oop("null"{0x00000000800002a8})}
  0x0000020b80385e7c: 0000 49b8 | a802 0080 | 0000 0000 | e961 0000 | 0049 3b00 

  0x0000020b80385e90: ;   {metadata(method data for {method} {0x0000020b8f455280} 'valueOf' '(Ljava/lang/Object;)Ljava/lang/String;' in 'java/lang/String')}
  0x0000020b80385e90: 498b d048 | be70 cb0e | fa0b 0200 

  0x0000020b80385e9c: ;   {metadata(method data for {method} {0x0000020b8f050de0} 'toString' '()Ljava/lang/String;' in 'java/io/File')}
  0x0000020b80385e9c: 0048 bad0 | c587 fa0b | 0200 008b | b2cc 0000 | 0083 c602 | 89b2 cc00 | 0000 81e6 | feff 1f00 
  0x0000020b80385ebc: 85f6 0f84 | 441e 0000 

  0x0000020b80385ec4: ;   {metadata(method data for {method} {0x0000020b8f050de0} 'toString' '()Ljava/lang/String;' in 'java/io/File')}
  0x0000020b80385ec4: 498b d048 | bed0 c587 | fa0b 0200 

  0x0000020b80385ed0: ;   {metadata('java/io/File')}
  0x0000020b80385ed0: 0049 ba10 | f604 8f0b | 0200 004c | 8996 2001 | 0000 4883 | 8628 0100 | 0001 458b | 4010 488b 
  0x0000020b80385ef0: 8424 7001 

  0x0000020b80385ef4: ;   {metadata(method data for {method} {0x0000020b8f461b40} 'append' '(Ljava/lang/Object;)Ljava/lang/StringBuilder;' in 'java/lang/StringBuilder')}
  0x0000020b80385ef4: 0000 48ba | d0c9 0efa | 0b02 0000 | 4883 8220 | 0100 0001 

  0x0000020b80385f08: ;   {metadata(method data for {method} {0x0000020b8f461ae8} 'append' '(Ljava/lang/String;)Ljava/lang/StringBuilder;' in 'java/lang/StringBuilder')}
  0x0000020b80385f08: 48ba a0c1 | 00fa 0b02 | 0000 8bb2 | cc00 0000 | 83c6 0289 | b2cc 0000 | 0081 e6fe | ff1f 0085 
  0x0000020b80385f28: f60f 84fa | 1d00 0048 | 8b84 2470 

  0x0000020b80385f34: ;   {metadata(method data for {method} {0x0000020b8f461ae8} 'append' '(Ljava/lang/String;)Ljava/lang/StringBuilder;' in 'java/lang/StringBuilder')}
  0x0000020b80385f34: 0100 0048 | baa0 c100 | fa0b 0200 | 0048 8382 | 1001 0000 | 0148 8b94 | 2470 0100 | 0066 0f1f 
  0x0000020b80385f54: ;   {optimized virtual_call}
  0x0000020b80385f54: 4400 00e8 

  0x0000020b80385f58: ; ImmutableOopMap {[216]=Oop [248]=Oop [368]=Oop [376]=Oop [384]=Oop }
                      ;*invokespecial append {reexecute=0 rethrow=0 return_oop=0}
                      ; - java.lang.StringBuilder::append@2
                      ; - java.lang.StringBuilder::append@5
                      ; - org.eclipse.osgi.internal.loader.classpath.ClasspathManager::findClassImpl@155 (line 685)
  0x0000020b80385f58: 2488 1f07 

  0x0000020b80385f5c: ;   {other}
  0x0000020b80385f5c: 0f1f 8400 | 4c3b 0028 | 4c8b 8424 | 7001 0000 

  0x0000020b80385f6c: ;   {metadata(method data for {method} {0x0000020bfa68a538} 'findClassImpl' '(Ljava/lang/String;Lorg/eclipse/osgi/internal/loader/classpath/ClasspathEntry;Ljava/util/List;)Ljava/lang/Class;' in 'org/eclipse/osgi/internal/loader/classpath/ClasspathManager')}
  0x0000020b80385f6c: 498b c048 | ba88 f39d | fa0b 0200 | 0048 8382 | d005 0000 

  0x0000020b80385f80: ;   {metadata(method data for {method} {0x0000020b8f008958} 'toString' '()Ljava/lang/String;' in 'java/lang/StringBuilder')}
  0x0000020b80385f80: 0148 bac8 | c800 fa0b | 0200 008b | b2cc 0000 | 0083 c602 | 89b2 cc00 | 0000 81e6 | feff 1f00 
  0x0000020b80385fa0: 85f6 0f84 | a21d 0000 

  0x0000020b80385fa8: ;   {metadata('java/lang/String')}
  0x0000020b80385fa8: 48ba 78e8 | 008f 0b02 | 0000 498b | 87b8 0100 | 0048 8d78 | 1849 3bbf | c801 0000 | 0f87 a11d 
  0x0000020b80385fc8: 0000 4989 | bfb8 0100 | 0048 c700 | 0100 0000 | 488b ca49 | ba00 0000 | 8f0b 0200 | 0049 2bca 
  0x0000020b80385fe8: 8948 0848 | 33c9 8948 | 0c48 33c9 | 4889 4810 

  0x0000020b80385ff8: ;   {metadata(method data for {method} {0x0000020b8f008958} 'toString' '()Ljava/lang/String;' in 'java/lang/StringBuilder')}
  0x0000020b80385ff8: 4c8b c848 | bac8 c800 | fa0b 0200 | 0048 8382 | 1001 0000 

  0x0000020b8038600c: ;   {metadata(method data for {method} {0x0000020b8f455dd8} '<init>' '(Ljava/lang/StringBuilder;)V' in 'java/lang/String')}
  0x0000020b8038600c: 0149 b910 | ca00 fa0b | 0200 0041 | 8b91 cc00 | 0000 83c2 | 0241 8991 | cc00 0000 | 81e2 feff 
  0x0000020b8038602c: 1f00 85d2 | 0f84 421d | 0000 4c8b 

  0x0000020b80386038: ;   {metadata(method data for {method} {0x0000020b8f455dd8} '<init>' '(Ljava/lang/StringBuilder;)V' in 'java/lang/String')}
  0x0000020b80386038: c848 ba10 | ca00 fa0b | 0200 0048 | 8382 1001 

  0x0000020b80386048: ;   {oop(nullptr)}
  0x0000020b80386048: 0000 0149 | b900 0000 | 0000 0000 | 0048 8bd0 | 4889 8424 | 8801 0000 | 0f1f 8000 

  0x0000020b80386064: ;   {optimized virtual_call}
  0x0000020b80386064: 0000 00e8 

  0x0000020b80386068: ; ImmutableOopMap {[216]=Oop [248]=Oop [376]=Oop [384]=Oop [392]=Oop }
                      ;*invokespecial <init> {reexecute=0 rethrow=0 return_oop=0}
                      ; - java.lang.String::<init>@3
                      ; - java.lang.StringBuilder::toString@5
                      ; - org.eclipse.osgi.internal.loader.classpath.ClasspathManager::findClassImpl@158 (line 685)
  0x0000020b80386068: 1487 1f07 

  0x0000020b8038606c: ;   {other}
  0x0000020b8038606c: 0f1f 8400 | 5c3c 0029 | 4c8b ac24 | 7801 0000 

  0x0000020b8038607c: ; implicit exception: dispatches to 0x0000020b80387d99
  0x0000020b8038607c: 493b 4500 

  0x0000020b80386080: ;   {metadata(method data for {method} {0x0000020bfa68a538} 'findClassImpl' '(Ljava/lang/String;Lorg/eclipse/osgi/internal/loader/classpath/ClasspathEntry;Ljava/util/List;)Ljava/lang/Class;' in 'org/eclipse/osgi/internal/loader/classpath/ClasspathManager')}
  0x0000020b80386080: 4d8b c549 | b988 f39d | fa0b 0200 

  0x0000020b8038608c: ;   {metadata('org/eclipse/osgi/internal/debug/Debug')}
  0x0000020b8038608c: 0049 ba80 | 0909 900b | 0200 004d | 8991 1806 | 0000 4983 | 8120 0600 

  0x0000020b803860a4: ;   {metadata(method data for {method} {0x0000020bfa4e5400} 'trace' '(Ljava/lang/String;Ljava/lang/String;)V' in 'org/eclipse/osgi/internal/debug/Debug')}
  0x0000020b803860a4: 0001 49b8 | 384e 78fa | 0b02 0000 | 458b 88cc | 0000 0041 | 83c1 0245 | 8988 cc00 | 0000 4181 
  0x0000020b803860c4: e1fe ff1f | 0045 85c9 | 0f84 cc1c | 0000 418b | 5524 4885 

  0x0000020b803860d8: ;   {metadata(method data for {method} {0x0000020bfa4e5400} 'trace' '(Ljava/lang/String;Ljava/lang/String;)V' in 'org/eclipse/osgi/internal/debug/Debug')}
  0x0000020b803860d8: d249 b838 | 4e78 fa0b | 0200 0049 | c7c1 1001 | 0000 7407 | 49c7 c120 | 0100 004b | 8b34 0848 
  0x0000020b803860f8: 8d76 014b | 8934 080f | 84fd 0200 | 0048 85d2 | 0f84 2900 

  0x0000020b8038610c: ;   {metadata('org/eclipse/osgi/internal/log/ExtendedLogServiceImpl')}
  0x0000020b8038610c: 0000 48bf | 4056 0990 | 0b02 0000 | 8b72 0849 | ba00 0000 | 8f0b 0200 | 0049 03f2 | 483b 7e38 
  0x0000020b8038612c: 0f85 8d1c | 0000 e900 | 0000 004c | 8bc2 483b | 024c 8bc2 

  0x0000020b80386140: ;   {metadata(method data for {method} {0x0000020bfa4e5400} 'trace' '(Ljava/lang/String;Ljava/lang/String;)V' in 'org/eclipse/osgi/internal/debug/Debug')}
  0x0000020b80386140: 49b9 384e | 78fa 0b02 

  0x0000020b80386148: ;   {metadata('org/eclipse/osgi/internal/log/ExtendedLogServiceImpl')}
  0x0000020b80386148: 0000 49ba | 4056 0990 | 0b02 0000 | 4d89 9140 | 0100 0049 | 8381 4801 

  0x0000020b80386160: ;   {metadata(method data for {method} {0x0000020bfa50ca90} 'getLogger' '(Ljava/lang/String;)Lorg/osgi/service/log/Logger;' in 'org/eclipse/osgi/internal/log/ExtendedLogServiceImpl')}
  0x0000020b80386160: 0000 0149 | b878 5078 | fa0b 0200 | 0045 8b88 | cc00 0000 | 4183 c102 | 4589 88cc | 0000 0041 
  0x0000020b80386180: 81e1 feff | 1f00 4585 | c90f 843a | 1c00 004c 

  0x0000020b80386190: ;   {metadata(method data for {method} {0x0000020bfa50ca90} 'getLogger' '(Ljava/lang/String;)Lorg/osgi/service/log/Logger;' in 'org/eclipse/osgi/internal/log/ExtendedLogServiceImpl')}
  0x0000020b80386190: 8bc2 49b9 | 7850 78fa | 0b02 0000 

  0x0000020b8038619c: ;   {metadata('org/eclipse/osgi/internal/log/ExtendedLogServiceImpl')}
  0x0000020b8038619c: 49ba 4056 | 0990 0b02 | 0000 4d89 | 9120 0100 | 0049 8381 | 2801 0000 

  0x0000020b803861b4: ;   {metadata(method data for {method} {0x0000020bfa50a318} 'getLogger' '(Ljava/lang/String;)Lorg/eclipse/equinox/log/Logger;' in 'org/eclipse/osgi/internal/log/ExtendedLogServiceImpl')}
  0x0000020b803861b4: 0149 b808 | 5278 fa0b | 0200 0045 | 8b88 cc00 | 0000 4183 | c102 4589 | 88cc 0000 | 0041 81e1 
  0x0000020b803861d4: feff 1f00 | 4585 c90f | 8409 1c00 | 004c 8bc2 

  0x0000020b803861e4: ;   {metadata(method data for {method} {0x0000020bfa50a318} 'getLogger' '(Ljava/lang/String;)Lorg/eclipse/equinox/log/Logger;' in 'org/eclipse/osgi/internal/log/ExtendedLogServiceImpl')}
  0x0000020b803861e4: 49b9 0852 | 78fa 0b02 

  0x0000020b803861ec: ;   {metadata('org/eclipse/osgi/internal/log/ExtendedLogServiceImpl')}
  0x0000020b803861ec: 0000 49ba | 4056 0990 | 0b02 0000 | 4d89 9120 | 0100 0049 | 8381 2801 | 0000 014c | 8b84 24f8 
  0x0000020b8038620c: ;   {oop(a 'java/lang/Class'{0x00000000d729f760} = 'org/osgi/service/log/Logger')}
  0x0000020b8038620c: 0000 0049 | b960 f729 | d700 0000 | 0066 0f1f 

  0x0000020b8038621c: ;   {optimized virtual_call}
  0x0000020b8038621c: 4400 00e8 

  0x0000020b80386220: ; ImmutableOopMap {[216]=Oop [384]=Oop [392]=Oop }
                      ;*invokevirtual getLogger {reexecute=0 rethrow=0 return_oop=0}
                      ; - org.eclipse.osgi.internal.log.ExtendedLogServiceImpl::getLogger@4 (line 73)
                      ; - org.eclipse.osgi.internal.log.ExtendedLogServiceImpl::getLogger@2 (line 1)
                      ; - org.eclipse.osgi.internal.debug.Debug::trace@11 (line 265)
                      ; - org.eclipse.osgi.internal.loader.classpath.ClasspathManager::findClassImpl@161 (line 684)
  0x0000020b80386220: 5c85 1f07 

  0x0000020b80386224: ;   {other}
  0x0000020b80386224: 0f1f 8400 | 143e 002a | 4885 c075 

  0x0000020b80386230: ;   {metadata(method data for {method} {0x0000020bfa50a318} 'getLogger' '(Ljava/lang/String;)Lorg/eclipse/equinox/log/Logger;' in 'org/eclipse/osgi/internal/log/ExtendedLogServiceImpl')}
  0x0000020b80386230: 1648 be08 | 5278 fa0b | 0200 0080 | 8e41 0100 | 0001 e9e7 

  0x0000020b80386244: ;   {metadata('org/eclipse/equinox/log/Logger')}
  0x0000020b80386244: 0000 0048 | bff8 2909 | 900b 0200 | 008b 7008 | 49ba 0000 | 008f 0b02 | 0000 4903 | f248 3b7e 
  0x0000020b80386264: 200f 841a | 0000 0048 | 3bf7 0f84 | 1100 0000 

  0x0000020b80386274: ;   {runtime_call slow_subtype_check Runtime1 stub}
  0x0000020b80386274: 5657 e805 | d32a 075e | 5e85 f60f | 848d 0000 

  0x0000020b80386284: ;   {metadata(method data for {method} {0x0000020bfa50a318} 'getLogger' '(Ljava/lang/String;)Lorg/eclipse/equinox/log/Logger;' in 'org/eclipse/osgi/internal/log/ExtendedLogServiceImpl')}
  0x0000020b80386284: 0048 be08 | 5278 fa0b | 0200 008b | 7808 49ba | 0000 008f | 0b02 0000 | 4903 fa48 | 3bbe 5801 
  0x0000020b803862a4: 0000 750d | 4883 8660 | 0100 0001 | e979 0000 | 0048 3bbe | 6801 0000 | 750d 4883 | 8670 0100 
  0x0000020b803862c4: 0001 e963 | 0000 0048 | 83be 5801 | 0000 0075 | 1748 89be | 5801 0000 | 48c7 8660 | 0100 0001 
  0x0000020b803862e4: 0000 00e9 | 4200 0000 | 4883 be68 | 0100 0000 | 7517 4889 | be68 0100 | 0048 c786 | 7001 0000 
  0x0000020b80386304: 0100 0000 | e921 0000 | 00e9 1c00 

  0x0000020b80386310: ;   {metadata(method data for {method} {0x0000020bfa50a318} 'getLogger' '(Ljava/lang/String;)Lorg/eclipse/equinox/log/Logger;' in 'org/eclipse/osgi/internal/log/ExtendedLogServiceImpl')}
  0x0000020b80386310: 0000 48be | 0852 78fa | 0b02 0000 | 4883 ae48 | 0100 0001 | e9e2 1a00 | 00e9 0000 | 0000 488b 
  0x0000020b80386330: d048 3b02 

  0x0000020b80386334: ;   {metadata(method data for {method} {0x0000020bfa4e5400} 'trace' '(Ljava/lang/String;Ljava/lang/String;)V' in 'org/eclipse/osgi/internal/debug/Debug')}
  0x0000020b80386334: 4c8b c248 | be38 4e78 | fa0b 0200 | 0045 8b40 | 0849 ba00 | 0000 8f0b | 0200 004d | 03c2 4c3b 
  0x0000020b80386354: 8678 0100 | 0075 0d48 | 8386 8001 | 0000 01e9 | 6000 0000 | 4c3b 8688 | 0100 0075 | 0d48 8386 
  0x0000020b80386374: 9001 0000 | 01e9 4a00 | 0000 4883 | be78 0100 | 0000 7517 | 4c89 8678 | 0100 0048 | c786 8001 
  0x0000020b80386394: 0000 0100 | 0000 e929 | 0000 0048 | 83be 8801 | 0000 0075 | 174c 8986 | 8801 0000 | 48c7 8690 
  0x0000020b803863b4: 0100 0001 | 0000 00e9 | 0800 0000 | 4883 8668 | 0100 0001 | 4c8b 8424 | 8801 0000 | 0f1f 4400 
  0x0000020b803863d4: 0048 b8ff | ffff ffff 

  0x0000020b803863dc: ;   {virtual_call}
  0x0000020b803863dc: ffff ffe8 

  0x0000020b803863e0: ; ImmutableOopMap {[216]=Oop [384]=Oop }
                      ;*invokeinterface debug {reexecute=0 rethrow=0 return_oop=0}
                      ; - org.eclipse.osgi.internal.debug.Debug::trace@17 (line 265)
                      ; - org.eclipse.osgi.internal.loader.classpath.ClasspathManager::findClassImpl@161 (line 684)
  0x0000020b803863e0: 9c86 1f07 

  0x0000020b803863e4: ;   {other}
  0x0000020b803863e4: 0f1f 8400 | d43f 002b 

  0x0000020b803863ec: ;   {metadata(method data for {method} {0x0000020bfa4e5400} 'trace' '(Ljava/lang/String;Ljava/lang/String;)V' in 'org/eclipse/osgi/internal/debug/Debug')}
  0x0000020b803863ec: 49b8 384e | 78fa 0b02 | 0000 41ff | 80a0 0100 | 00e9 ba07 | 0000 488b | 8424 8801 

  0x0000020b80386408: ;   {oop(a 'java/lang/Class'{0x00000000d729ee30} = 'org/eclipse/osgi/internal/debug/Debug')}
  0x0000020b80386408: 0000 49b8 | 30ee 29d7 | 0000 0000 | 418b 90d0 | 0000 0048 | 3b02 4c8b 

  0x0000020b80386420: ;   {metadata(method data for {method} {0x0000020bfa4e5400} 'trace' '(Ljava/lang/String;Ljava/lang/String;)V' in 'org/eclipse/osgi/internal/debug/Debug')}
  0x0000020b80386420: c248 be38 | 4e78 fa0b 

  0x0000020b80386428: ;   {metadata('java/io/PrintStream')}
  0x0000020b80386428: 0200 0049 | bac8 a300 | 8f0b 0200 | 004c 8996 | c801 0000 | 4883 86d0 | 0100 0001 

  0x0000020b80386444: ;   {optimized virtual_call}
  0x0000020b80386444: 4c8b c0e8 

  0x0000020b80386448: ; ImmutableOopMap {[216]=Oop [384]=Oop }
                      ;*invokevirtual println {reexecute=0 rethrow=0 return_oop=0}
                      ; - org.eclipse.osgi.internal.debug.Debug::trace@29 (line 267)
                      ; - org.eclipse.osgi.internal.loader.classpath.ClasspathManager::findClassImpl@161 (line 684)
  0x0000020b80386448: 3483 1f07 

  0x0000020b8038644c: ;   {other}
  0x0000020b8038644c: 0f1f 8400 | 3c40 002c | e963 0700 | 0048 8bb4 | 2430 0100 | 004c 8b8c | 24d0 0000 | 0048 8b94 
  0x0000020b8038646c: 24c8 0000 | 004c 8bc2 

  0x0000020b80386474: ;   {metadata(method data for {method} {0x0000020bfa68a538} 'findClassImpl' '(Ljava/lang/String;Lorg/eclipse/osgi/internal/loader/classpath/ClasspathEntry;Ljava/util/List;)Ljava/lang/Class;' in 'org/eclipse/osgi/internal/loader/classpath/ClasspathManager')}
  0x0000020b80386474: 48bf 88f3 | 9dfa 0b02 | 0000 4883 | 87e8 0900 | 0001 4c8b | 8424 d800 | 0000 498b | d94c 8bc8 
  0x0000020b80386494: 488b fb48 | 8b8c 24e0 | 0000 0048 | 8bda 488b 

  0x0000020b803864a4: ;   {optimized virtual_call}
  0x0000020b803864a4: d366 90e8 

  0x0000020b803864a8: ; ImmutableOopMap {[200]=Oop [216]=Oop [248]=Oop }
                      ;*invokespecial defineClass {reexecute=0 rethrow=0 return_oop=0}
                      ; - org.eclipse.osgi.internal.loader.classpath.ClasspathManager::findClassImpl@288 (line 695)
  0x0000020b803864a8: cb1e 0000 

  0x0000020b803864ac: ;   {other}
  0x0000020b803864ac: 0f1f 8400 | 9c40 002d | 4881 c4f0 | 0100 005d 

  0x0000020b803864bc: ;   {poll_return}
  0x0000020b803864bc: 493b a750 | 0400 000f | 8755 1900 | 00c3 488b | 9c24 f800 | 0000 498b | 8700 0500 | 004d 33d2 
  0x0000020b803864dc: 4d89 9700 | 0500 004d | 33d2 4d89 | 9708 0500 | 0048 85db 

  0x0000020b803864f0: ;   {metadata(method data for {method} {0x0000020bfa68a538} 'findClassImpl' '(Ljava/lang/String;Lorg/eclipse/osgi/internal/loader/classpath/ClasspathEntry;Ljava/util/List;)Ljava/lang/Class;' in 'org/eclipse/osgi/internal/loader/classpath/ClasspathManager')}
  0x0000020b803864f0: 48ba 88f3 | 9dfa 0b02 | 0000 48c7 | c6f8 0900 | 0074 0748 | c7c6 080a | 0000 488b | 3c32 488d 
  0x0000020b80386510: 7f01 4889 | 3c32 0f84 | 9b06 0000 | 4889 8424 | a001 0000 | 488b 9424 | c800 0000 | 448b 4a18 
  0x0000020b80386530: ;   {no_reloc}
  0x0000020b80386530: e90e 1900 | 0000 0000 | 0000 498b | 87b8 0100 | 0048 8d78 | 1849 3bbf | c801 0000 | 0f87 fb18 
  0x0000020b80386550: 0000 4989 | bfb8 0100 | 0048 c700 | 0100 0000 | 488b ca49 | ba00 0000 | 8f0b 0200 | 0049 2bca 
  0x0000020b80386570: 8948 0848 | 33c9 8948 | 0c48 33c9 | 4889 4810 

  0x0000020b80386580: ;   {metadata(method data for {method} {0x0000020bfa68a538} 'findClassImpl' '(Ljava/lang/String;Lorg/eclipse/osgi/internal/loader/classpath/ClasspathEntry;Ljava/util/List;)Ljava/lang/Class;' in 'org/eclipse/osgi/internal/loader/classpath/ClasspathManager')}
  0x0000020b80386580: 4c8b c048 | ba88 f39d | fa0b 0200 | 0048 8382 | 180a 0000 

  0x0000020b80386594: ;   {metadata(method data for {method} {0x0000020b8f461da8} '<init>' '(Ljava/lang/String;)V' in 'java/lang/StringBuilder')}
  0x0000020b80386594: 0149 b8e8 | 3430 fa0b | 0200 0041 | 8b90 cc00 | 0000 83c2 | 0241 8990 | cc00 0000 | 81e2 feff 
  0x0000020b803865b4: 1f00 85d2 | 0f84 9c18 | 0000 4c8b 

  0x0000020b803865c0: ;   {metadata(method data for {method} {0x0000020b8f461da8} '<init>' '(Ljava/lang/String;)V' in 'java/lang/StringBuilder')}
  0x0000020b803865c0: c048 bae8 | 3430 fa0b | 0200 0048 | 8382 1001 

  0x0000020b803865d0: ;   {oop("  error defining class "{0x00000000d57b0630})}
  0x0000020b803865d0: 0000 0149 | b830 067b | d500 0000 | 0048 8bd0 | 4c89 8c24 | 9801 0000 | 4889 8424 | 9001 0000 
  0x0000020b803865f0: 0f1f 8000 

  0x0000020b803865f4: ;   {optimized virtual_call}
  0x0000020b803865f4: 0000 00e8 

  0x0000020b803865f8: ; ImmutableOopMap {[216]=Oop [248]=Oop [400]=Oop [408]=Oop [416]=Oop }
                      ;*invokespecial <init> {reexecute=0 rethrow=0 return_oop=0}
                      ; - java.lang.StringBuilder::<init>@2
                      ; - org.eclipse.osgi.internal.loader.classpath.ClasspathManager::findClassImpl@312 (line 698)
  0x0000020b803865f8: 8481 1f07 

  0x0000020b803865fc: ;   {other}
  0x0000020b803865fc: 0f1f 8400 | ec41 002e | 488b 8424 | 9001 0000 

  0x0000020b8038660c: ;   {metadata(method data for {method} {0x0000020bfa68a538} 'findClassImpl' '(Ljava/lang/String;Lorg/eclipse/osgi/internal/loader/classpath/ClasspathEntry;Ljava/util/List;)Ljava/lang/Class;' in 'org/eclipse/osgi/internal/loader/classpath/ClasspathManager')}
  0x0000020b8038660c: 49b8 88f3 | 9dfa 0b02 | 0000 4983 | 8028 0a00 

  0x0000020b8038661c: ;   {metadata(method data for {method} {0x0000020b8f461ae8} 'append' '(Ljava/lang/String;)Ljava/lang/StringBuilder;' in 'java/lang/StringBuilder')}
  0x0000020b8038661c: 0001 49b8 | a0c1 00fa | 0b02 0000 | 418b 90cc | 0000 0083 | c202 4189 | 90cc 0000 | 0081 e2fe 
  0x0000020b8038663c: ff1f 0085 | d20f 8434 | 1800 0048 | 8b84 2490 

  0x0000020b8038664c: ;   {metadata(method data for {method} {0x0000020b8f461ae8} 'append' '(Ljava/lang/String;)Ljava/lang/StringBuilder;' in 'java/lang/StringBuilder')}
  0x0000020b8038664c: 0100 0049 | b8a0 c100 | fa0b 0200 | 0049 8380 | 1001 0000 | 014c 8b84 | 24d8 0000 | 0048 8b94 
  0x0000020b8038666c: 2490 0100 | 0066 0f1f 

  0x0000020b80386674: ;   {optimized virtual_call}
  0x0000020b80386674: 4400 00e8 

  0x0000020b80386678: ; ImmutableOopMap {[248]=Oop [400]=Oop [408]=Oop [416]=Oop }
                      ;*invokespecial append {reexecute=0 rethrow=0 return_oop=0}
                      ; - java.lang.StringBuilder::append@2
                      ; - org.eclipse.osgi.internal.loader.classpath.ClasspathManager::findClassImpl@316 (line 698)
  0x0000020b80386678: 0481 1f07 

  0x0000020b8038667c: ;   {other}
  0x0000020b8038667c: 0f1f 8400 | 6c42 002f | 488b 8424 | 9001 0000 

  0x0000020b8038668c: ;   {metadata(method data for {method} {0x0000020bfa68a538} 'findClassImpl' '(Ljava/lang/String;Lorg/eclipse/osgi/internal/loader/classpath/ClasspathEntry;Ljava/util/List;)Ljava/lang/Class;' in 'org/eclipse/osgi/internal/loader/classpath/ClasspathManager')}
  0x0000020b8038668c: 48ba 88f3 | 9dfa 0b02 | 0000 4883 | 8260 0a00 

  0x0000020b8038669c: ;   {metadata(method data for {method} {0x0000020b8f008958} 'toString' '()Ljava/lang/String;' in 'java/lang/StringBuilder')}
  0x0000020b8038669c: 0001 48ba | c8c8 00fa | 0b02 0000 | 8bb2 cc00 | 0000 83c6 | 0289 b2cc | 0000 0081 | e6fe ff1f 
  0x0000020b803866bc: 0085 f60f | 84d7 1700 

  0x0000020b803866c4: ;   {metadata('java/lang/String')}
  0x0000020b803866c4: 0048 ba78 | e800 8f0b | 0200 0049 | 8b87 b801 | 0000 488d | 7818 493b | bfc8 0100 | 000f 87d6 
  0x0000020b803866e4: 1700 0049 | 89bf b801 | 0000 48c7 | 0001 0000 | 0048 8bca | 49ba 0000 | 008f 0b02 | 0000 492b 
  0x0000020b80386704: ca89 4808 | 4833 c989 | 480c 4833 | c948 8948 | 104c 8bc0 

  0x0000020b80386718: ;   {metadata(method data for {method} {0x0000020b8f008958} 'toString' '()Ljava/lang/String;' in 'java/lang/StringBuilder')}
  0x0000020b80386718: 49b9 c8c8 | 00fa 0b02 | 0000 4983 | 8110 0100 

  0x0000020b80386728: ;   {metadata(method data for {method} {0x0000020b8f455dd8} '<init>' '(Ljava/lang/StringBuilder;)V' in 'java/lang/String')}
  0x0000020b80386728: 0001 49b8 | 10ca 00fa | 0b02 0000 | 458b 88cc | 0000 0041 | 83c1 0245 | 8988 cc00 | 0000 4181 
  0x0000020b80386748: e1fe ff1f | 0045 85c9 | 0f84 7417 | 0000 4c8b 

  0x0000020b80386758: ;   {metadata(method data for {method} {0x0000020b8f455dd8} '<init>' '(Ljava/lang/StringBuilder;)V' in 'java/lang/String')}
  0x0000020b80386758: c049 b910 | ca00 fa0b | 0200 0049 | 8381 1001 | 0000 014c | 8b84 2490 

  0x0000020b80386770: ;   {oop(nullptr)}
  0x0000020b80386770: 0100 0049 | b900 0000 | 0000 0000 | 0048 8bd0 | 4889 8424 | a801 0000 | 0f1f 8000 

  0x0000020b8038678c: ;   {optimized virtual_call}
  0x0000020b8038678c: 0000 00e8 

  0x0000020b80386790: ; ImmutableOopMap {[248]=Oop [408]=Oop [416]=Oop [424]=Oop }
                      ;*invokespecial <init> {reexecute=0 rethrow=0 return_oop=0}
                      ; - java.lang.String::<init>@3
                      ; - java.lang.StringBuilder::toString@5
                      ; - org.eclipse.osgi.internal.loader.classpath.ClasspathManager::findClassImpl@319 (line 698)
  0x0000020b80386790: ec7f 1f07 

  0x0000020b80386794: ;   {other}
  0x0000020b80386794: 0f1f 8400 | 8443 0030 | 4c8b 8c24 | 9801 0000 

  0x0000020b803867a4: ; implicit exception: dispatches to 0x0000020b80387eeb
  0x0000020b803867a4: 493b 014d 

  0x0000020b803867a8: ;   {metadata(method data for {method} {0x0000020bfa68a538} 'findClassImpl' '(Ljava/lang/String;Lorg/eclipse/osgi/internal/loader/classpath/ClasspathEntry;Ljava/util/List;)Ljava/lang/Class;' in 'org/eclipse/osgi/internal/loader/classpath/ClasspathManager')}
  0x0000020b803867a8: 8bc1 48ba | 88f3 9dfa | 0b02 0000 

  0x0000020b803867b4: ;   {metadata('org/eclipse/osgi/internal/debug/Debug')}
  0x0000020b803867b4: 49ba 8009 | 0990 0b02 | 0000 4c89 | 92a8 0a00 | 0048 8382 | b00a 0000 

  0x0000020b803867cc: ;   {metadata(method data for {method} {0x0000020bfa4e5400} 'trace' '(Ljava/lang/String;Ljava/lang/String;)V' in 'org/eclipse/osgi/internal/debug/Debug')}
  0x0000020b803867cc: 0149 b838 | 4e78 fa0b | 0200 0041 | 8b90 cc00 | 0000 83c2 | 0241 8990 | cc00 0000 | 81e2 feff 
  0x0000020b803867ec: 1f00 85d2 | 0f84 fa16 | 0000 418b | 5124 4885 

  0x0000020b803867fc: ;   {metadata(method data for {method} {0x0000020bfa4e5400} 'trace' '(Ljava/lang/String;Ljava/lang/String;)V' in 'org/eclipse/osgi/internal/debug/Debug')}
  0x0000020b803867fc: d249 b838 | 4e78 fa0b | 0200 0049 | c7c1 1001 | 0000 7407 | 49c7 c120 | 0100 004b | 8b34 0848 
  0x0000020b8038681c: 8d76 014b | 8934 080f | 84f9 0200 | 0048 85d2 | 0f84 2900 

  0x0000020b80386830: ;   {metadata('org/eclipse/osgi/internal/log/ExtendedLogServiceImpl')}
  0x0000020b80386830: 0000 48bf | 4056 0990 | 0b02 0000 | 8b72 0849 | ba00 0000 | 8f0b 0200 | 0049 03f2 | 483b 7e38 
  0x0000020b80386850: 0f85 bb16 | 0000 e900 | 0000 004c | 8bc2 483b | 024c 8bc2 

  0x0000020b80386864: ;   {metadata(method data for {method} {0x0000020bfa4e5400} 'trace' '(Ljava/lang/String;Ljava/lang/String;)V' in 'org/eclipse/osgi/internal/debug/Debug')}
  0x0000020b80386864: 49b9 384e | 78fa 0b02 

  0x0000020b8038686c: ;   {metadata('org/eclipse/osgi/internal/log/ExtendedLogServiceImpl')}
  0x0000020b8038686c: 0000 49ba | 4056 0990 | 0b02 0000 | 4d89 9140 | 0100 0049 | 8381 4801 

  0x0000020b80386884: ;   {metadata(method data for {method} {0x0000020bfa50ca90} 'getLogger' '(Ljava/lang/String;)Lorg/osgi/service/log/Logger;' in 'org/eclipse/osgi/internal/log/ExtendedLogServiceImpl')}
  0x0000020b80386884: 0000 0149 | b878 5078 | fa0b 0200 | 0045 8b88 | cc00 0000 | 4183 c102 | 4589 88cc | 0000 0041 
  0x0000020b803868a4: 81e1 feff | 1f00 4585 | c90f 8468 | 1600 004c 

  0x0000020b803868b4: ;   {metadata(method data for {method} {0x0000020bfa50ca90} 'getLogger' '(Ljava/lang/String;)Lorg/osgi/service/log/Logger;' in 'org/eclipse/osgi/internal/log/ExtendedLogServiceImpl')}
  0x0000020b803868b4: 8bc2 49b9 | 7850 78fa | 0b02 0000 

  0x0000020b803868c0: ;   {metadata('org/eclipse/osgi/internal/log/ExtendedLogServiceImpl')}
  0x0000020b803868c0: 49ba 4056 | 0990 0b02 | 0000 4d89 | 9120 0100 | 0049 8381 | 2801 0000 

  0x0000020b803868d8: ;   {metadata(method data for {method} {0x0000020bfa50a318} 'getLogger' '(Ljava/lang/String;)Lorg/eclipse/equinox/log/Logger;' in 'org/eclipse/osgi/internal/log/ExtendedLogServiceImpl')}
  0x0000020b803868d8: 0149 b808 | 5278 fa0b | 0200 0045 | 8b88 cc00 | 0000 4183 | c102 4589 | 88cc 0000 | 0041 81e1 
  0x0000020b803868f8: feff 1f00 | 4585 c90f | 8437 1600 | 004c 8bc2 

  0x0000020b80386908: ;   {metadata(method data for {method} {0x0000020bfa50a318} 'getLogger' '(Ljava/lang/String;)Lorg/eclipse/equinox/log/Logger;' in 'org/eclipse/osgi/internal/log/ExtendedLogServiceImpl')}
  0x0000020b80386908: 49b9 0852 | 78fa 0b02 

  0x0000020b80386910: ;   {metadata('org/eclipse/osgi/internal/log/ExtendedLogServiceImpl')}
  0x0000020b80386910: 0000 49ba | 4056 0990 | 0b02 0000 | 4d89 9120 | 0100 0049 | 8381 2801 | 0000 014c | 8b84 24f8 
  0x0000020b80386930: ;   {oop(a 'java/lang/Class'{0x00000000d729f760} = 'org/osgi/service/log/Logger')}
  0x0000020b80386930: 0000 0049 | b960 f729 | d700 0000 

  0x0000020b8038693c: ;   {optimized virtual_call}
  0x0000020b8038693c: 0066 90e8 

  0x0000020b80386940: ; ImmutableOopMap {[416]=Oop [424]=Oop }
                      ;*invokevirtual getLogger {reexecute=0 rethrow=0 return_oop=0}
                      ; - org.eclipse.osgi.internal.log.ExtendedLogServiceImpl::getLogger@4 (line 73)
                      ; - org.eclipse.osgi.internal.log.ExtendedLogServiceImpl::getLogger@2 (line 1)
                      ; - org.eclipse.osgi.internal.debug.Debug::trace@11 (line 265)
                      ; - org.eclipse.osgi.internal.loader.classpath.ClasspathManager::findClassImpl@322 (line 698)
  0x0000020b80386940: 3c7e 1f07 

  0x0000020b80386944: ;   {other}
  0x0000020b80386944: 0f1f 8400 | 3445 0031 | 4885 c075 

  0x0000020b80386950: ;   {metadata(method data for {method} {0x0000020bfa50a318} 'getLogger' '(Ljava/lang/String;)Lorg/eclipse/equinox/log/Logger;' in 'org/eclipse/osgi/internal/log/ExtendedLogServiceImpl')}
  0x0000020b80386950: 1648 be08 | 5278 fa0b | 0200 0080 | 8e41 0100 | 0001 e9e7 

  0x0000020b80386964: ;   {metadata('org/eclipse/equinox/log/Logger')}
  0x0000020b80386964: 0000 0048 | bff8 2909 | 900b 0200 | 008b 7008 | 49ba 0000 | 008f 0b02 | 0000 4903 | f248 3b7e 
  0x0000020b80386984: 200f 841a | 0000 0048 | 3bf7 0f84 | 1100 0000 

  0x0000020b80386994: ;   {runtime_call slow_subtype_check Runtime1 stub}
  0x0000020b80386994: 5657 e8e5 | cb2a 075e | 5e85 f60f | 848d 0000 

  0x0000020b803869a4: ;   {metadata(method data for {method} {0x0000020bfa50a318} 'getLogger' '(Ljava/lang/String;)Lorg/eclipse/equinox/log/Logger;' in 'org/eclipse/osgi/internal/log/ExtendedLogServiceImpl')}
  0x0000020b803869a4: 0048 be08 | 5278 fa0b | 0200 008b | 7808 49ba | 0000 008f | 0b02 0000 | 4903 fa48 | 3bbe 5801 
  0x0000020b803869c4: 0000 750d | 4883 8660 | 0100 0001 | e979 0000 | 0048 3bbe | 6801 0000 | 750d 4883 | 8670 0100 
  0x0000020b803869e4: 0001 e963 | 0000 0048 | 83be 5801 | 0000 0075 | 1748 89be | 5801 0000 | 48c7 8660 | 0100 0001 
  0x0000020b80386a04: 0000 00e9 | 4200 0000 | 4883 be68 | 0100 0000 | 7517 4889 | be68 0100 | 0048 c786 | 7001 0000 
  0x0000020b80386a24: 0100 0000 | e921 0000 | 00e9 1c00 

  0x0000020b80386a30: ;   {metadata(method data for {method} {0x0000020bfa50a318} 'getLogger' '(Ljava/lang/String;)Lorg/eclipse/equinox/log/Logger;' in 'org/eclipse/osgi/internal/log/ExtendedLogServiceImpl')}
  0x0000020b80386a30: 0000 48be | 0852 78fa | 0b02 0000 | 4883 ae48 | 0100 0001 | e914 1500 | 00e9 0000 | 0000 488b 
  0x0000020b80386a50: d048 3b02 

  0x0000020b80386a54: ;   {metadata(method data for {method} {0x0000020bfa4e5400} 'trace' '(Ljava/lang/String;Ljava/lang/String;)V' in 'org/eclipse/osgi/internal/debug/Debug')}
  0x0000020b80386a54: 4c8b c248 | be38 4e78 | fa0b 0200 | 0045 8b40 | 0849 ba00 | 0000 8f0b | 0200 004d | 03c2 4c3b 
  0x0000020b80386a74: 8678 0100 | 0075 0d48 | 8386 8001 | 0000 01e9 | 6000 0000 | 4c3b 8688 | 0100 0075 | 0d48 8386 
  0x0000020b80386a94: 9001 0000 | 01e9 4a00 | 0000 4883 | be78 0100 | 0000 7517 | 4c89 8678 | 0100 0048 | c786 8001 
  0x0000020b80386ab4: 0000 0100 | 0000 e929 | 0000 0048 | 83be 8801 | 0000 0075 | 174c 8986 | 8801 0000 | 48c7 8690 
  0x0000020b80386ad4: 0100 0001 | 0000 00e9 | 0800 0000 | 4883 8668 | 0100 0001 | 4c8b 8424 | a801 0000 | 0f1f 4400 
  0x0000020b80386af4: 0048 b8ff | ffff ffff 

  0x0000020b80386afc: ;   {virtual_call}
  0x0000020b80386afc: ffff ffe8 

  0x0000020b80386b00: ; ImmutableOopMap {[416]=Oop }
                      ;*invokeinterface debug {reexecute=0 rethrow=0 return_oop=0}
                      ; - org.eclipse.osgi.internal.debug.Debug::trace@17 (line 265)
                      ; - org.eclipse.osgi.internal.loader.classpath.ClasspathManager::findClassImpl@322 (line 698)
  0x0000020b80386b00: 7c7f 1f07 

  0x0000020b80386b04: ;   {other}
  0x0000020b80386b04: 0f1f 8400 | f446 0032 

  0x0000020b80386b0c: ;   {metadata(method data for {method} {0x0000020bfa4e5400} 'trace' '(Ljava/lang/String;Ljava/lang/String;)V' in 'org/eclipse/osgi/internal/debug/Debug')}
  0x0000020b80386b0c: 49b8 384e | 78fa 0b02 | 0000 41ff | 80a0 0100 | 00e9 8d00 | 0000 488b | 8424 a801 

  0x0000020b80386b28: ;   {oop(a 'java/lang/Class'{0x00000000d729ee30} = 'org/eclipse/osgi/internal/debug/Debug')}
  0x0000020b80386b28: 0000 49b8 | 30ee 29d7 | 0000 0000 | 418b 90d0 | 0000 0048 | 3b02 4c8b 

  0x0000020b80386b40: ;   {metadata(method data for {method} {0x0000020bfa4e5400} 'trace' '(Ljava/lang/String;Ljava/lang/String;)V' in 'org/eclipse/osgi/internal/debug/Debug')}
  0x0000020b80386b40: c248 be38 | 4e78 fa0b 

  0x0000020b80386b48: ;   {metadata('java/io/PrintStream')}
  0x0000020b80386b48: 0200 0049 | bac8 a300 | 8f0b 0200 | 004c 8996 | c801 0000 | 4883 86d0 | 0100 0001 

  0x0000020b80386b64: ;   {optimized virtual_call}
  0x0000020b80386b64: 4c8b c0e8 

  0x0000020b80386b68: ; ImmutableOopMap {[416]=Oop }
                      ;*invokevirtual println {reexecute=0 rethrow=0 return_oop=0}
                      ; - org.eclipse.osgi.internal.debug.Debug::trace@29 (line 267)
                      ; - org.eclipse.osgi.internal.loader.classpath.ClasspathManager::findClassImpl@322 (line 698)
  0x0000020b80386b68: 147c 1f07 

  0x0000020b80386b6c: ;   {other}
  0x0000020b80386b6c: 0f1f 8400 | 5c47 0033 | e936 0000 | 0048 81c4 | f001 0000 

  0x0000020b80386b80: ;   {poll_return}
  0x0000020b80386b80: 5d49 3ba7 | 5004 0000 | 0f87 e213 

  0x0000020b80386b8c: ;   {oop(nullptr)}
  0x0000020b80386b8c: 0000 c348 | b800 0000 | 0000 0000 | 0048 81c4 | f001 0000 

  0x0000020b80386ba0: ;   {poll_return}
  0x0000020b80386ba0: 5d49 3ba7 | 5004 0000 | 0f87 d813 | 0000 c348 | 8b84 24a0 | 0100 00e9 | 0f15 0000 | 0f1f 4000 
  0x0000020b80386bc0: ;   {no_reloc}
  0x0000020b80386bc0: e9e6 1300 | 0000 0000 | 0000 498b | 87b8 0100 | 0048 8d78 | 2849 3bbf | c801 0000 | 0f87 d313 
  0x0000020b80386be0: 0000 4989 | bfb8 0100 | 0048 c700 | 0100 0000 | 488b ca49 | ba00 0000 | 8f0b 0200 | 0049 2bca 
  0x0000020b80386c00: 8948 0848 | 33c9 8948 | 0c48 33c9 | 4889 4810 | 4889 4818 | 4889 4820 

  0x0000020b80386c18: ;   {no_reloc}
  0x0000020b80386c18: e9b4 1300 | 0000 0000 | 0000 4889 | 8424 b801 | 0000 498b | 87b8 0100 | 0048 8d78 | 1849 3bbf 
  0x0000020b80386c38: c801 0000 | 0f87 9913 | 0000 4989 | bfb8 0100 | 0048 c700 | 0100 0000 | 488b ca49 | ba00 0000 
  0x0000020b80386c58: 8f0b 0200 | 0049 2bca | 8948 0848 | 33c9 8948 | 0c48 33c9 | 4889 4810 

  0x0000020b80386c70: ;   {metadata(method data for {method} {0x0000020bfa68a538} 'findClassImpl' '(Ljava/lang/String;Lorg/eclipse/osgi/internal/loader/classpath/ClasspathEntry;Ljava/util/List;)Ljava/lang/Class;' in 'org/eclipse/osgi/internal/loader/classpath/ClasspathManager')}
  0x0000020b80386c70: 4c8b c048 | ba88 f39d | fa0b 0200 | 0048 8382 | 4006 0000 

  0x0000020b80386c84: ;   {metadata(method data for {method} {0x0000020b8f461da8} '<init>' '(Ljava/lang/String;)V' in 'java/lang/StringBuilder')}
  0x0000020b80386c84: 0149 b8e8 | 3430 fa0b | 0200 0041 | 8b90 cc00 | 0000 83c2 | 0241 8990 | cc00 0000 | 81e2 feff 
  0x0000020b80386ca4: 1f00 85d2 | 0f84 3a13 | 0000 4c8b 

  0x0000020b80386cb0: ;   {metadata(method data for {method} {0x0000020b8f461da8} '<init>' '(Ljava/lang/String;)V' in 'java/lang/StringBuilder')}
  0x0000020b80386cb0: c048 bae8 | 3430 fa0b | 0200 0048 | 8382 1001 

  0x0000020b80386cc0: ;   {oop("Error reading class bytes: "{0x00000000d57b0540})}
  0x0000020b80386cc0: 0000 0149 | b840 057b | d500 0000 | 0048 8bd0 | 4889 8424 | b001 0000 | 0f1f 8000 

  0x0000020b80386cdc: ;   {optimized virtual_call}
  0x0000020b80386cdc: 0000 00e8 

  0x0000020b80386ce0: ; ImmutableOopMap {[216]=Oop [384]=Oop [432]=Oop [440]=Oop }
                      ;*invokespecial <init> {reexecute=0 rethrow=0 return_oop=0}
                      ; - java.lang.StringBuilder::<init>@2
                      ; - org.eclipse.osgi.internal.loader.classpath.ClasspathManager::findClassImpl@175 (line 686)
  0x0000020b80386ce0: 9c7a 1f07 

  0x0000020b80386ce4: ;   {other}
  0x0000020b80386ce4: 0f1f 8400 | d448 0034 | 488b 8424 | b001 0000 

  0x0000020b80386cf4: ;   {metadata(method data for {method} {0x0000020bfa68a538} 'findClassImpl' '(Ljava/lang/String;Lorg/eclipse/osgi/internal/loader/classpath/ClasspathEntry;Ljava/util/List;)Ljava/lang/Class;' in 'org/eclipse/osgi/internal/loader/classpath/ClasspathManager')}
  0x0000020b80386cf4: 49b8 88f3 | 9dfa 0b02 | 0000 4983 | 8050 0600 

  0x0000020b80386d04: ;   {metadata(method data for {method} {0x0000020b8f461ae8} 'append' '(Ljava/lang/String;)Ljava/lang/StringBuilder;' in 'java/lang/StringBuilder')}
  0x0000020b80386d04: 0001 49b8 | a0c1 00fa | 0b02 0000 | 418b 90cc | 0000 0083 | c202 4189 | 90cc 0000 | 0081 e2fe 
  0x0000020b80386d24: ff1f 0085 | d20f 84da | 1200 0048 | 8b84 24b0 

  0x0000020b80386d34: ;   {metadata(method data for {method} {0x0000020b8f461ae8} 'append' '(Ljava/lang/String;)Ljava/lang/StringBuilder;' in 'java/lang/StringBuilder')}
  0x0000020b80386d34: 0100 0049 | b8a0 c100 | fa0b 0200 | 0049 8380 | 1001 0000 | 014c 8b84 | 24d8 0000 | 0048 8b94 
  0x0000020b80386d54: 24b0 0100 | 0066 0f1f 

  0x0000020b80386d5c: ;   {optimized virtual_call}
  0x0000020b80386d5c: 4400 00e8 

  0x0000020b80386d60: ; ImmutableOopMap {[384]=Oop [432]=Oop [440]=Oop }
                      ;*invokespecial append {reexecute=0 rethrow=0 return_oop=0}
                      ; - java.lang.StringBuilder::append@2
                      ; - org.eclipse.osgi.internal.loader.classpath.ClasspathManager::findClassImpl@179 (line 686)
  0x0000020b80386d60: 1c7a 1f07 

  0x0000020b80386d64: ;   {other}
  0x0000020b80386d64: 0f1f 8400 | 5449 0035 | 488b 8424 | b001 0000 

  0x0000020b80386d74: ;   {metadata(method data for {method} {0x0000020bfa68a538} 'findClassImpl' '(Ljava/lang/String;Lorg/eclipse/osgi/internal/loader/classpath/ClasspathEntry;Ljava/util/List;)Ljava/lang/Class;' in 'org/eclipse/osgi/internal/loader/classpath/ClasspathManager')}
  0x0000020b80386d74: 48ba 88f3 | 9dfa 0b02 | 0000 4883 | 8288 0600 

  0x0000020b80386d84: ;   {metadata(method data for {method} {0x0000020b8f008958} 'toString' '()Ljava/lang/String;' in 'java/lang/StringBuilder')}
  0x0000020b80386d84: 0001 48ba | c8c8 00fa | 0b02 0000 | 8bb2 cc00 | 0000 83c6 | 0289 b2cc | 0000 0081 | e6fe ff1f 
  0x0000020b80386da4: 0085 f60f | 847d 1200 

  0x0000020b80386dac: ;   {metadata('java/lang/String')}
  0x0000020b80386dac: 0048 ba78 | e800 8f0b | 0200 0049 | 8b87 b801 | 0000 488d | 7818 493b | bfc8 0100 | 000f 877c 
  0x0000020b80386dcc: 1200 0049 | 89bf b801 | 0000 48c7 | 0001 0000 | 0048 8bca | 49ba 0000 | 008f 0b02 | 0000 492b 
  0x0000020b80386dec: ca89 4808 | 4833 c989 | 480c 4833 | c948 8948 | 104c 8bc0 

  0x0000020b80386e00: ;   {metadata(method data for {method} {0x0000020b8f008958} 'toString' '()Ljava/lang/String;' in 'java/lang/StringBuilder')}
  0x0000020b80386e00: 49b9 c8c8 | 00fa 0b02 | 0000 4983 | 8110 0100 

  0x0000020b80386e10: ;   {metadata(method data for {method} {0x0000020b8f455dd8} '<init>' '(Ljava/lang/StringBuilder;)V' in 'java/lang/String')}
  0x0000020b80386e10: 0001 49b8 | 10ca 00fa | 0b02 0000 | 458b 88cc | 0000 0041 | 83c1 0245 | 8988 cc00 | 0000 4181 
  0x0000020b80386e30: e1fe ff1f | 0045 85c9 | 0f84 1a12 | 0000 4c8b 

  0x0000020b80386e40: ;   {metadata(method data for {method} {0x0000020b8f455dd8} '<init>' '(Ljava/lang/StringBuilder;)V' in 'java/lang/String')}
  0x0000020b80386e40: c049 b910 | ca00 fa0b | 0200 0049 | 8381 1001 | 0000 014c | 8b84 24b0 

  0x0000020b80386e58: ;   {oop(nullptr)}
  0x0000020b80386e58: 0100 0049 | b900 0000 | 0000 0000 | 0048 8bd0 | 4889 8424 | c001 0000 | 0f1f 8000 

  0x0000020b80386e74: ;   {optimized virtual_call}
  0x0000020b80386e74: 0000 00e8 

  0x0000020b80386e78: ; ImmutableOopMap {[384]=Oop [440]=Oop [448]=Oop }
                      ;*invokespecial <init> {reexecute=0 rethrow=0 return_oop=0}
                      ; - java.lang.String::<init>@3
                      ; - java.lang.StringBuilder::toString@5
                      ; - org.eclipse.osgi.internal.loader.classpath.ClasspathManager::findClassImpl@182 (line 686)
  0x0000020b80386e78: 0479 1f07 

  0x0000020b80386e7c: ;   {other}
  0x0000020b80386e7c: 0f1f 8400 | 6c4a 0036 | 488b 8424 | b801 0000 

  0x0000020b80386e8c: ;   {metadata(method data for {method} {0x0000020bfa68a538} 'findClassImpl' '(Ljava/lang/String;Lorg/eclipse/osgi/internal/loader/classpath/ClasspathEntry;Ljava/util/List;)Ljava/lang/Class;' in 'org/eclipse/osgi/internal/loader/classpath/ClasspathManager')}
  0x0000020b80386e8c: 49b8 88f3 | 9dfa 0b02 | 0000 4983 | 80c0 0600 | 0001 4c8b | 8424 c001 | 0000 488b | 9424 b801 
  0x0000020b80386eac: ;   {optimized virtual_call}
  0x0000020b80386eac: 0000 90e8 

  0x0000020b80386eb0: ; ImmutableOopMap {[384]=Oop [440]=Oop }
                      ;*invokespecial <init> {reexecute=0 rethrow=0 return_oop=0}
                      ; - org.eclipse.osgi.internal.loader.classpath.ClasspathManager::findClassImpl@185 (line 686)
  0x0000020b80386eb0: cc78 1f07 

  0x0000020b80386eb4: ;   {other}
  0x0000020b80386eb4: 0f1f 8400 | a44a 0037 | 488b 8424 | b801 0000 

  0x0000020b80386ec4: ;   {metadata(method data for {method} {0x0000020bfa68a538} 'findClassImpl' '(Ljava/lang/String;Lorg/eclipse/osgi/internal/loader/classpath/ClasspathEntry;Ljava/util/List;)Ljava/lang/Class;' in 'org/eclipse/osgi/internal/loader/classpath/ClasspathManager')}
  0x0000020b80386ec4: 49b8 88f3 | 9dfa 0b02 | 0000 8b40 | 0849 ba00 | 0000 8f0b | 0200 0049 | 03c2 493b | 80e0 0600 
  0x0000020b80386ee4: 0075 0d49 | 8380 e806 | 0000 01e9 | 6000 0000 | 493b 80f0 | 0600 0075 | 0d49 8380 | f806 0000 
  0x0000020b80386f04: 01e9 4a00 | 0000 4983 | b8e0 0600 | 0000 7517 | 4989 80e0 | 0600 0049 | c780 e806 | 0000 0100 
  0x0000020b80386f24: 0000 e929 | 0000 0049 | 83b8 f006 | 0000 0075 | 1749 8980 | f006 0000 | 49c7 80f8 | 0600 0001 
  0x0000020b80386f44: 0000 00e9 | 0800 0000 | 4983 80d0 | 0600 0001 | 4c8b 8424 | 8001 0000 | 488b 9424 | b801 0000 
  0x0000020b80386f64: ;   {optimized virtual_call}
  0x0000020b80386f64: 6666 90e8 

  0x0000020b80386f68: ; ImmutableOopMap {}
                      ;*invokevirtual initCause {reexecute=0 rethrow=0 return_oop=0}
                      ; - org.eclipse.osgi.internal.loader.classpath.ClasspathManager::findClassImpl@190 (line 686)
  0x0000020b80386f68: 1478 1f07 

  0x0000020b80386f6c: ;   {other}
  0x0000020b80386f6c: 0f1f 8400 | 5c4b 0038 | 4885 c075 

  0x0000020b80386f78: ;   {metadata(method data for {method} {0x0000020bfa68a538} 'findClassImpl' '(Ljava/lang/String;Lorg/eclipse/osgi/internal/loader/classpath/ClasspathEntry;Ljava/util/List;)Ljava/lang/Class;' in 'org/eclipse/osgi/internal/loader/classpath/ClasspathManager')}
  0x0000020b80386f78: 1648 be88 | f39d fa0b | 0200 0080 | 8e01 0700 | 0001 e9cd 

  0x0000020b80386f8c: ;   {metadata('java/lang/LinkageError')}
  0x0000020b80386f8c: 0000 0048 | bfd0 a506 | 8f0b 0200 | 008b 7008 | 49ba 0000 | 008f 0b02 | 0000 4903 | f248 3b7e 
  0x0000020b80386fac: 480f 858d 

  0x0000020b80386fb0: ;   {metadata(method data for {method} {0x0000020bfa68a538} 'findClassImpl' '(Ljava/lang/String;Lorg/eclipse/osgi/internal/loader/classpath/ClasspathEntry;Ljava/util/List;)Ljava/lang/Class;' in 'org/eclipse/osgi/internal/loader/classpath/ClasspathManager')}
  0x0000020b80386fb0: 0000 0048 | be88 f39d | fa0b 0200 | 008b 7808 | 49ba 0000 | 008f 0b02 | 0000 4903 | fa48 3bbe 
  0x0000020b80386fd0: 1807 0000 | 750d 4883 | 8620 0700 | 0001 e979 | 0000 0048 | 3bbe 2807 | 0000 750d | 4883 8630 
  0x0000020b80386ff0: 0700 0001 | e963 0000 | 0048 83be | 1807 0000 | 0075 1748 | 89be 1807 | 0000 48c7 | 8620 0700 
  0x0000020b80387010: 0001 0000 | 00e9 4200 | 0000 4883 | be28 0700 | 0000 7517 | 4889 be28 | 0700 0048 | c786 3007 
  0x0000020b80387030: 0000 0100 | 0000 e921 | 0000 00e9 | 1c00 0000 

  0x0000020b80387040: ;   {metadata(method data for {method} {0x0000020bfa68a538} 'findClassImpl' '(Ljava/lang/String;Lorg/eclipse/osgi/internal/loader/classpath/ClasspathEntry;Ljava/util/List;)Ljava/lang/Class;' in 'org/eclipse/osgi/internal/loader/classpath/ClasspathManager')}
  0x0000020b80387040: 48be 88f3 | 9dfa 0b02 | 0000 4883 | ae08 0700 | 0001 e922 | 1000 00e9 | 0000 0000 

  0x0000020b8038705c: ; implicit exception: dispatches to 0x0000020b80388082
  0x0000020b8038705c: 483b 00e9 | 6710 0000 

  0x0000020b80387064: ;   {metadata('java/lang/OutOfMemoryError')}
  0x0000020b80387064: 48ba 2836 | 028f 0b02 | 0000 498b | 87b8 0100 | 0048 8d78 | 2849 3bbf | c801 0000 | 0f87 0110 
  0x0000020b80387084: 0000 4989 | bfb8 0100 | 0048 c700 | 0100 0000 | 488b ca49 | ba00 0000 | 8f0b 0200 | 0049 2bca 
  0x0000020b803870a4: 8948 0848 | 33c9 8948 | 0c48 33c9 | 4889 4810 | 4889 4818 | 4889 4820 

  0x0000020b803870bc: ;   {metadata(method data for {method} {0x0000020b8f41fbd8} 'newArray' '(J)[B' in 'java/lang/StringConcatHelper')}
  0x0000020b803870bc: 4c8b c048 | ba18 5a05 | fa0b 0200 | 0048 8382 | 3001 0000 

  0x0000020b803870d0: ;   {oop("Overflow: String length out of range"{0x0000000080000370})}
  0x0000020b803870d0: 0149 b870 | 0300 8000 | 0000 0048 | 8bd0 4889 | 8424 c801 

  0x0000020b803870e4: ;   {optimized virtual_call}
  0x0000020b803870e4: 0000 90e8 

  0x0000020b803870e8: ; ImmutableOopMap {[200]=Oop [208]=Oop [216]=Oop [224]=Oop [248]=Oop [280]=Oop [456]=Oop }
                      ;*invokespecial <init> {reexecute=0 rethrow=0 return_oop=0}
                      ; - java.lang.StringConcatHelper::newArray@22
                      ; - java.lang.StringConcatHelper::simpleConcat@61
                      ; - java.lang.String::concat@11
                      ; - org.eclipse.osgi.internal.loader.classpath.ClasspathManager::findClassImpl@87 (line 673)
  0x0000020b803870e8: 9476 1f07 

  0x0000020b803870ec: ;   {other}
  0x0000020b803870ec: 0f1f 8400 | dc4c 0039 | 488b 8424 | c801 0000 | e9ca 0f00 | 0048 8984 | 2418 0100 

  0x0000020b80387108: ;   {metadata('java/lang/OutOfMemoryError')}
  0x0000020b80387108: 0048 ba28 | 3602 8f0b | 0200 0049 | 8b87 b801 | 0000 488d | 7828 493b | bfc8 0100 | 000f 8769 
  0x0000020b80387128: 0f00 0049 | 89bf b801 | 0000 48c7 | 0001 0000 | 0048 8bca | 49ba 0000 | 008f 0b02 | 0000 492b 
  0x0000020b80387148: ca89 4808 | 4833 c989 | 480c 4833 | c948 8948 | 1048 8948 | 1848 8948 | 204c 8bc0 

  0x0000020b80387164: ;   {metadata(method data for {method} {0x0000020b8f41f398} 'checkOverflow' '(J)J' in 'java/lang/StringConcatHelper')}
  0x0000020b80387164: 48ba 10cf | 25fa 0b02 | 0000 4883 | 8230 0100 

  0x0000020b80387174: ;   {oop("Overflow: String length out of range"{0x0000000080000370})}
  0x0000020b80387174: 0001 49b8 | 7003 0080 | 0000 0000 | 488b d048 | 8984 24d0 | 0100 000f 

  0x0000020b8038718c: ;   {optimized virtual_call}
  0x0000020b8038718c: 1f40 00e8 

  0x0000020b80387190: ; ImmutableOopMap {[200]=Oop [208]=Oop [216]=Oop [224]=Oop [248]=Oop [280]=Oop [464]=Oop }
                      ;*invokespecial <init> {reexecute=0 rethrow=0 return_oop=0}
                      ; - java.lang.StringConcatHelper::checkOverflow@13
                      ; - java.lang.StringConcatHelper::mix@23
                      ; - java.lang.StringConcatHelper::simpleConcat@54
                      ; - java.lang.String::concat@11
                      ; - org.eclipse.osgi.internal.loader.classpath.ClasspathManager::findClassImpl@87 (line 673)
  0x0000020b80387190: ec75 1f07 

  0x0000020b80387194: ;   {other}
  0x0000020b80387194: 0f1f 8400 | 844d 003a | 488b 8424 | d001 0000 | e922 0f00 | 0048 8984 | 2418 0100 

  0x0000020b803871b0: ;   {metadata('java/lang/OutOfMemoryError')}
  0x0000020b803871b0: 0048 ba28 | 3602 8f0b | 0200 0049 | 8b87 b801 | 0000 488d | 7828 493b | bfc8 0100 | 000f 87ce 
  0x0000020b803871d0: 0e00 0049 | 89bf b801 | 0000 48c7 | 0001 0000 | 0048 8bca | 49ba 0000 | 008f 0b02 | 0000 492b 
  0x0000020b803871f0: ca89 4808 | 4833 c989 | 480c 4833 | c948 8948 | 1048 8948 | 1848 8948 | 2048 8bd0 

  0x0000020b8038720c: ;   {metadata(method data for {method} {0x0000020b8f41f398} 'checkOverflow' '(J)J' in 'java/lang/StringConcatHelper')}
  0x0000020b8038720c: 48be 10cf | 25fa 0b02 | 0000 4883 | 8630 0100 

  0x0000020b8038721c: ;   {oop("Overflow: String length out of range"{0x0000000080000370})}
  0x0000020b8038721c: 0001 49b8 | 7003 0080 | 0000 0000 | 488b d048 | 8984 24d8 | 0100 000f 

  0x0000020b80387234: ;   {optimized virtual_call}
  0x0000020b80387234: 1f40 00e8 

  0x0000020b80387238: ; ImmutableOopMap {[200]=Oop [208]=Oop [216]=Oop [224]=Oop [248]=Oop [280]=Oop [472]=Oop }
                      ;*invokespecial <init> {reexecute=0 rethrow=0 return_oop=0}
                      ; - java.lang.StringConcatHelper::checkOverflow@13
                      ; - java.lang.StringConcatHelper::mix@23
                      ; - java.lang.StringConcatHelper::simpleConcat@46
                      ; - java.lang.String::concat@11
                      ; - org.eclipse.osgi.internal.loader.classpath.ClasspathManager::findClassImpl@87 (line 673)
  0x0000020b80387238: 4475 1f07 

  0x0000020b8038723c: ;   {other}
  0x0000020b8038723c: 0f1f 8400 | 2c4e 003b | 488b 8424 | d801 0000 | e97a 0e00 

  0x0000020b80387250: ;   {metadata({method} {0x0000020bfa68a538} 'findClassImpl' '(Ljava/lang/String;Lorg/eclipse/osgi/internal/loader/classpath/ClasspathEntry;Ljava/util/List;)Ljava/lang/Class;' in 'org/eclipse/osgi/internal/loader/classpath/ClasspathManager')}
  0x0000020b80387250: 0049 ba30 | a568 fa0b | 0200 004c | 8954 2408 | 48c7 0424 | ffff ffff 

  0x0000020b80387268: ;   {runtime_call counter_overflow Runtime1 stub}
  0x0000020b80387268: e813 ea2a 

  0x0000020b8038726c: ; ImmutableOopMap {rdx=Oop r8=Oop r9=Oop rdi=Oop [200]=Oop [208]=Oop [216]=Oop [224]=Oop }
                      ;*synchronization entry
                      ; - org.eclipse.osgi.internal.loader.classpath.ClasspathManager::findClassImpl@-1 (line 667)
  0x0000020b8038726c: 07e9 54bc 

  0x0000020b80387270: ;   {runtime_call throw_null_pointer_exception Runtime1 stub}
  0x0000020b80387270: ffff e889 

  0x0000020b80387274: ; ImmutableOopMap {rdx=Oop r8=Oop rsi=Oop [200]=Oop [208]=Oop [216]=Oop [224]=Oop }
                      ;*invokevirtual loaderWithClass {reexecute=0 rethrow=0 return_oop=0}
                      ; - org.eclipse.osgi.internal.loader.classpath.ClasspathManager::findClassImpl@5 (line 667)
                      ;   {metadata(nullptr)}
  0x0000020b80387274: ad21 0748 | ba00 0000 | 0000 0000 | 00b8 000f 

  0x0000020b80387284: ;   {runtime_call load_klass_patching Runtime1 stub}
  0x0000020b80387284: 050a e875 

  0x0000020b80387288: ; ImmutableOopMap {rbx=Oop [200]=Oop [208]=Oop [216]=Oop [224]=Oop [240]=Oop [248]=Oop }
                      ;*new {reexecute=1 rethrow=0 return_oop=0}
                      ; - (reexecute) org.eclipse.osgi.internal.loader.classpath.ClasspathManager::findClassImpl@21 (line 670)
  0x0000020b80387288: d92a 07e9 | c8bc ffff 

  0x0000020b80387290: ;   {runtime_call fast_new_instance Runtime1 stub}
  0x0000020b80387290: 488b d2e8 

  0x0000020b80387294: ; ImmutableOopMap {rbx=Oop [200]=Oop [208]=Oop [216]=Oop [224]=Oop [240]=Oop [248]=Oop }
                      ;*new {reexecute=0 rethrow=0 return_oop=0}
                      ; - org.eclipse.osgi.internal.loader.classpath.ClasspathManager::findClassImpl@21 (line 670)
  0x0000020b80387294: 68a4 2107 | e90b bdff 

  0x0000020b8038729c: ;   {metadata({method} {0x0000020b8f461da8} '<init>' '(Ljava/lang/String;)V' in 'java/lang/StringBuilder')}
  0x0000020b8038729c: ff49 baa0 | 1d46 8f0b | 0200 004c | 8954 2408 | 48c7 0424 | ffff ffff 

  0x0000020b803872b4: ;   {runtime_call counter_overflow Runtime1 stub}
  0x0000020b803872b4: e8c7 e92a 

  0x0000020b803872b8: ; ImmutableOopMap {rbx=Oop rax=Oop [200]=Oop [208]=Oop [216]=Oop [224]=Oop [232]=Oop [240]=Oop [248]=Oop }
                      ;*synchronization entry
                      ; - java.lang.StringBuilder::<init>@-1
                      ; - org.eclipse.osgi.internal.loader.classpath.ClasspathManager::findClassImpl@28 (line 670)
  0x0000020b803872b8: 07e9 30bd 

  0x0000020b803872bc: ;   {runtime_call throw_null_pointer_exception Runtime1 stub}
  0x0000020b803872bc: ffff e83d 

  0x0000020b803872c0: ; ImmutableOopMap {rdx=Oop rsi=Oop [200]=Oop [208]=Oop [216]=Oop [224]=Oop [232]=Oop [240]=Oop [248]=Oop }
                      ;*invokevirtual getBundleLoader {reexecute=0 rethrow=0 return_oop=0}
                      ; - org.eclipse.osgi.internal.loader.classpath.ClasspathManager::findClassImpl@35 (line 670)
                      ;   {metadata({method} {0x0000020b8f461b40} 'append' '(Ljava/lang/Object;)Ljava/lang/StringBuilder;' in 'java/lang/StringBuilder')}
  0x0000020b803872c0: ad21 0749 | ba38 1b46 | 8f0b 0200 | 004c 8954 | 2408 48c7 | 0424 ffff 

  0x0000020b803872d8: ;   {runtime_call counter_overflow Runtime1 stub}
  0x0000020b803872d8: ffff e8a1 

  0x0000020b803872dc: ; ImmutableOopMap {rdx=Oop rsi=Oop [200]=Oop [208]=Oop [216]=Oop [224]=Oop [232]=Oop [240]=Oop [248]=Oop }
                      ;*synchronization entry
                      ; - java.lang.StringBuilder::append@-1
                      ; - org.eclipse.osgi.internal.loader.classpath.ClasspathManager::findClassImpl@38 (line 670)
  0x0000020b803872dc: e92a 07e9 | a7bd ffff 

  0x0000020b803872e4: ;   {metadata({method} {0x0000020b8f455280} 'valueOf' '(Ljava/lang/Object;)Ljava/lang/String;' in 'java/lang/String')}
  0x0000020b803872e4: 49ba 7852 | 458f 0b02 | 0000 4c89 | 5424 0848 | c704 24ff 

  0x0000020b803872f8: ;   {runtime_call counter_overflow Runtime1 stub}
  0x0000020b803872f8: ffff ffe8 

  0x0000020b803872fc: ; ImmutableOopMap {rdx=Oop rsi=Oop [200]=Oop [208]=Oop [216]=Oop [224]=Oop [232]=Oop [240]=Oop [248]=Oop }
                      ;*synchronization entry
                      ; - java.lang.String::valueOf@-1
                      ; - java.lang.StringBuilder::append@2
                      ; - org.eclipse.osgi.internal.loader.classpath.ClasspathManager::findClassImpl@38 (line 670)
  0x0000020b803872fc: 80e9 2a07 | e9bf bdff 

  0x0000020b80387304: ;   {runtime_call throw_null_pointer_exception Runtime1 stub}
  0x0000020b80387304: ffe8 f6ac 

  0x0000020b80387308: ; ImmutableOopMap {rsi=Oop [200]=Oop [208]=Oop [216]=Oop [224]=Oop [232]=Oop [240]=Oop [248]=Oop }
                      ;*invokevirtual toString {reexecute=0 rethrow=0 return_oop=0}
                      ; - java.lang.String::valueOf@11
                      ; - java.lang.StringBuilder::append@2
                      ; - org.eclipse.osgi.internal.loader.classpath.ClasspathManager::findClassImpl@38 (line 670)
                      ;   {metadata({method} {0x0000020b8f461ae8} 'append' '(Ljava/lang/String;)Ljava/lang/StringBuilder;' in 'java/lang/StringBuilder')}
  0x0000020b80387308: 2107 49ba | e01a 468f | 0b02 0000 | 4c89 5424 | 0848 c704 | 24ff ffff 

  0x0000020b80387320: ;   {runtime_call counter_overflow Runtime1 stub}
  0x0000020b80387320: ffe8 5ae9 

  0x0000020b80387324: ; ImmutableOopMap {rsi=Oop [200]=Oop [208]=Oop [216]=Oop [224]=Oop [232]=Oop [240]=Oop [248]=Oop }
                      ;*synchronization entry
                      ; - java.lang.StringBuilder::append@-1
                      ; - java.lang.StringBuilder::append@5
                      ; - org.eclipse.osgi.internal.loader.classpath.ClasspathManager::findClassImpl@38 (line 670)
  0x0000020b80387324: 2a07 e9d7 

  0x0000020b80387328: ;   {metadata({method} {0x0000020b8f461ae8} 'append' '(Ljava/lang/String;)Ljava/lang/StringBuilder;' in 'java/lang/StringBuilder')}
  0x0000020b80387328: beff ff49 | bae0 1a46 | 8f0b 0200 | 004c 8954 | 2408 48c7 | 0424 ffff 

  0x0000020b80387340: ;   {runtime_call counter_overflow Runtime1 stub}
  0x0000020b80387340: ffff e839 

  0x0000020b80387344: ; ImmutableOopMap {[200]=Oop [208]=Oop [216]=Oop [224]=Oop [232]=Oop [240]=Oop [248]=Oop }
                      ;*synchronization entry
                      ; - java.lang.StringBuilder::append@-1
                      ; - org.eclipse.osgi.internal.loader.classpath.ClasspathManager::findClassImpl@44 (line 670)
  0x0000020b80387344: e92a 07e9 | 2bbf ffff 

  0x0000020b8038734c: ;   {runtime_call throw_null_pointer_exception Runtime1 stub}
  0x0000020b8038734c: e8af ac21 

  0x0000020b80387350: ; ImmutableOopMap {r9=Oop [200]=Oop [208]=Oop [216]=Oop [224]=Oop [232]=Oop [240]=Oop [248]=Oop }
                      ;*invokevirtual getBundleFile {reexecute=0 rethrow=0 return_oop=0}
                      ; - org.eclipse.osgi.internal.loader.classpath.ClasspathManager::findClassImpl@48 (line 670)
                      ;   {metadata({method} {0x0000020b8f461b40} 'append' '(Ljava/lang/Object;)Ljava/lang/StringBuilder;' in 'java/lang/StringBuilder')}
  0x0000020b80387350: 0749 ba38 | 1b46 8f0b | 0200 004c | 8954 2408 | 48c7 0424 | ffff ffff 

  0x0000020b80387368: ;   {runtime_call counter_overflow Runtime1 stub}
  0x0000020b80387368: e813 e92a 

  0x0000020b8038736c: ; ImmutableOopMap {r9=Oop r8=Oop [200]=Oop [208]=Oop [216]=Oop [224]=Oop [232]=Oop [240]=Oop [248]=Oop }
                      ;*synchronization entry
                      ; - java.lang.StringBuilder::append@-1
                      ; - org.eclipse.osgi.internal.loader.classpath.ClasspathManager::findClassImpl@51 (line 670)
  0x0000020b8038736c: 07e9 b8bf 

  0x0000020b80387370: ;   {metadata({method} {0x0000020b8f455280} 'valueOf' '(Ljava/lang/Object;)Ljava/lang/String;' in 'java/lang/String')}
  0x0000020b80387370: ffff 49ba | 7852 458f | 0b02 0000 | 4c89 5424 | 0848 c704 | 24ff ffff 

  0x0000020b80387388: ;   {runtime_call counter_overflow Runtime1 stub}
  0x0000020b80387388: ffe8 f2e8 

  0x0000020b8038738c: ; ImmutableOopMap {r9=Oop r8=Oop [200]=Oop [208]=Oop [216]=Oop [224]=Oop [232]=Oop [240]=Oop [248]=Oop }
                      ;*synchronization entry
                      ; - java.lang.String::valueOf@-1
                      ; - java.lang.StringBuilder::append@2
                      ; - org.eclipse.osgi.internal.loader.classpath.ClasspathManager::findClassImpl@51 (line 670)
  0x0000020b8038738c: 2a07 e9d0 

  0x0000020b80387390: ;   {runtime_call throw_null_pointer_exception Runtime1 stub}
  0x0000020b80387390: bfff ffe8 

  0x0000020b80387394: ; ImmutableOopMap {r9=Oop r8=Oop [200]=Oop [208]=Oop [216]=Oop [224]=Oop [232]=Oop [240]=Oop [248]=Oop }
                      ;*invokevirtual toString {reexecute=0 rethrow=0 return_oop=0}
                      ; - java.lang.String::valueOf@11
                      ; - java.lang.StringBuilder::append@2
                      ; - org.eclipse.osgi.internal.loader.classpath.ClasspathManager::findClassImpl@51 (line 670)
  0x0000020b80387394: 68ac 2107 

  0x0000020b80387398: ;   {metadata({method} {0x0000020bfa540008} 'toString' '()Ljava/lang/String;' in 'org/eclipse/osgi/storage/bundlefile/BundleFile')}
  0x0000020b80387398: 49ba 0000 | 54fa 0b02 | 0000 4c89 | 5424 0848 | c704 24ff 

  0x0000020b803873ac: ;   {runtime_call counter_overflow Runtime1 stub}
  0x0000020b803873ac: ffff ffe8 

  0x0000020b803873b0: ; ImmutableOopMap {r9=Oop r8=Oop [200]=Oop [208]=Oop [216]=Oop [224]=Oop [232]=Oop [240]=Oop [248]=Oop }
                      ;*synchronization entry
                      ; - org.eclipse.osgi.storage.bundlefile.BundleFile::toString@-1 (line 189)
                      ; - java.lang.String::valueOf@11
                      ; - java.lang.StringBuilder::append@2
                      ; - org.eclipse.osgi.internal.loader.classpath.ClasspathManager::findClassImpl@51 (line 670)
  0x0000020b803873b0: cce8 2a07 | e9b6 c0ff 

  0x0000020b803873b8: ;   {metadata({method} {0x0000020b8f455280} 'valueOf' '(Ljava/lang/Object;)Ljava/lang/String;' in 'java/lang/String')}
  0x0000020b803873b8: ff49 ba78 | 5245 8f0b | 0200 004c | 8954 2408 | 48c7 0424 | ffff ffff 

  0x0000020b803873d0: ;   {runtime_call counter_overflow Runtime1 stub}
  0x0000020b803873d0: e8ab e82a 

  0x0000020b803873d4: ; ImmutableOopMap {r9=Oop r8=Oop [200]=Oop [208]=Oop [216]=Oop [224]=Oop [232]=Oop [240]=Oop [248]=Oop }
                      ;*synchronization entry
                      ; - java.lang.String::valueOf@-1
                      ; - org.eclipse.osgi.storage.bundlefile.BundleFile::toString@4 (line 189)
                      ; - java.lang.String::valueOf@11
                      ; - java.lang.StringBuilder::append@2
                      ; - org.eclipse.osgi.internal.loader.classpath.ClasspathManager::findClassImpl@51 (line 670)
  0x0000020b803873d4: 07e9 d2c0 

  0x0000020b803873d8: ;   {runtime_call throw_null_pointer_exception Runtime1 stub}
  0x0000020b803873d8: ffff e821 

  0x0000020b803873dc: ; ImmutableOopMap {r9=Oop r8=Oop [200]=Oop [208]=Oop [216]=Oop [224]=Oop [232]=Oop [240]=Oop [248]=Oop }
                      ;*invokevirtual toString {reexecute=0 rethrow=0 return_oop=0}
                      ; - java.lang.String::valueOf@11
                      ; - org.eclipse.osgi.storage.bundlefile.BundleFile::toString@4 (line 189)
                      ; - java.lang.String::valueOf@11
                      ; - java.lang.StringBuilder::append@2
                      ; - org.eclipse.osgi.internal.loader.classpath.ClasspathManager::findClassImpl@51 (line 670)
                      ;   {metadata({method} {0x0000020b8f050de0} 'toString' '()Ljava/lang/String;' in 'java/io/File')}
  0x0000020b803873dc: ac21 0749 | bad8 0d05 | 8f0b 0200 | 004c 8954 | 2408 48c7 | 0424 ffff 

  0x0000020b803873f4: ;   {runtime_call counter_overflow Runtime1 stub}
  0x0000020b803873f4: ffff e885 

  0x0000020b803873f8: ; ImmutableOopMap {r9=Oop r8=Oop [200]=Oop [208]=Oop [216]=Oop [224]=Oop [232]=Oop [240]=Oop [248]=Oop }
                      ;*synchronization entry
                      ; - java.io.File::toString@-1
                      ; - java.lang.String::valueOf@11
                      ; - org.eclipse.osgi.storage.bundlefile.BundleFile::toString@4 (line 189)
                      ; - java.lang.String::valueOf@11
                      ; - java.lang.StringBuilder::append@2
                      ; - org.eclipse.osgi.internal.loader.classpath.ClasspathManager::findClassImpl@51 (line 670)
  0x0000020b803873f8: e82a 07e9 | 32c1 ffff 

  0x0000020b80387400: ;   {metadata({method} {0x0000020b8f461ae8} 'append' '(Ljava/lang/String;)Ljava/lang/StringBuilder;' in 'java/lang/StringBuilder')}
  0x0000020b80387400: 49ba e01a | 468f 0b02 | 0000 4c89 | 5424 0848 | c704 24ff 

  0x0000020b80387414: ;   {runtime_call counter_overflow Runtime1 stub}
  0x0000020b80387414: ffff ffe8 

  0x0000020b80387418: ; ImmutableOopMap {r8=Oop [200]=Oop [208]=Oop [216]=Oop [224]=Oop [232]=Oop [240]=Oop [248]=Oop }
                      ;*synchronization entry
                      ; - java.lang.StringBuilder::append@-1
                      ; - java.lang.StringBuilder::append@5
                      ; - org.eclipse.osgi.internal.loader.classpath.ClasspathManager::findClassImpl@51 (line 670)
  0x0000020b80387418: 64e8 2a07 | e97c c1ff 

  0x0000020b80387420: ;   {metadata({method} {0x0000020b8f461ae8} 'append' '(Ljava/lang/String;)Ljava/lang/StringBuilder;' in 'java/lang/StringBuilder')}
  0x0000020b80387420: ff49 bae0 | 1a46 8f0b | 0200 004c | 8954 2408 | 48c7 0424 | ffff ffff 

  0x0000020b80387438: ;   {runtime_call counter_overflow Runtime1 stub}
  0x0000020b80387438: e843 e82a 

  0x0000020b8038743c: ; ImmutableOopMap {rax=Oop [200]=Oop [208]=Oop [216]=Oop [224]=Oop [232]=Oop [240]=Oop [248]=Oop }
                      ;*synchronization entry
                      ; - java.lang.StringBuilder::append@-1
                      ; - org.eclipse.osgi.internal.loader.classpath.ClasspathManager::findClassImpl@57 (line 671)
  0x0000020b8038743c: 07e9 d0c1 

  0x0000020b80387440: ;   {metadata({method} {0x0000020b8f461ae8} 'append' '(Ljava/lang/String;)Ljava/lang/StringBuilder;' in 'java/lang/StringBuilder')}
  0x0000020b80387440: ffff 49ba | e01a 468f | 0b02 0000 | 4c89 5424 | 0848 c704 | 24ff ffff 

  0x0000020b80387458: ;   {runtime_call counter_overflow Runtime1 stub}
  0x0000020b80387458: ffe8 22e8 

  0x0000020b8038745c: ; ImmutableOopMap {[200]=Oop [208]=Oop [216]=Oop [224]=Oop [232]=Oop [240]=Oop [248]=Oop }
                      ;*synchronization entry
                      ; - java.lang.StringBuilder::append@-1
                      ; - org.eclipse.osgi.internal.loader.classpath.ClasspathManager::findClassImpl@61 (line 671)
  0x0000020b8038745c: 2a07 e924 

  0x0000020b80387460: ;   {metadata({method} {0x0000020b8f461ae8} 'append' '(Ljava/lang/String;)Ljava/lang/StringBuilder;' in 'java/lang/StringBuilder')}
  0x0000020b80387460: c2ff ff49 | bae0 1a46 | 8f0b 0200 | 004c 8954 | 2408 48c7 | 0424 ffff 

  0x0000020b80387478: ;   {runtime_call counter_overflow Runtime1 stub}
  0x0000020b80387478: ffff e801 

  0x0000020b8038747c: ; ImmutableOopMap {[200]=Oop [208]=Oop [216]=Oop [224]=Oop [232]=Oop [240]=Oop [248]=Oop }
                      ;*synchronization entry
                      ; - java.lang.StringBuilder::append@-1
                      ; - org.eclipse.osgi.internal.loader.classpath.ClasspathManager::findClassImpl@67 (line 671)
  0x0000020b8038747c: e82a 07e9 | 83c2 ffff 

  0x0000020b80387484: ;   {metadata({method} {0x0000020b8f008958} 'toString' '()Ljava/lang/String;' in 'java/lang/StringBuilder')}
  0x0000020b80387484: 49ba 5089 | 008f 0b02 | 0000 4c89 | 5424 0848 | c704 24ff 

  0x0000020b80387498: ;   {runtime_call counter_overflow Runtime1 stub}
  0x0000020b80387498: ffff ffe8 

  0x0000020b8038749c: ; ImmutableOopMap {[200]=Oop [208]=Oop [216]=Oop [224]=Oop [232]=Oop [240]=Oop [248]=Oop }
                      ;*synchronization entry
                      ; - java.lang.StringBuilder::toString@-1
                      ; - org.eclipse.osgi.internal.loader.classpath.ClasspathManager::findClassImpl@70 (line 670)
  0x0000020b8038749c: e0e7 2a07 | e9e0 c2ff | ff48 8bd2 

  0x0000020b803874a8: ;   {runtime_call fast_new_instance Runtime1 stub}
  0x0000020b803874a8: e853 a221 

  0x0000020b803874ac: ; ImmutableOopMap {[200]=Oop [208]=Oop [216]=Oop [224]=Oop [232]=Oop [240]=Oop [248]=Oop }
                      ;*new {reexecute=0 rethrow=0 return_oop=0}
                      ; - java.lang.StringBuilder::toString@0
                      ; - org.eclipse.osgi.internal.loader.classpath.ClasspathManager::findClassImpl@70 (line 670)
  0x0000020b803874ac: 07e9 23c3 

  0x0000020b803874b0: ;   {metadata({method} {0x0000020b8f455dd8} '<init>' '(Ljava/lang/StringBuilder;)V' in 'java/lang/String')}
  0x0000020b803874b0: ffff 49ba | d05d 458f | 0b02 0000 | 4c89 5424 | 0848 c704 | 24ff ffff 

  0x0000020b803874c8: ;   {runtime_call counter_overflow Runtime1 stub}
  0x0000020b803874c8: ffe8 b2e7 

  0x0000020b803874cc: ; ImmutableOopMap {rax=Oop [200]=Oop [208]=Oop [216]=Oop [224]=Oop [232]=Oop [240]=Oop [248]=Oop }
                      ;*synchronization entry
                      ; - java.lang.String::<init>@-1
                      ; - java.lang.StringBuilder::toString@5
                      ; - org.eclipse.osgi.internal.loader.classpath.ClasspathManager::findClassImpl@70 (line 670)
  0x0000020b803874cc: 2a07 e943 

  0x0000020b803874d0: ;   {runtime_call throw_null_pointer_exception Runtime1 stub}
  0x0000020b803874d0: c3ff ffe8 

  0x0000020b803874d4: ; ImmutableOopMap {rbx=Oop [200]=Oop [208]=Oop [216]=Oop [224]=Oop [240]=Oop [248]=Oop [256]=Oop }
                      ;*invokevirtual trace {reexecute=0 rethrow=0 return_oop=0}
                      ; - org.eclipse.osgi.internal.loader.classpath.ClasspathManager::findClassImpl@73 (line 669)
  0x0000020b803874d4: 28ab 2107 

  0x0000020b803874d8: ;   {metadata({method} {0x0000020bfa4e5400} 'trace' '(Ljava/lang/String;Ljava/lang/String;)V' in 'org/eclipse/osgi/internal/debug/Debug')}
  0x0000020b803874d8: 49ba f853 | 4efa 0b02 | 0000 4c89 | 5424 0848 | c704 24ff 

  0x0000020b803874ec: ;   {runtime_call counter_overflow Runtime1 stub}
  0x0000020b803874ec: ffff ffe8 

  0x0000020b803874f0: ; ImmutableOopMap {rbx=Oop [200]=Oop [208]=Oop [216]=Oop [224]=Oop [240]=Oop [248]=Oop [256]=Oop }
                      ;*synchronization entry
                      ; - org.eclipse.osgi.internal.debug.Debug::trace@-1 (line 256)
                      ; - org.eclipse.osgi.internal.loader.classpath.ClasspathManager::findClassImpl@73 (line 669)
  0x0000020b803874f0: 8ce7 2a07 | e9c0 c3ff 

  0x0000020b803874f8: ;   {runtime_call throw_incompatible_class_change_error Runtime1 stub}
  0x0000020b803874f8: ffe8 82bd 

  0x0000020b803874fc: ; ImmutableOopMap {rdx=Oop [200]=Oop [208]=Oop [216]=Oop [224]=Oop [248]=Oop [256]=Oop }
                      ;*invokeinterface getLogger {reexecute=0 rethrow=0 return_oop=0}
                      ; - org.eclipse.osgi.internal.debug.Debug::trace@11 (line 265)
                      ; - org.eclipse.osgi.internal.loader.classpath.ClasspathManager::findClassImpl@73 (line 669)
                      ;   {runtime_call throw_null_pointer_exception Runtime1 stub}
  0x0000020b803874fc: 2a07 e8fd 

  0x0000020b80387500: ; ImmutableOopMap {rdx=Oop [200]=Oop [208]=Oop [216]=Oop [224]=Oop [248]=Oop [256]=Oop }
                      ;*invokeinterface getLogger {reexecute=0 rethrow=0 return_oop=0}
                      ; - org.eclipse.osgi.internal.debug.Debug::trace@11 (line 265)
                      ; - org.eclipse.osgi.internal.loader.classpath.ClasspathManager::findClassImpl@73 (line 669)
                      ;   {metadata({method} {0x0000020bfa50ca90} 'getLogger' '(Ljava/lang/String;)Lorg/osgi/service/log/Logger;' in 'org/eclipse/osgi/internal/log/ExtendedLogServiceImpl')}
  0x0000020b80387500: aa21 0749 | ba88 ca50 | fa0b 0200 | 004c 8954 | 2408 48c7 | 0424 ffff 

  0x0000020b80387518: ;   {runtime_call counter_overflow Runtime1 stub}
  0x0000020b80387518: ffff e861 

  0x0000020b8038751c: ; ImmutableOopMap {rdx=Oop [200]=Oop [208]=Oop [216]=Oop [224]=Oop [248]=Oop [256]=Oop }
                      ;*synchronization entry
                      ; - org.eclipse.osgi.internal.log.ExtendedLogServiceImpl::getLogger@-1 (line 1)
                      ; - org.eclipse.osgi.internal.debug.Debug::trace@11 (line 265)
                      ; - org.eclipse.osgi.internal.loader.classpath.ClasspathManager::findClassImpl@73 (line 669)
  0x0000020b8038751c: e72a 07e9 | 51c4 ffff 

  0x0000020b80387524: ;   {metadata({method} {0x0000020bfa50a318} 'getLogger' '(Ljava/lang/String;)Lorg/eclipse/equinox/log/Logger;' in 'org/eclipse/osgi/internal/log/ExtendedLogServiceImpl')}
  0x0000020b80387524: 49ba 10a3 | 50fa 0b02 | 0000 4c89 | 5424 0848 | c704 24ff 

  0x0000020b80387538: ;   {runtime_call counter_overflow Runtime1 stub}
  0x0000020b80387538: ffff ffe8 

  0x0000020b8038753c: ; ImmutableOopMap {rdx=Oop [200]=Oop [208]=Oop [216]=Oop [224]=Oop [248]=Oop [256]=Oop }
                      ;*synchronization entry
                      ; - org.eclipse.osgi.internal.log.ExtendedLogServiceImpl::getLogger@-1 (line 73)
                      ; - org.eclipse.osgi.internal.log.ExtendedLogServiceImpl::getLogger@2 (line 1)
                      ; - org.eclipse.osgi.internal.debug.Debug::trace@11 (line 265)
                      ; - org.eclipse.osgi.internal.loader.classpath.ClasspathManager::findClassImpl@73 (line 669)
  0x0000020b8038753c: 40e7 2a07 | e982 c4ff | ff48 8904 

  0x0000020b80387548: ;   {runtime_call throw_class_cast_exception Runtime1 stub}
  0x0000020b80387548: 24e8 32ba 

  0x0000020b8038754c: ; ImmutableOopMap {[200]=Oop [208]=Oop [216]=Oop [224]=Oop [248]=Oop [256]=Oop }
                      ;*checkcast {reexecute=0 rethrow=0 return_oop=0}
                      ; - org.eclipse.osgi.internal.log.ExtendedLogServiceImpl::getLogger@7 (line 73)
                      ; - org.eclipse.osgi.internal.log.ExtendedLogServiceImpl::getLogger@2 (line 1)
                      ; - org.eclipse.osgi.internal.debug.Debug::trace@11 (line 265)
                      ; - org.eclipse.osgi.internal.loader.classpath.ClasspathManager::findClassImpl@73 (line 669)
                      ;   {runtime_call throw_null_pointer_exception Runtime1 stub}
  0x0000020b8038754c: 2a07 e8ad 

  0x0000020b80387550: ; ImmutableOopMap {rdx=Oop [200]=Oop [208]=Oop [216]=Oop [224]=Oop [248]=Oop [256]=Oop }
                      ;*invokeinterface debug {reexecute=0 rethrow=0 return_oop=0}
                      ; - org.eclipse.osgi.internal.debug.Debug::trace@17 (line 265)
                      ; - org.eclipse.osgi.internal.loader.classpath.ClasspathManager::findClassImpl@73 (line 669)
                      ;   {runtime_call throw_null_pointer_exception Runtime1 stub}
  0x0000020b80387550: aa21 07e8 

  0x0000020b80387554: ; ImmutableOopMap {rax=Oop rdx=Oop [200]=Oop [208]=Oop [216]=Oop [224]=Oop [248]=Oop }
                      ;*invokevirtual println {reexecute=0 rethrow=0 return_oop=0}
                      ; - org.eclipse.osgi.internal.debug.Debug::trace@29 (line 267)
                      ; - org.eclipse.osgi.internal.loader.classpath.ClasspathManager::findClassImpl@73 (line 669)
  0x0000020b80387554: a8aa 2107 

  0x0000020b80387558: ;   {runtime_call throw_null_pointer_exception Runtime1 stub}
  0x0000020b80387558: e8a3 aa21 

  0x0000020b8038755c: ; ImmutableOopMap {r8=Oop [200]=Oop [208]=Oop [216]=Oop [224]=Oop [248]=Oop }
                      ;*invokevirtual replace {reexecute=0 rethrow=0 return_oop=0}
                      ; - org.eclipse.osgi.internal.loader.classpath.ClasspathManager::findClassImpl@81 (line 673)
                      ;   {runtime_call throw_null_pointer_exception Runtime1 stub}
  0x0000020b8038755c: 07e8 9eaa 

  0x0000020b80387560: ; ImmutableOopMap {rax=Oop [200]=Oop [208]=Oop [216]=Oop [224]=Oop [248]=Oop }
                      ;*invokevirtual concat {reexecute=0 rethrow=0 return_oop=0}
                      ; - org.eclipse.osgi.internal.loader.classpath.ClasspathManager::findClassImpl@87 (line 673)
                      ;   {metadata({method} {0x0000020b8f452db8} 'concat' '(Ljava/lang/String;)Ljava/lang/String;' in 'java/lang/String')}
  0x0000020b80387560: 2107 49ba | b02d 458f | 0b02 0000 | 4c89 5424 | 0848 c704 | 24ff ffff 

  0x0000020b80387578: ;   {runtime_call counter_overflow Runtime1 stub}
  0x0000020b80387578: ffe8 02e7 

  0x0000020b8038757c: ; ImmutableOopMap {rax=Oop [200]=Oop [208]=Oop [216]=Oop [224]=Oop [248]=Oop }
                      ;*synchronization entry
                      ; - java.lang.String::concat@-1
                      ; - org.eclipse.osgi.internal.loader.classpath.ClasspathManager::findClassImpl@87 (line 673)
  0x0000020b8038757c: 2a07 e930 

  0x0000020b80387580: ;   {metadata({method} {0x0000020b8f00ef40} 'isEmpty' '()Z' in 'java/lang/String')}
  0x0000020b80387580: c7ff ff49 | ba38 ef00 | 8f0b 0200 | 004c 8954 | 2408 48c7 | 0424 ffff 

  0x0000020b80387598: ;   {runtime_call counter_overflow Runtime1 stub}
  0x0000020b80387598: ffff e8e1 

  0x0000020b8038759c: ; ImmutableOopMap {rax=Oop [200]=Oop [208]=Oop [216]=Oop [224]=Oop [248]=Oop }
                      ;*synchronization entry
                      ; - java.lang.String::isEmpty@-1
                      ; - java.lang.String::concat@1
                      ; - org.eclipse.osgi.internal.loader.classpath.ClasspathManager::findClassImpl@87 (line 673)
  0x0000020b8038759c: e62a 07e9 | 52c7 ffff 

  0x0000020b803875a4: ;   {metadata({method} {0x0000020b8f41fad0} 'simpleConcat' '(Ljava/lang/Object;Ljava/lang/Object;)Ljava/lang/String;' in 'java/lang/StringConcatHelper')}
  0x0000020b803875a4: 49ba c8fa | 418f 0b02 | 0000 4c89 | 5424 0848 | c704 24ff 

  0x0000020b803875b8: ;   {runtime_call counter_overflow Runtime1 stub}
  0x0000020b803875b8: ffff ffe8 

  0x0000020b803875bc: ; ImmutableOopMap {rax=Oop [200]=Oop [208]=Oop [216]=Oop [224]=Oop [248]=Oop }
                      ;*synchronization entry
                      ; - java.lang.StringConcatHelper::simpleConcat@-1
                      ; - java.lang.String::concat@11
                      ; - org.eclipse.osgi.internal.loader.classpath.ClasspathManager::findClassImpl@87 (line 673)
  0x0000020b803875bc: c0e6 2a07 | e98a c7ff 

  0x0000020b803875c4: ;   {metadata({method} {0x0000020b8f41f340} 'stringOf' '(Ljava/lang/Object;)Ljava/lang/String;' in 'java/lang/StringConcatHelper')}
  0x0000020b803875c4: ff49 ba38 | f341 8f0b | 0200 004c | 8954 2408 | 48c7 0424 | ffff ffff 

  0x0000020b803875dc: ;   {runtime_call counter_overflow Runtime1 stub}
  0x0000020b803875dc: e89f e62a 

  0x0000020b803875e0: ; ImmutableOopMap {rax=Oop [200]=Oop [208]=Oop [216]=Oop [224]=Oop [248]=Oop }
                      ;*synchronization entry
                      ; - java.lang.StringConcatHelper::stringOf@-1
                      ; - java.lang.StringConcatHelper::simpleConcat@1
                      ; - java.lang.String::concat@11
                      ; - org.eclipse.osgi.internal.loader.classpath.ClasspathManager::findClassImpl@87 (line 673)
  0x0000020b803875e0: 07e9 a2c7 

  0x0000020b803875e4: ;   {metadata({method} {0x0000020b8f00eb78} 'toString' '()Ljava/lang/String;' in 'java/lang/String')}
  0x0000020b803875e4: ffff 49ba | 70eb 008f | 0b02 0000 | 4c89 5424 | 0848 c704 | 24ff ffff 

  0x0000020b803875fc: ;   {runtime_call counter_overflow Runtime1 stub}
  0x0000020b803875fc: ffe8 7ee6 

  0x0000020b80387600: ; ImmutableOopMap {rax=Oop [200]=Oop [208]=Oop [216]=Oop [224]=Oop [248]=Oop }
                      ;*synchronization entry
                      ; - java.lang.String::toString@-1
                      ; - java.lang.StringConcatHelper::stringOf@5
                      ; - java.lang.StringConcatHelper::simpleConcat@1
                      ; - java.lang.String::concat@11
                      ; - org.eclipse.osgi.internal.loader.classpath.ClasspathManager::findClassImpl@87 (line 673)
  0x0000020b80387600: 2a07 e9ec 

  0x0000020b80387604: ;   {metadata({method} {0x0000020b8f41f340} 'stringOf' '(Ljava/lang/Object;)Ljava/lang/String;' in 'java/lang/StringConcatHelper')}
  0x0000020b80387604: c7ff ff49 | ba38 f341 | 8f0b 0200 | 004c 8954 | 2408 48c7 | 0424 ffff 

  0x0000020b8038761c: ;   {runtime_call counter_overflow Runtime1 stub}
  0x0000020b8038761c: ffff e85d 

  0x0000020b80387620: ; ImmutableOopMap {rax=Oop [200]=Oop [208]=Oop [216]=Oop [224]=Oop [248]=Oop }
                      ;*synchronization entry
                      ; - java.lang.StringConcatHelper::stringOf@-1
                      ; - java.lang.StringConcatHelper::simpleConcat@6
                      ; - java.lang.String::concat@11
                      ; - org.eclipse.osgi.internal.loader.classpath.ClasspathManager::findClassImpl@87 (line 673)
  0x0000020b80387620: e62a 07e9 | 4dc8 ffff 

  0x0000020b80387628: ;   {metadata({method} {0x0000020b8f00eb78} 'toString' '()Ljava/lang/String;' in 'java/lang/String')}
  0x0000020b80387628: 49ba 70eb | 008f 0b02 | 0000 4c89 | 5424 0848 | c704 24ff 

  0x0000020b8038763c: ;   {runtime_call counter_overflow Runtime1 stub}
  0x0000020b8038763c: ffff ffe8 

  0x0000020b80387640: ; ImmutableOopMap {rax=Oop [200]=Oop [208]=Oop [216]=Oop [224]=Oop [248]=Oop }
                      ;*synchronization entry
                      ; - java.lang.String::toString@-1
                      ; - java.lang.StringConcatHelper::stringOf@5
                      ; - java.lang.StringConcatHelper::simpleConcat@6
                      ; - java.lang.String::concat@11
                      ; - org.eclipse.osgi.internal.loader.classpath.ClasspathManager::findClassImpl@87 (line 673)
  0x0000020b80387640: 3ce6 2a07 | e97f c8ff 

  0x0000020b80387648: ;   {runtime_call throw_null_pointer_exception Runtime1 stub}
  0x0000020b80387648: ffe8 b2a9 

  0x0000020b8038764c: ; ImmutableOopMap {rax=Oop [200]=Oop [208]=Oop [216]=Oop [224]=Oop [248]=Oop }
                      ;*invokevirtual isEmpty {reexecute=0 rethrow=0 return_oop=0}
                      ; - java.lang.StringConcatHelper::simpleConcat@11
                      ; - java.lang.String::concat@11
                      ; - org.eclipse.osgi.internal.loader.classpath.ClasspathManager::findClassImpl@87 (line 673)
                      ;   {metadata({method} {0x0000020b8f00ef40} 'isEmpty' '()Z' in 'java/lang/String')}
  0x0000020b8038764c: 2107 49ba | 38ef 008f | 0b02 0000 | 4c89 5424 | 0848 c704 | 24ff ffff 

  0x0000020b80387664: ;   {runtime_call counter_overflow Runtime1 stub}
  0x0000020b80387664: ffe8 16e6 

  0x0000020b80387668: ; ImmutableOopMap {rax=Oop [200]=Oop [208]=Oop [216]=Oop [224]=Oop [248]=Oop }
                      ;*synchronization entry
                      ; - java.lang.String::isEmpty@-1
                      ; - java.lang.StringConcatHelper::simpleConcat@11
                      ; - java.lang.String::concat@11
                      ; - org.eclipse.osgi.internal.loader.classpath.ClasspathManager::findClassImpl@87 (line 673)
  0x0000020b80387668: 2a07 e9a8 

  0x0000020b8038766c: ;   {runtime_call throw_null_pointer_exception Runtime1 stub}
  0x0000020b8038766c: c8ff ffe8 

  0x0000020b80387670: ; ImmutableOopMap {rax=Oop [200]=Oop [208]=Oop [216]=Oop [224]=Oop [248]=Oop }
                      ;*arraylength {reexecute=0 rethrow=0 return_oop=0}
                      ; - java.lang.String::isEmpty@4
                      ; - java.lang.StringConcatHelper::simpleConcat@11
                      ; - java.lang.String::concat@11
                      ; - org.eclipse.osgi.internal.loader.classpath.ClasspathManager::findClassImpl@87 (line 673)
  0x0000020b80387670: 8ca9 2107 

  0x0000020b80387674: ;   {runtime_call fast_new_instance Runtime1 stub}
  0x0000020b80387674: 488b d2e8 

  0x0000020b80387678: ; ImmutableOopMap {[200]=Oop [208]=Oop [216]=Oop [224]=Oop [248]=Oop }
                      ;*new {reexecute=0 rethrow=0 return_oop=0}
                      ; - java.lang.StringConcatHelper::simpleConcat@17
                      ; - java.lang.String::concat@11
                      ; - org.eclipse.osgi.internal.loader.classpath.ClasspathManager::findClassImpl@87 (line 673)
  0x0000020b80387678: 84a0 2107 | e96a c9ff 

  0x0000020b80387680: ;   {metadata({method} {0x0000020b8f00ef40} 'isEmpty' '()Z' in 'java/lang/String')}
  0x0000020b80387680: ff49 ba38 | ef00 8f0b | 0200 004c | 8954 2408 | 48c7 0424 | ffff ffff 

  0x0000020b80387698: ;   {runtime_call counter_overflow Runtime1 stub}
  0x0000020b80387698: e8e3 e52a 

  0x0000020b8038769c: ; ImmutableOopMap {rax=Oop [200]=Oop [208]=Oop [216]=Oop [224]=Oop [248]=Oop }
                      ;*synchronization entry
                      ; - java.lang.String::isEmpty@-1
                      ; - java.lang.StringConcatHelper::simpleConcat@27
                      ; - java.lang.String::concat@11
                      ; - org.eclipse.osgi.internal.loader.classpath.ClasspathManager::findClassImpl@87 (line 673)
  0x0000020b8038769c: 07e9 d7c9 

  0x0000020b803876a0: ;   {metadata({method} {0x0000020b8f41f3f0} 'initialCoder' '()J' in 'java/lang/StringConcatHelper')}
  0x0000020b803876a0: ffff 49ba | e8f3 418f | 0b02 0000 | 4c89 5424 | 0848 c704 | 24ff ffff 

  0x0000020b803876b8: ;   {runtime_call counter_overflow Runtime1 stub}
  0x0000020b803876b8: ffe8 c2e5 

  0x0000020b803876bc: ; ImmutableOopMap {rax=Oop [200]=Oop [208]=Oop [216]=Oop [224]=Oop [248]=Oop }
                      ;*synchronization entry
                      ; - java.lang.StringConcatHelper::initialCoder@-1
                      ; - java.lang.StringConcatHelper::simpleConcat@42
                      ; - java.lang.String::concat@11
                      ; - org.eclipse.osgi.internal.loader.classpath.ClasspathManager::findClassImpl@87 (line 673)
  0x0000020b803876bc: 2a07 e914 

  0x0000020b803876c0: ;   {metadata({method} {0x0000020b8f41f918} 'mix' '(JLjava/lang/String;)J' in 'java/lang/StringConcatHelper')}
  0x0000020b803876c0: caff ff49 | ba10 f941 | 8f0b 0200 | 004c 8954 | 2408 48c7 | 0424 ffff 

  0x0000020b803876d8: ;   {runtime_call counter_overflow Runtime1 stub}
  0x0000020b803876d8: ffff e8a1 

  0x0000020b803876dc: ; ImmutableOopMap {rax=Oop [200]=Oop [208]=Oop [216]=Oop [224]=Oop [248]=Oop }
                      ;*synchronization entry
                      ; - java.lang.StringConcatHelper::mix@-1
                      ; - java.lang.StringConcatHelper::simpleConcat@46
                      ; - java.lang.String::concat@11
                      ; - org.eclipse.osgi.internal.loader.classpath.ClasspathManager::findClassImpl@87 (line 673)
  0x0000020b803876dc: e52a 07e9 | 51ca ffff 

  0x0000020b803876e4: ;   {metadata({method} {0x0000020b8f00ee90} 'length' '()I' in 'java/lang/String')}
  0x0000020b803876e4: 49ba 88ee | 008f 0b02 | 0000 4c89 | 5424 0848 | c704 24ff 

  0x0000020b803876f8: ;   {runtime_call counter_overflow Runtime1 stub}
  0x0000020b803876f8: ffff ffe8 

  0x0000020b803876fc: ; ImmutableOopMap {rax=Oop [200]=Oop [208]=Oop [216]=Oop [224]=Oop [248]=Oop }
                      ;*synchronization entry
                      ; - java.lang.String::length@-1
                      ; - java.lang.StringConcatHelper::mix@2
                      ; - java.lang.StringConcatHelper::simpleConcat@46
                      ; - java.lang.String::concat@11
                      ; - org.eclipse.osgi.internal.loader.classpath.ClasspathManager::findClassImpl@87 (line 673)
  0x0000020b803876fc: 80e5 2a07 | e971 caff 

  0x0000020b80387704: ;   {metadata({method} {0x0000020b8f455018} 'coder' '()B' in 'java/lang/String')}
  0x0000020b80387704: ff49 ba10 | 5045 8f0b | 0200 004c | 8954 2408 | 48c7 0424 | ffff ffff 

  0x0000020b8038771c: ;   {runtime_call counter_overflow Runtime1 stub}
  0x0000020b8038771c: e85f e52a 

  0x0000020b80387720: ; ImmutableOopMap {rax=Oop [200]=Oop [208]=Oop [216]=Oop [224]=Oop [248]=Oop }
                      ;*synchronization entry
                      ; - java.lang.String::coder@-1
                      ; - java.lang.String::length@6
                      ; - java.lang.StringConcatHelper::mix@2
                      ; - java.lang.StringConcatHelper::simpleConcat@46
                      ; - java.lang.String::concat@11
                      ; - org.eclipse.osgi.internal.loader.classpath.ClasspathManager::findClassImpl@87 (line 673)
  0x0000020b80387720: 07e9 91ca 

  0x0000020b80387724: ;   {metadata({method} {0x0000020b8f455018} 'coder' '()B' in 'java/lang/String')}
  0x0000020b80387724: ffff 49ba | 1050 458f | 0b02 0000 | 4c89 5424 | 0848 c704 | 24ff ffff 

  0x0000020b8038773c: ;   {runtime_call counter_overflow Runtime1 stub}
  0x0000020b8038773c: ffe8 3ee5 

  0x0000020b80387740: ; ImmutableOopMap {rax=Oop [200]=Oop [208]=Oop [216]=Oop [224]=Oop [248]=Oop }
                      ;*synchronization entry
                      ; - java.lang.String::coder@-1
                      ; - java.lang.StringConcatHelper::mix@9
                      ; - java.lang.StringConcatHelper::simpleConcat@46
                      ; - java.lang.String::concat@11
                      ; - org.eclipse.osgi.internal.loader.classpath.ClasspathManager::findClassImpl@87 (line 673)
  0x0000020b80387740: 2a07 e9e8 

  0x0000020b80387744: ;   {metadata({method} {0x0000020b8f41f398} 'checkOverflow' '(J)J' in 'java/lang/StringConcatHelper')}
  0x0000020b80387744: caff ff49 | ba90 f341 | 8f0b 0200 | 004c 8954 | 2408 48c7 | 0424 ffff 

  0x0000020b8038775c: ;   {runtime_call counter_overflow Runtime1 stub}
  0x0000020b8038775c: ffff e81d 

  0x0000020b80387760: ; ImmutableOopMap {rax=Oop [200]=Oop [208]=Oop [216]=Oop [224]=Oop [248]=Oop }
                      ;*synchronization entry
                      ; - java.lang.StringConcatHelper::checkOverflow@-1
                      ; - java.lang.StringConcatHelper::mix@23
                      ; - java.lang.StringConcatHelper::simpleConcat@46
                      ; - java.lang.String::concat@11
                      ; - org.eclipse.osgi.internal.loader.classpath.ClasspathManager::findClassImpl@87 (line 673)
  0x0000020b80387760: e52a 07e9 | 62cb ffff 

  0x0000020b80387768: ;   {metadata({method} {0x0000020b8f41f918} 'mix' '(JLjava/lang/String;)J' in 'java/lang/StringConcatHelper')}
  0x0000020b80387768: 49ba 10f9 | 418f 0b02 | 0000 4c89 | 5424 0848 | c704 24ff 

  0x0000020b8038777c: ;   {runtime_call counter_overflow Runtime1 stub}
  0x0000020b8038777c: ffff ffe8 

  0x0000020b80387780: ; ImmutableOopMap {rax=Oop [200]=Oop [208]=Oop [216]=Oop [224]=Oop [248]=Oop }
                      ;*synchronization entry
                      ; - java.lang.StringConcatHelper::mix@-1
                      ; - java.lang.StringConcatHelper::simpleConcat@54
                      ; - java.lang.String::concat@11
                      ; - org.eclipse.osgi.internal.loader.classpath.ClasspathManager::findClassImpl@87 (line 673)
  0x0000020b80387780: fce4 2a07 | e9af cbff 

  0x0000020b80387788: ;   {metadata({method} {0x0000020b8f00ee90} 'length' '()I' in 'java/lang/String')}
  0x0000020b80387788: ff49 ba88 | ee00 8f0b | 0200 004c | 8954 2408 | 48c7 0424 | ffff ffff 

  0x0000020b803877a0: ;   {runtime_call counter_overflow Runtime1 stub}
  0x0000020b803877a0: e8db e42a 

  0x0000020b803877a4: ; ImmutableOopMap {rax=Oop rcx=Oop [200]=Oop [208]=Oop [216]=Oop [224]=Oop [248]=Oop }
                      ;*synchronization entry
                      ; - java.lang.String::length@-1
                      ; - java.lang.StringConcatHelper::mix@2
                      ; - java.lang.StringConcatHelper::simpleConcat@54
                      ; - java.lang.String::concat@11
                      ; - org.eclipse.osgi.internal.loader.classpath.ClasspathManager::findClassImpl@87 (line 673)
  0x0000020b803877a4: 07e9 d9cb 

  0x0000020b803877a8: ;   {metadata({method} {0x0000020b8f455018} 'coder' '()B' in 'java/lang/String')}
  0x0000020b803877a8: ffff 49ba | 1050 458f | 0b02 0000 | 4c89 5424 | 0848 c704 | 24ff ffff 

  0x0000020b803877c0: ;   {runtime_call counter_overflow Runtime1 stub}
  0x0000020b803877c0: ffe8 bae4 

  0x0000020b803877c4: ; ImmutableOopMap {rax=Oop [200]=Oop [208]=Oop [216]=Oop [224]=Oop [248]=Oop }
                      ;*synchronization entry
                      ; - java.lang.String::coder@-1
                      ; - java.lang.String::length@6
                      ; - java.lang.StringConcatHelper::mix@2
                      ; - java.lang.StringConcatHelper::simpleConcat@54
                      ; - java.lang.String::concat@11
                      ; - org.eclipse.osgi.internal.loader.classpath.ClasspathManager::findClassImpl@87 (line 673)
  0x0000020b803877c4: 2a07 e9f6 

  0x0000020b803877c8: ;   {metadata({method} {0x0000020b8f455018} 'coder' '()B' in 'java/lang/String')}
  0x0000020b803877c8: cbff ff49 | ba10 5045 | 8f0b 0200 | 004c 8954 | 2408 48c7 | 0424 ffff 

  0x0000020b803877e0: ;   {runtime_call counter_overflow Runtime1 stub}
  0x0000020b803877e0: ffff e899 

  0x0000020b803877e4: ; ImmutableOopMap {rax=Oop [200]=Oop [208]=Oop [216]=Oop [224]=Oop [248]=Oop }
                      ;*synchronization entry
                      ; - java.lang.String::coder@-1
                      ; - java.lang.StringConcatHelper::mix@9
                      ; - java.lang.StringConcatHelper::simpleConcat@54
                      ; - java.lang.String::concat@11
                      ; - org.eclipse.osgi.internal.loader.classpath.ClasspathManager::findClassImpl@87 (line 673)
  0x0000020b803877e4: e42a 07e9 | 4fcc ffff 

  0x0000020b803877ec: ;   {metadata({method} {0x0000020b8f41f398} 'checkOverflow' '(J)J' in 'java/lang/StringConcatHelper')}
  0x0000020b803877ec: 49ba 90f3 | 418f 0b02 | 0000 4c89 | 5424 0848 | c704 24ff 

  0x0000020b80387800: ;   {runtime_call counter_overflow Runtime1 stub}
  0x0000020b80387800: ffff ffe8 

  0x0000020b80387804: ; ImmutableOopMap {rax=Oop [200]=Oop [208]=Oop [216]=Oop [224]=Oop [248]=Oop }
                      ;*synchronization entry
                      ; - java.lang.StringConcatHelper::checkOverflow@-1
                      ; - java.lang.StringConcatHelper::mix@23
                      ; - java.lang.StringConcatHelper::simpleConcat@54
                      ; - java.lang.String::concat@11
                      ; - org.eclipse.osgi.internal.loader.classpath.ClasspathManager::findClassImpl@87 (line 673)
  0x0000020b80387804: 78e4 2a07 | e99c ccff 

  0x0000020b8038780c: ;   {metadata({method} {0x0000020b8f41fbd8} 'newArray' '(J)[B' in 'java/lang/StringConcatHelper')}
  0x0000020b8038780c: ff49 bad0 | fb41 8f0b | 0200 004c | 8954 2408 | 48c7 0424 | ffff ffff 

  0x0000020b80387824: ;   {runtime_call counter_overflow Runtime1 stub}
  0x0000020b80387824: e857 e42a 

  0x0000020b80387828: ; ImmutableOopMap {rax=Oop [200]=Oop [208]=Oop [216]=Oop [224]=Oop [248]=Oop }
                      ;*synchronization entry
                      ; - java.lang.StringConcatHelper::newArray@-1
                      ; - java.lang.StringConcatHelper::simpleConcat@61
                      ; - java.lang.String::concat@11
                      ; - org.eclipse.osgi.internal.loader.classpath.ClasspathManager::findClassImpl@87 (line 673)
  0x0000020b80387828: 07e9 ebcc | ffff 4889 

  0x0000020b80387830: ;   {runtime_call throw_class_cast_exception Runtime1 stub}
  0x0000020b80387830: 0424 e849 

  0x0000020b80387834: ; ImmutableOopMap {[200]=Oop [208]=Oop [216]=Oop [224]=Oop [248]=Oop [280]=Oop }
                      ;*checkcast {reexecute=0 rethrow=0 return_oop=0}
                      ; - java.lang.StringConcatHelper::newArray@36
                      ; - java.lang.StringConcatHelper::simpleConcat@61
                      ; - java.lang.String::concat@11
                      ; - org.eclipse.osgi.internal.loader.classpath.ClasspathManager::findClassImpl@87 (line 673)
                      ;   {runtime_call throw_null_pointer_exception Runtime1 stub}
  0x0000020b80387834: b72a 07e8 

  0x0000020b80387838: ; ImmutableOopMap {rax=Oop r9=Oop [200]=Oop [208]=Oop [216]=Oop [224]=Oop [248]=Oop }
                      ;*invokevirtual findEntry {reexecute=0 rethrow=0 return_oop=0}
                      ; - org.eclipse.osgi.internal.loader.classpath.ClasspathManager::findClassImpl@95 (line 675)
  0x0000020b80387838: c4a7 2107 

  0x0000020b8038783c: ;   {runtime_call throw_null_pointer_exception Runtime1 stub}
  0x0000020b8038783c: e8bf a721 

  0x0000020b80387840: ; ImmutableOopMap {rax=Oop [200]=Oop [208]=Oop [216]=Oop [224]=Oop [248]=Oop [296]=Oop }
                      ;*invokevirtual getBytes {reexecute=0 rethrow=0 return_oop=0}
                      ; - org.eclipse.osgi.internal.loader.classpath.ClasspathManager::findClassImpl@109 (line 681)
                      ;   {metadata(nullptr)}
  0x0000020b80387840: 0748 ba00 | 0000 0000 | 0000 00b8 | 000f 050a 

  0x0000020b80387850: ;   {runtime_call load_klass_patching Runtime1 stub}
  0x0000020b80387850: e8ab d32a 

  0x0000020b80387854: ; ImmutableOopMap {r11=Oop [200]=Oop [208]=Oop [216]=Oop [224]=Oop [248]=Oop [296]=Oop [304]=Oop [312]=Oop [328]=Oop }
                      ;*new {reexecute=1 rethrow=0 return_oop=0}
                      ; - (reexecute) org.eclipse.osgi.internal.loader.classpath.ClasspathManager::findClassImpl@208 (line 690)
  0x0000020b80387854: 07e9 76d0 | ffff 488b 

  0x0000020b8038785c: ;   {runtime_call fast_new_instance Runtime1 stub}
  0x0000020b8038785c: d2e8 9e9e 

  0x0000020b80387860: ; ImmutableOopMap {r11=Oop [200]=Oop [208]=Oop [216]=Oop [224]=Oop [248]=Oop [296]=Oop [304]=Oop [312]=Oop [328]=Oop }
                      ;*new {reexecute=0 rethrow=0 return_oop=0}
                      ; - org.eclipse.osgi.internal.loader.classpath.ClasspathManager::findClassImpl@208 (line 690)
  0x0000020b80387860: 2107 e9b9 

  0x0000020b80387864: ;   {metadata({method} {0x0000020b8f461da8} '<init>' '(Ljava/lang/String;)V' in 'java/lang/StringBuilder')}
  0x0000020b80387864: d0ff ff49 | baa0 1d46 | 8f0b 0200 | 004c 8954 | 2408 48c7 | 0424 ffff 

  0x0000020b8038787c: ;   {runtime_call counter_overflow Runtime1 stub}
  0x0000020b8038787c: ffff e8fd 

  0x0000020b80387880: ; ImmutableOopMap {r11=Oop rax=Oop [200]=Oop [208]=Oop [216]=Oop [224]=Oop [248]=Oop [296]=Oop [304]=Oop [312]=Oop [320]=Oop [328]=Oop }
                      ;*synchronization entry
                      ; - java.lang.StringBuilder::<init>@-1
                      ; - org.eclipse.osgi.internal.loader.classpath.ClasspathManager::findClassImpl@215 (line 690)
  0x0000020b80387880: e32a 07e9 | ded0 ffff 

  0x0000020b80387888: ;   {runtime_call throw_null_pointer_exception Runtime1 stub}
  0x0000020b80387888: e873 a721 

  0x0000020b8038788c: ; ImmutableOopMap {rax=Oop [200]=Oop [208]=Oop [216]=Oop [224]=Oop [248]=Oop [296]=Oop [304]=Oop [312]=Oop [320]=Oop [328]=Oop }
                      ;*arraylength {reexecute=0 rethrow=0 return_oop=0}
                      ; - org.eclipse.osgi.internal.loader.classpath.ClasspathManager::findClassImpl@220 (line 690)
                      ;   {metadata({method} {0x0000020b8f461880} 'append' '(I)Ljava/lang/StringBuilder;' in 'java/lang/StringBuilder')}
  0x0000020b8038788c: 0749 ba78 | 1846 8f0b | 0200 004c | 8954 2408 | 48c7 0424 | ffff ffff 

  0x0000020b803878a4: ;   {runtime_call counter_overflow Runtime1 stub}
  0x0000020b803878a4: e8d7 e32a 

  0x0000020b803878a8: ; ImmutableOopMap {rax=Oop [200]=Oop [208]=Oop [216]=Oop [224]=Oop [248]=Oop [296]=Oop [304]=Oop [312]=Oop [320]=Oop [328]=Oop }
                      ;*synchronization entry
                      ; - java.lang.StringBuilder::append@-1
                      ; - org.eclipse.osgi.internal.loader.classpath.ClasspathManager::findClassImpl@221 (line 690)
  0x0000020b803878a8: 07e9 3bd1 

  0x0000020b803878ac: ;   {metadata({method} {0x0000020b8f461ae8} 'append' '(Ljava/lang/String;)Ljava/lang/StringBuilder;' in 'java/lang/StringBuilder')}
  0x0000020b803878ac: ffff 49ba | e01a 468f | 0b02 0000 | 4c89 5424 | 0848 c704 | 24ff ffff 

  0x0000020b803878c4: ;   {runtime_call counter_overflow Runtime1 stub}
  0x0000020b803878c4: ffe8 b6e3 

  0x0000020b803878c8: ; ImmutableOopMap {[200]=Oop [208]=Oop [216]=Oop [224]=Oop [248]=Oop [296]=Oop [304]=Oop [312]=Oop [320]=Oop [328]=Oop }
                      ;*synchronization entry
                      ; - java.lang.StringBuilder::append@-1
                      ; - org.eclipse.osgi.internal.loader.classpath.ClasspathManager::findClassImpl@227 (line 690)
  0x0000020b803878c8: 2a07 e990 

  0x0000020b803878cc: ;   {metadata({method} {0x0000020b8f461b40} 'append' '(Ljava/lang/Object;)Ljava/lang/StringBuilder;' in 'java/lang/StringBuilder')}
  0x0000020b803878cc: d1ff ff49 | ba38 1b46 | 8f0b 0200 | 004c 8954 | 2408 48c7 | 0424 ffff 

  0x0000020b803878e4: ;   {runtime_call counter_overflow Runtime1 stub}
  0x0000020b803878e4: ffff e895 

  0x0000020b803878e8: ; ImmutableOopMap {r9=Oop r8=Oop [200]=Oop [208]=Oop [216]=Oop [224]=Oop [248]=Oop [296]=Oop [304]=Oop [312]=Oop [320]=Oop [328]=Oop }
                      ;*synchronization entry
                      ; - java.lang.StringBuilder::append@-1
                      ; - org.eclipse.osgi.internal.loader.classpath.ClasspathManager::findClassImpl@234 (line 690)
  0x0000020b803878e8: e32a 07e9 | 24d2 ffff 

  0x0000020b803878f0: ;   {metadata({method} {0x0000020b8f455280} 'valueOf' '(Ljava/lang/Object;)Ljava/lang/String;' in 'java/lang/String')}
  0x0000020b803878f0: 49ba 7852 | 458f 0b02 | 0000 4c89 | 5424 0848 | c704 24ff 

  0x0000020b80387904: ;   {runtime_call counter_overflow Runtime1 stub}
  0x0000020b80387904: ffff ffe8 

  0x0000020b80387908: ; ImmutableOopMap {r9=Oop r8=Oop [200]=Oop [208]=Oop [216]=Oop [224]=Oop [248]=Oop [296]=Oop [304]=Oop [312]=Oop [320]=Oop [328]=Oop }
                      ;*synchronization entry
                      ; - java.lang.String::valueOf@-1
                      ; - java.lang.StringBuilder::append@2
                      ; - org.eclipse.osgi.internal.loader.classpath.ClasspathManager::findClassImpl@234 (line 690)
  0x0000020b80387908: 74e3 2a07 | e93c d2ff 

  0x0000020b80387910: ;   {runtime_call throw_null_pointer_exception Runtime1 stub}
  0x0000020b80387910: ffe8 eaa6 

  0x0000020b80387914: ; ImmutableOopMap {r9=Oop r8=Oop [200]=Oop [208]=Oop [216]=Oop [224]=Oop [248]=Oop [296]=Oop [304]=Oop [312]=Oop [320]=Oop [328]=Oop }
                      ;*invokevirtual toString {reexecute=0 rethrow=0 return_oop=0}
                      ; - java.lang.String::valueOf@11
                      ; - java.lang.StringBuilder::append@2
                      ; - org.eclipse.osgi.internal.loader.classpath.ClasspathManager::findClassImpl@234 (line 690)
                      ;   {metadata({method} {0x0000020bfa540008} 'toString' '()Ljava/lang/String;' in 'org/eclipse/osgi/storage/bundlefile/BundleFile')}
  0x0000020b80387914: 2107 49ba | 0000 54fa | 0b02 0000 | 4c89 5424 | 0848 c704 | 24ff ffff 

  0x0000020b8038792c: ;   {runtime_call counter_overflow Runtime1 stub}
  0x0000020b8038792c: ffe8 4ee3 

  0x0000020b80387930: ; ImmutableOopMap {r9=Oop r8=Oop [200]=Oop [208]=Oop [216]=Oop [224]=Oop [248]=Oop [296]=Oop [304]=Oop [312]=Oop [320]=Oop [328]=Oop }
                      ;*synchronization entry
                      ; - org.eclipse.osgi.storage.bundlefile.BundleFile::toString@-1 (line 189)
                      ; - java.lang.String::valueOf@11
                      ; - java.lang.StringBuilder::append@2
                      ; - org.eclipse.osgi.internal.loader.classpath.ClasspathManager::findClassImpl@234 (line 690)
  0x0000020b80387930: 2a07 e922 

  0x0000020b80387934: ;   {metadata({method} {0x0000020b8f455280} 'valueOf' '(Ljava/lang/Object;)Ljava/lang/String;' in 'java/lang/String')}
  0x0000020b80387934: d3ff ff49 | ba78 5245 | 8f0b 0200 | 004c 8954 | 2408 48c7 | 0424 ffff 

  0x0000020b8038794c: ;   {runtime_call counter_overflow Runtime1 stub}
  0x0000020b8038794c: ffff e82d 

  0x0000020b80387950: ; ImmutableOopMap {r9=Oop r8=Oop [200]=Oop [208]=Oop [216]=Oop [224]=Oop [248]=Oop [296]=Oop [304]=Oop [312]=Oop [320]=Oop [328]=Oop }
                      ;*synchronization entry
                      ; - java.lang.String::valueOf@-1
                      ; - org.eclipse.osgi.storage.bundlefile.BundleFile::toString@4 (line 189)
                      ; - java.lang.String::valueOf@11
                      ; - java.lang.StringBuilder::append@2
                      ; - org.eclipse.osgi.internal.loader.classpath.ClasspathManager::findClassImpl@234 (line 690)
  0x0000020b80387950: e32a 07e9 | 3ed3 ffff 

  0x0000020b80387958: ;   {runtime_call throw_null_pointer_exception Runtime1 stub}
  0x0000020b80387958: e8a3 a621 

  0x0000020b8038795c: ; ImmutableOopMap {r9=Oop r8=Oop [200]=Oop [208]=Oop [216]=Oop [224]=Oop [248]=Oop [296]=Oop [304]=Oop [312]=Oop [320]=Oop [328]=Oop }
                      ;*invokevirtual toString {reexecute=0 rethrow=0 return_oop=0}
                      ; - java.lang.String::valueOf@11
                      ; - org.eclipse.osgi.storage.bundlefile.BundleFile::toString@4 (line 189)
                      ; - java.lang.String::valueOf@11
                      ; - java.lang.StringBuilder::append@2
                      ; - org.eclipse.osgi.internal.loader.classpath.ClasspathManager::findClassImpl@234 (line 690)
                      ;   {metadata({method} {0x0000020b8f050de0} 'toString' '()Ljava/lang/String;' in 'java/io/File')}
  0x0000020b8038795c: 0749 bad8 | 0d05 8f0b | 0200 004c | 8954 2408 | 48c7 0424 | ffff ffff 

  0x0000020b80387974: ;   {runtime_call counter_overflow Runtime1 stub}
  0x0000020b80387974: e807 e32a 

  0x0000020b80387978: ; ImmutableOopMap {r9=Oop r8=Oop [200]=Oop [208]=Oop [216]=Oop [224]=Oop [248]=Oop [296]=Oop [304]=Oop [312]=Oop [320]=Oop [328]=Oop }
                      ;*synchronization entry
                      ; - java.io.File::toString@-1
                      ; - java.lang.String::valueOf@11
                      ; - org.eclipse.osgi.storage.bundlefile.BundleFile::toString@4 (line 189)
                      ; - java.lang.String::valueOf@11
                      ; - java.lang.StringBuilder::append@2
                      ; - org.eclipse.osgi.internal.loader.classpath.ClasspathManager::findClassImpl@234 (line 690)
  0x0000020b80387978: 07e9 9ed3 

  0x0000020b8038797c: ;   {metadata({method} {0x0000020b8f461ae8} 'append' '(Ljava/lang/String;)Ljava/lang/StringBuilder;' in 'java/lang/StringBuilder')}
  0x0000020b8038797c: ffff 49ba | e01a 468f | 0b02 0000 | 4c89 5424 | 0848 c704 | 24ff ffff 

  0x0000020b80387994: ;   {runtime_call counter_overflow Runtime1 stub}
  0x0000020b80387994: ffe8 e6e2 

  0x0000020b80387998: ; ImmutableOopMap {r8=Oop [200]=Oop [208]=Oop [216]=Oop [224]=Oop [248]=Oop [296]=Oop [304]=Oop [312]=Oop [320]=Oop [328]=Oop }
                      ;*synchronization entry
                      ; - java.lang.StringBuilder::append@-1
                      ; - java.lang.StringBuilder::append@5
                      ; - org.eclipse.osgi.internal.loader.classpath.ClasspathManager::findClassImpl@234 (line 690)
  0x0000020b80387998: 2a07 e9e8 

  0x0000020b8038799c: ;   {metadata({method} {0x0000020b8f461ae8} 'append' '(Ljava/lang/String;)Ljava/lang/StringBuilder;' in 'java/lang/StringBuilder')}
  0x0000020b8038799c: d3ff ff49 | bae0 1a46 | 8f0b 0200 | 004c 8954 | 2408 48c7 | 0424 ffff 

  0x0000020b803879b4: ;   {runtime_call counter_overflow Runtime1 stub}
  0x0000020b803879b4: ffff e8c5 

  0x0000020b803879b8: ; ImmutableOopMap {rax=Oop [200]=Oop [208]=Oop [216]=Oop [224]=Oop [248]=Oop [296]=Oop [304]=Oop [312]=Oop [320]=Oop [328]=Oop }
                      ;*synchronization entry
                      ; - java.lang.StringBuilder::append@-1
                      ; - org.eclipse.osgi.internal.loader.classpath.ClasspathManager::findClassImpl@240 (line 690)
  0x0000020b803879b8: e22a 07e9 | 42d4 ffff 

  0x0000020b803879c0: ;   {metadata({method} {0x0000020b8f461ae8} 'append' '(Ljava/lang/String;)Ljava/lang/StringBuilder;' in 'java/lang/StringBuilder')}
  0x0000020b803879c0: 49ba e01a | 468f 0b02 | 0000 4c89 | 5424 0848 | c704 24ff 

  0x0000020b803879d4: ;   {runtime_call counter_overflow Runtime1 stub}
  0x0000020b803879d4: ffff ffe8 

  0x0000020b803879d8: ; ImmutableOopMap {[200]=Oop [208]=Oop [216]=Oop [224]=Oop [248]=Oop [296]=Oop [304]=Oop [312]=Oop [320]=Oop [328]=Oop }
                      ;*synchronization entry
                      ; - java.lang.StringBuilder::append@-1
                      ; - org.eclipse.osgi.internal.loader.classpath.ClasspathManager::findClassImpl@245 (line 690)
  0x0000020b803879d8: a4e2 2a07 | e996 d4ff 

  0x0000020b803879e0: ;   {metadata({method} {0x0000020b8f008958} 'toString' '()Ljava/lang/String;' in 'java/lang/StringBuilder')}
  0x0000020b803879e0: ff49 ba50 | 8900 8f0b | 0200 004c | 8954 2408 | 48c7 0424 | ffff ffff 

  0x0000020b803879f8: ;   {runtime_call counter_overflow Runtime1 stub}
  0x0000020b803879f8: e883 e22a 

  0x0000020b803879fc: ; ImmutableOopMap {[200]=Oop [208]=Oop [216]=Oop [224]=Oop [248]=Oop [304]=Oop [312]=Oop [320]=Oop [328]=Oop }
                      ;*synchronization entry
                      ; - java.lang.StringBuilder::toString@-1
                      ; - org.eclipse.osgi.internal.loader.classpath.ClasspathManager::findClassImpl@248 (line 690)
  0x0000020b803879fc: 07e9 f3d4 | ffff 488b 

  0x0000020b80387a04: ;   {runtime_call fast_new_instance Runtime1 stub}
  0x0000020b80387a04: d2e8 f69c 

  0x0000020b80387a08: ; ImmutableOopMap {[200]=Oop [208]=Oop [216]=Oop [224]=Oop [248]=Oop [304]=Oop [312]=Oop [320]=Oop [328]=Oop }
                      ;*new {reexecute=0 rethrow=0 return_oop=0}
                      ; - java.lang.StringBuilder::toString@0
                      ; - org.eclipse.osgi.internal.loader.classpath.ClasspathManager::findClassImpl@248 (line 690)
  0x0000020b80387a08: 2107 e936 

  0x0000020b80387a0c: ;   {metadata({method} {0x0000020b8f455dd8} '<init>' '(Ljava/lang/StringBuilder;)V' in 'java/lang/String')}
  0x0000020b80387a0c: d5ff ff49 | bad0 5d45 | 8f0b 0200 | 004c 8954 | 2408 48c7 | 0424 ffff 

  0x0000020b80387a24: ;   {runtime_call counter_overflow Runtime1 stub}
  0x0000020b80387a24: ffff e855 

  0x0000020b80387a28: ; ImmutableOopMap {rax=Oop [200]=Oop [208]=Oop [216]=Oop [224]=Oop [248]=Oop [304]=Oop [312]=Oop [320]=Oop [328]=Oop }
                      ;*synchronization entry
                      ; - java.lang.String::<init>@-1
                      ; - java.lang.StringBuilder::toString@5
                      ; - org.eclipse.osgi.internal.loader.classpath.ClasspathManager::findClassImpl@248 (line 690)
  0x0000020b80387a28: e22a 07e9 | 56d5 ffff 

  0x0000020b80387a30: ;   {runtime_call throw_null_pointer_exception Runtime1 stub}
  0x0000020b80387a30: e8cb a521 

  0x0000020b80387a34: ; ImmutableOopMap {r11=Oop [200]=Oop [208]=Oop [216]=Oop [224]=Oop [248]=Oop [304]=Oop [312]=Oop [328]=Oop [336]=Oop }
                      ;*invokevirtual trace {reexecute=0 rethrow=0 return_oop=0}
                      ; - org.eclipse.osgi.internal.loader.classpath.ClasspathManager::findClassImpl@251 (line 689)
                      ;   {metadata({method} {0x0000020bfa4e5400} 'trace' '(Ljava/lang/String;Ljava/lang/String;)V' in 'org/eclipse/osgi/internal/debug/Debug')}
  0x0000020b80387a34: 0749 baf8 | 534e fa0b | 0200 004c | 8954 2408 | 48c7 0424 | ffff ffff 

  0x0000020b80387a4c: ;   {runtime_call counter_overflow Runtime1 stub}
  0x0000020b80387a4c: e82f e22a 

  0x0000020b80387a50: ; ImmutableOopMap {r11=Oop [200]=Oop [208]=Oop [216]=Oop [224]=Oop [248]=Oop [304]=Oop [312]=Oop [328]=Oop [336]=Oop }
                      ;*synchronization entry
                      ; - org.eclipse.osgi.internal.debug.Debug::trace@-1 (line 256)
                      ; - org.eclipse.osgi.internal.loader.classpath.ClasspathManager::findClassImpl@251 (line 689)
  0x0000020b80387a50: 07e9 d3d5 

  0x0000020b80387a54: ;   {runtime_call throw_incompatible_class_change_error Runtime1 stub}
  0x0000020b80387a54: ffff e825 

  0x0000020b80387a58: ; ImmutableOopMap {rdx=Oop [200]=Oop [208]=Oop [216]=Oop [224]=Oop [248]=Oop [304]=Oop [312]=Oop [336]=Oop }
                      ;*invokeinterface getLogger {reexecute=0 rethrow=0 return_oop=0}
                      ; - org.eclipse.osgi.internal.debug.Debug::trace@11 (line 265)
                      ; - org.eclipse.osgi.internal.loader.classpath.ClasspathManager::findClassImpl@251 (line 689)
                      ;   {runtime_call throw_null_pointer_exception Runtime1 stub}
  0x0000020b80387a58: b82a 07e8 

  0x0000020b80387a5c: ; ImmutableOopMap {rdx=Oop [200]=Oop [208]=Oop [216]=Oop [224]=Oop [248]=Oop [304]=Oop [312]=Oop [336]=Oop }
                      ;*invokeinterface getLogger {reexecute=0 rethrow=0 return_oop=0}
                      ; - org.eclipse.osgi.internal.debug.Debug::trace@11 (line 265)
                      ; - org.eclipse.osgi.internal.loader.classpath.ClasspathManager::findClassImpl@251 (line 689)
  0x0000020b80387a5c: a0a5 2107 

  0x0000020b80387a60: ;   {metadata({method} {0x0000020bfa50ca90} 'getLogger' '(Ljava/lang/String;)Lorg/osgi/service/log/Logger;' in 'org/eclipse/osgi/internal/log/ExtendedLogServiceImpl')}
  0x0000020b80387a60: 49ba 88ca | 50fa 0b02 | 0000 4c89 | 5424 0848 | c704 24ff 

  0x0000020b80387a74: ;   {runtime_call counter_overflow Runtime1 stub}
  0x0000020b80387a74: ffff ffe8 

  0x0000020b80387a78: ; ImmutableOopMap {rdx=Oop [200]=Oop [208]=Oop [216]=Oop [224]=Oop [248]=Oop [304]=Oop [312]=Oop [336]=Oop }
                      ;*synchronization entry
                      ; - org.eclipse.osgi.internal.log.ExtendedLogServiceImpl::getLogger@-1 (line 1)
                      ; - org.eclipse.osgi.internal.debug.Debug::trace@11 (line 265)
                      ; - org.eclipse.osgi.internal.loader.classpath.ClasspathManager::findClassImpl@251 (line 689)
  0x0000020b80387a78: 04e2 2a07 | e965 d6ff 

  0x0000020b80387a80: ;   {metadata({method} {0x0000020bfa50a318} 'getLogger' '(Ljava/lang/String;)Lorg/eclipse/equinox/log/Logger;' in 'org/eclipse/osgi/internal/log/ExtendedLogServiceImpl')}
  0x0000020b80387a80: ff49 ba10 | a350 fa0b | 0200 004c | 8954 2408 | 48c7 0424 | ffff ffff 

  0x0000020b80387a98: ;   {runtime_call counter_overflow Runtime1 stub}
  0x0000020b80387a98: e8e3 e12a 

  0x0000020b80387a9c: ; ImmutableOopMap {rdx=Oop [200]=Oop [208]=Oop [216]=Oop [224]=Oop [248]=Oop [304]=Oop [312]=Oop [336]=Oop }
                      ;*synchronization entry
                      ; - org.eclipse.osgi.internal.log.ExtendedLogServiceImpl::getLogger@-1 (line 73)
                      ; - org.eclipse.osgi.internal.log.ExtendedLogServiceImpl::getLogger@2 (line 1)
                      ; - org.eclipse.osgi.internal.debug.Debug::trace@11 (line 265)
                      ; - org.eclipse.osgi.internal.loader.classpath.ClasspathManager::findClassImpl@251 (line 689)
  0x0000020b80387a9c: 07e9 96d6 | ffff 4889 

  0x0000020b80387aa4: ;   {runtime_call throw_class_cast_exception Runtime1 stub}
  0x0000020b80387aa4: 0424 e8d5 

  0x0000020b80387aa8: ; ImmutableOopMap {[200]=Oop [208]=Oop [216]=Oop [224]=Oop [248]=Oop [304]=Oop [312]=Oop [336]=Oop }
                      ;*checkcast {reexecute=0 rethrow=0 return_oop=0}
                      ; - org.eclipse.osgi.internal.log.ExtendedLogServiceImpl::getLogger@7 (line 73)
                      ; - org.eclipse.osgi.internal.log.ExtendedLogServiceImpl::getLogger@2 (line 1)
                      ; - org.eclipse.osgi.internal.debug.Debug::trace@11 (line 265)
                      ; - org.eclipse.osgi.internal.loader.classpath.ClasspathManager::findClassImpl@251 (line 689)
                      ;   {runtime_call throw_null_pointer_exception Runtime1 stub}
  0x0000020b80387aa8: b42a 07e8 

  0x0000020b80387aac: ; ImmutableOopMap {rdx=Oop [200]=Oop [208]=Oop [216]=Oop [224]=Oop [248]=Oop [304]=Oop [312]=Oop [336]=Oop }
                      ;*invokeinterface debug {reexecute=0 rethrow=0 return_oop=0}
                      ; - org.eclipse.osgi.internal.debug.Debug::trace@17 (line 265)
                      ; - org.eclipse.osgi.internal.loader.classpath.ClasspathManager::findClassImpl@251 (line 689)
  0x0000020b80387aac: 50a5 2107 

  0x0000020b80387ab0: ;   {runtime_call throw_null_pointer_exception Runtime1 stub}
  0x0000020b80387ab0: e84b a521 

  0x0000020b80387ab4: ; ImmutableOopMap {rax=Oop rdx=Oop [200]=Oop [208]=Oop [216]=Oop [224]=Oop [248]=Oop [304]=Oop [312]=Oop }
                      ;*invokevirtual println {reexecute=0 rethrow=0 return_oop=0}
                      ; - org.eclipse.osgi.internal.debug.Debug::trace@29 (line 267)
                      ; - org.eclipse.osgi.internal.loader.classpath.ClasspathManager::findClassImpl@251 (line 689)
                      ;   {metadata(nullptr)}
  0x0000020b80387ab4: 0748 ba00 | 0000 0000 | 0000 00b8 | 000f 050a 

  0x0000020b80387ac4: ;   {runtime_call load_klass_patching Runtime1 stub}
  0x0000020b80387ac4: e837 d12a 

  0x0000020b80387ac8: ; ImmutableOopMap {rbx=Oop [200]=Oop [208]=Oop [216]=Oop [224]=Oop [248]=Oop [304]=Oop [312]=Oop }
                      ;*new {reexecute=1 rethrow=0 return_oop=0}
                      ; - (reexecute) org.eclipse.osgi.internal.loader.classpath.ClasspathManager::findClassImpl@260 (line 691)
  0x0000020b80387ac8: 07e9 ead8 | ffff 488b 

  0x0000020b80387ad0: ;   {runtime_call fast_new_instance Runtime1 stub}
  0x0000020b80387ad0: d2e8 2a9c 

  0x0000020b80387ad4: ; ImmutableOopMap {rbx=Oop [200]=Oop [208]=Oop [216]=Oop [224]=Oop [248]=Oop [304]=Oop [312]=Oop }
                      ;*new {reexecute=0 rethrow=0 return_oop=0}
                      ; - org.eclipse.osgi.internal.loader.classpath.ClasspathManager::findClassImpl@260 (line 691)
  0x0000020b80387ad4: 2107 e92d 

  0x0000020b80387ad8: ;   {metadata({method} {0x0000020b8f461da8} '<init>' '(Ljava/lang/String;)V' in 'java/lang/StringBuilder')}
  0x0000020b80387ad8: d9ff ff49 | baa0 1d46 | 8f0b 0200 | 004c 8954 | 2408 48c7 | 0424 ffff 

  0x0000020b80387af0: ;   {runtime_call counter_overflow Runtime1 stub}
  0x0000020b80387af0: ffff e889 

  0x0000020b80387af4: ; ImmutableOopMap {rbx=Oop rax=Oop [200]=Oop [208]=Oop [216]=Oop [224]=Oop [248]=Oop [304]=Oop [312]=Oop }
                      ;*synchronization entry
                      ; - java.lang.StringBuilder::<init>@-1
                      ; - org.eclipse.osgi.internal.loader.classpath.ClasspathManager::findClassImpl@267 (line 691)
  0x0000020b80387af4: e12a 07e9 | 4ad9 ffff 

  0x0000020b80387afc: ;   {metadata({method} {0x0000020b8f461ae8} 'append' '(Ljava/lang/String;)Ljava/lang/StringBuilder;' in 'java/lang/StringBuilder')}
  0x0000020b80387afc: 49ba e01a | 468f 0b02 | 0000 4c89 | 5424 0848 | c704 24ff 

  0x0000020b80387b10: ;   {runtime_call counter_overflow Runtime1 stub}
  0x0000020b80387b10: ffff ffe8 

  0x0000020b80387b14: ; ImmutableOopMap {[200]=Oop [208]=Oop [216]=Oop [224]=Oop [248]=Oop [304]=Oop [312]=Oop [344]=Oop [352]=Oop }
                      ;*synchronization entry
                      ; - java.lang.StringBuilder::append@-1
                      ; - org.eclipse.osgi.internal.loader.classpath.ClasspathManager::findClassImpl@271 (line 691)
  0x0000020b80387b14: 68e1 2a07 | e9b2 d9ff 

  0x0000020b80387b1c: ;   {metadata({method} {0x0000020b8f008958} 'toString' '()Ljava/lang/String;' in 'java/lang/StringBuilder')}
  0x0000020b80387b1c: ff49 ba50 | 8900 8f0b | 0200 004c | 8954 2408 | 48c7 0424 | ffff ffff 

  0x0000020b80387b34: ;   {runtime_call counter_overflow Runtime1 stub}
  0x0000020b80387b34: e847 e12a 

  0x0000020b80387b38: ; ImmutableOopMap {[200]=Oop [208]=Oop [216]=Oop [224]=Oop [248]=Oop [304]=Oop [312]=Oop [344]=Oop [352]=Oop }
                      ;*synchronization entry
                      ; - java.lang.StringBuilder::toString@-1
                      ; - org.eclipse.osgi.internal.loader.classpath.ClasspathManager::findClassImpl@274 (line 691)
  0x0000020b80387b38: 07e9 0fda | ffff 488b 

  0x0000020b80387b40: ;   {runtime_call fast_new_instance Runtime1 stub}
  0x0000020b80387b40: d2e8 ba9b 

  0x0000020b80387b44: ; ImmutableOopMap {[200]=Oop [208]=Oop [216]=Oop [224]=Oop [248]=Oop [304]=Oop [312]=Oop [344]=Oop [352]=Oop }
                      ;*new {reexecute=0 rethrow=0 return_oop=0}
                      ; - java.lang.StringBuilder::toString@0
                      ; - org.eclipse.osgi.internal.loader.classpath.ClasspathManager::findClassImpl@274 (line 691)
  0x0000020b80387b44: 2107 e952 

  0x0000020b80387b48: ;   {metadata({method} {0x0000020b8f455dd8} '<init>' '(Ljava/lang/StringBuilder;)V' in 'java/lang/String')}
  0x0000020b80387b48: daff ff49 | bad0 5d45 | 8f0b 0200 | 004c 8954 | 2408 48c7 | 0424 ffff 

  0x0000020b80387b60: ;   {runtime_call counter_overflow Runtime1 stub}
  0x0000020b80387b60: ffff e819 

  0x0000020b80387b64: ; ImmutableOopMap {rax=Oop [200]=Oop [208]=Oop [216]=Oop [224]=Oop [248]=Oop [304]=Oop [312]=Oop [344]=Oop [352]=Oop }
                      ;*synchronization entry
                      ; - java.lang.String::<init>@-1
                      ; - java.lang.StringBuilder::toString@5
                      ; - org.eclipse.osgi.internal.loader.classpath.ClasspathManager::findClassImpl@274 (line 691)
  0x0000020b80387b64: e12a 07e9 | 72da ffff 

  0x0000020b80387b6c: ;   {runtime_call throw_null_pointer_exception Runtime1 stub}
  0x0000020b80387b6c: e88f a421 

  0x0000020b80387b70: ; ImmutableOopMap {rbx=Oop [200]=Oop [208]=Oop [216]=Oop [224]=Oop [248]=Oop [304]=Oop [312]=Oop [360]=Oop }
                      ;*invokevirtual trace {reexecute=0 rethrow=0 return_oop=0}
                      ; - org.eclipse.osgi.internal.loader.classpath.ClasspathManager::findClassImpl@277 (line 691)
                      ;   {metadata({method} {0x0000020bfa4e5400} 'trace' '(Ljava/lang/String;Ljava/lang/String;)V' in 'org/eclipse/osgi/internal/debug/Debug')}
  0x0000020b80387b70: 0749 baf8 | 534e fa0b | 0200 004c | 8954 2408 | 48c7 0424 | ffff ffff 

  0x0000020b80387b88: ;   {runtime_call counter_overflow Runtime1 stub}
  0x0000020b80387b88: e8f3 e02a 

  0x0000020b80387b8c: ; ImmutableOopMap {rbx=Oop [200]=Oop [208]=Oop [216]=Oop [224]=Oop [248]=Oop [304]=Oop [312]=Oop [360]=Oop }
                      ;*synchronization entry
                      ; - org.eclipse.osgi.internal.debug.Debug::trace@-1 (line 256)
                      ; - org.eclipse.osgi.internal.loader.classpath.ClasspathManager::findClassImpl@277 (line 691)
  0x0000020b80387b8c: 07e9 efda 

  0x0000020b80387b90: ;   {runtime_call throw_incompatible_class_change_error Runtime1 stub}
  0x0000020b80387b90: ffff e8e9 

  0x0000020b80387b94: ; ImmutableOopMap {rdx=Oop [200]=Oop [208]=Oop [216]=Oop [224]=Oop [248]=Oop [304]=Oop [312]=Oop [360]=Oop }
                      ;*invokeinterface getLogger {reexecute=0 rethrow=0 return_oop=0}
                      ; - org.eclipse.osgi.internal.debug.Debug::trace@11 (line 265)
                      ; - org.eclipse.osgi.internal.loader.classpath.ClasspathManager::findClassImpl@277 (line 691)
                      ;   {runtime_call throw_null_pointer_exception Runtime1 stub}
  0x0000020b80387b94: b62a 07e8 

  0x0000020b80387b98: ; ImmutableOopMap {rdx=Oop [200]=Oop [208]=Oop [216]=Oop [224]=Oop [248]=Oop [304]=Oop [312]=Oop [360]=Oop }
                      ;*invokeinterface getLogger {reexecute=0 rethrow=0 return_oop=0}
                      ; - org.eclipse.osgi.internal.debug.Debug::trace@11 (line 265)
                      ; - org.eclipse.osgi.internal.loader.classpath.ClasspathManager::findClassImpl@277 (line 691)
  0x0000020b80387b98: 64a4 2107 

  0x0000020b80387b9c: ;   {metadata({method} {0x0000020bfa50ca90} 'getLogger' '(Ljava/lang/String;)Lorg/osgi/service/log/Logger;' in 'org/eclipse/osgi/internal/log/ExtendedLogServiceImpl')}
  0x0000020b80387b9c: 49ba 88ca | 50fa 0b02 | 0000 4c89 | 5424 0848 | c704 24ff 

  0x0000020b80387bb0: ;   {runtime_call counter_overflow Runtime1 stub}
  0x0000020b80387bb0: ffff ffe8 

  0x0000020b80387bb4: ; ImmutableOopMap {rdx=Oop [200]=Oop [208]=Oop [216]=Oop [224]=Oop [248]=Oop [304]=Oop [312]=Oop [360]=Oop }
                      ;*synchronization entry
                      ; - org.eclipse.osgi.internal.log.ExtendedLogServiceImpl::getLogger@-1 (line 1)
                      ; - org.eclipse.osgi.internal.debug.Debug::trace@11 (line 265)
                      ; - org.eclipse.osgi.internal.loader.classpath.ClasspathManager::findClassImpl@277 (line 691)
  0x0000020b80387bb4: c8e0 2a07 | e980 dbff 

  0x0000020b80387bbc: ;   {metadata({method} {0x0000020bfa50a318} 'getLogger' '(Ljava/lang/String;)Lorg/eclipse/equinox/log/Logger;' in 'org/eclipse/osgi/internal/log/ExtendedLogServiceImpl')}
  0x0000020b80387bbc: ff49 ba10 | a350 fa0b | 0200 004c | 8954 2408 | 48c7 0424 | ffff ffff 

  0x0000020b80387bd4: ;   {runtime_call counter_overflow Runtime1 stub}
  0x0000020b80387bd4: e8a7 e02a 

  0x0000020b80387bd8: ; ImmutableOopMap {rdx=Oop [200]=Oop [208]=Oop [216]=Oop [224]=Oop [248]=Oop [304]=Oop [312]=Oop [360]=Oop }
                      ;*synchronization entry
                      ; - org.eclipse.osgi.internal.log.ExtendedLogServiceImpl::getLogger@-1 (line 73)
                      ; - org.eclipse.osgi.internal.log.ExtendedLogServiceImpl::getLogger@2 (line 1)
                      ; - org.eclipse.osgi.internal.debug.Debug::trace@11 (line 265)
                      ; - org.eclipse.osgi.internal.loader.classpath.ClasspathManager::findClassImpl@277 (line 691)
  0x0000020b80387bd8: 07e9 b1db | ffff 4889 

  0x0000020b80387be0: ;   {runtime_call throw_class_cast_exception Runtime1 stub}
  0x0000020b80387be0: 0424 e899 

  0x0000020b80387be4: ; ImmutableOopMap {[200]=Oop [208]=Oop [216]=Oop [224]=Oop [248]=Oop [304]=Oop [312]=Oop [360]=Oop }
                      ;*checkcast {reexecute=0 rethrow=0 return_oop=0}
                      ; - org.eclipse.osgi.internal.log.ExtendedLogServiceImpl::getLogger@7 (line 73)
                      ; - org.eclipse.osgi.internal.log.ExtendedLogServiceImpl::getLogger@2 (line 1)
                      ; - org.eclipse.osgi.internal.debug.Debug::trace@11 (line 265)
                      ; - org.eclipse.osgi.internal.loader.classpath.ClasspathManager::findClassImpl@277 (line 691)
                      ;   {runtime_call throw_null_pointer_exception Runtime1 stub}
  0x0000020b80387be4: b32a 07e8 

  0x0000020b80387be8: ; ImmutableOopMap {rdx=Oop [200]=Oop [208]=Oop [216]=Oop [224]=Oop [248]=Oop [304]=Oop [312]=Oop [360]=Oop }
                      ;*invokeinterface debug {reexecute=0 rethrow=0 return_oop=0}
                      ; - org.eclipse.osgi.internal.debug.Debug::trace@17 (line 265)
                      ; - org.eclipse.osgi.internal.loader.classpath.ClasspathManager::findClassImpl@277 (line 691)
  0x0000020b80387be8: 14a4 2107 

  0x0000020b80387bec: ;   {runtime_call throw_null_pointer_exception Runtime1 stub}
  0x0000020b80387bec: e80f a421 

  0x0000020b80387bf0: ; ImmutableOopMap {rax=Oop rdx=Oop [200]=Oop [208]=Oop [216]=Oop [224]=Oop [248]=Oop [304]=Oop [312]=Oop }
                      ;*invokevirtual println {reexecute=0 rethrow=0 return_oop=0}
                      ; - org.eclipse.osgi.internal.debug.Debug::trace@29 (line 267)
                      ; - org.eclipse.osgi.internal.loader.classpath.ClasspathManager::findClassImpl@277 (line 691)
                      ;   {metadata(nullptr)}
  0x0000020b80387bf0: 0748 ba00 | 0000 0000 | 0000 00b8 | 000f 050a 

  0x0000020b80387c00: ;   {runtime_call load_klass_patching Runtime1 stub}
  0x0000020b80387c00: e8fb cf2a 

  0x0000020b80387c04: ; ImmutableOopMap {r13=Oop [208]=Oop [216]=Oop [248]=Oop [296]=Oop [376]=Oop [384]=Oop }
                      ;*new {reexecute=1 rethrow=0 return_oop=0}
                      ; - (reexecute) org.eclipse.osgi.internal.loader.classpath.ClasspathManager::findClassImpl@130 (line 685)
  0x0000020b80387c04: 07e9 6ede | ffff 488b 

  0x0000020b80387c0c: ;   {runtime_call fast_new_instance Runtime1 stub}
  0x0000020b80387c0c: d2e8 ee9a 

  0x0000020b80387c10: ; ImmutableOopMap {r13=Oop [208]=Oop [216]=Oop [248]=Oop [296]=Oop [376]=Oop [384]=Oop }
                      ;*new {reexecute=0 rethrow=0 return_oop=0}
                      ; - org.eclipse.osgi.internal.loader.classpath.ClasspathManager::findClassImpl@130 (line 685)
  0x0000020b80387c10: 2107 e9b1 

  0x0000020b80387c14: ;   {metadata({method} {0x0000020b8f461da8} '<init>' '(Ljava/lang/String;)V' in 'java/lang/StringBuilder')}
  0x0000020b80387c14: deff ff49 | baa0 1d46 | 8f0b 0200 | 004c 8954 | 2408 48c7 | 0424 ffff 

  0x0000020b80387c2c: ;   {runtime_call counter_overflow Runtime1 stub}
  0x0000020b80387c2c: ffff e84d 

  0x0000020b80387c30: ; ImmutableOopMap {r13=Oop rax=Oop [208]=Oop [216]=Oop [248]=Oop [296]=Oop [376]=Oop [384]=Oop }
                      ;*synchronization entry
                      ; - java.lang.StringBuilder::<init>@-1
                      ; - org.eclipse.osgi.internal.loader.classpath.ClasspathManager::findClassImpl@137 (line 685)
  0x0000020b80387c30: e02a 07e9 | cede ffff 

  0x0000020b80387c38: ;   {metadata({method} {0x0000020b8f461ae8} 'append' '(Ljava/lang/String;)Ljava/lang/StringBuilder;' in 'java/lang/StringBuilder')}
  0x0000020b80387c38: 49ba e01a | 468f 0b02 | 0000 4c89 | 5424 0848 | c704 24ff 

  0x0000020b80387c4c: ;   {runtime_call counter_overflow Runtime1 stub}
  0x0000020b80387c4c: ffff ffe8 

  0x0000020b80387c50: ; ImmutableOopMap {[208]=Oop [216]=Oop [248]=Oop [296]=Oop [368]=Oop [376]=Oop [384]=Oop }
                      ;*synchronization entry
                      ; - java.lang.StringBuilder::append@-1
                      ; - org.eclipse.osgi.internal.loader.classpath.ClasspathManager::findClassImpl@142 (line 685)
  0x0000020b80387c50: 2ce0 2a07 | e92e dfff 

  0x0000020b80387c58: ;   {metadata({method} {0x0000020b8f461ae8} 'append' '(Ljava/lang/String;)Ljava/lang/StringBuilder;' in 'java/lang/StringBuilder')}
  0x0000020b80387c58: ff49 bae0 | 1a46 8f0b | 0200 004c | 8954 2408 | 48c7 0424 | ffff ffff 

  0x0000020b80387c70: ;   {runtime_call counter_overflow Runtime1 stub}
  0x0000020b80387c70: e80b e02a 

  0x0000020b80387c74: ; ImmutableOopMap {[208]=Oop [216]=Oop [248]=Oop [368]=Oop [376]=Oop [384]=Oop }
                      ;*synchronization entry
                      ; - java.lang.StringBuilder::append@-1
                      ; - org.eclipse.osgi.internal.loader.classpath.ClasspathManager::findClassImpl@148 (line 685)
  0x0000020b80387c74: 07e9 8ddf 

  0x0000020b80387c78: ;   {metadata({method} {0x0000020b8f461b40} 'append' '(Ljava/lang/Object;)Ljava/lang/StringBuilder;' in 'java/lang/StringBuilder')}
  0x0000020b80387c78: ffff 49ba | 381b 468f | 0b02 0000 | 4c89 5424 | 0848 c704 | 24ff ffff 

  0x0000020b80387c90: ;   {runtime_call counter_overflow Runtime1 stub}
  0x0000020b80387c90: ffe8 eadf 

  0x0000020b80387c94: ; ImmutableOopMap {r8=Oop [216]=Oop [248]=Oop [368]=Oop [376]=Oop [384]=Oop }
                      ;*synchronization entry
                      ; - java.lang.StringBuilder::append@-1
                      ; - org.eclipse.osgi.internal.loader.classpath.ClasspathManager::findClassImpl@155 (line 685)
  0x0000020b80387c94: 2a07 e921 

  0x0000020b80387c98: ;   {metadata({method} {0x0000020b8f455280} 'valueOf' '(Ljava/lang/Object;)Ljava/lang/String;' in 'java/lang/String')}
  0x0000020b80387c98: e0ff ff49 | ba78 5245 | 8f0b 0200 | 004c 8954 | 2408 48c7 | 0424 ffff 

  0x0000020b80387cb0: ;   {runtime_call counter_overflow Runtime1 stub}
  0x0000020b80387cb0: ffff e8c9 

  0x0000020b80387cb4: ; ImmutableOopMap {r8=Oop [216]=Oop [248]=Oop [368]=Oop [376]=Oop [384]=Oop }
                      ;*synchronization entry
                      ; - java.lang.String::valueOf@-1
                      ; - java.lang.StringBuilder::append@2
                      ; - org.eclipse.osgi.internal.loader.classpath.ClasspathManager::findClassImpl@155 (line 685)
  0x0000020b80387cb4: df2a 07e9 | 39e0 ffff 

  0x0000020b80387cbc: ;   {runtime_call throw_null_pointer_exception Runtime1 stub}
  0x0000020b80387cbc: e83f a321 

  0x0000020b80387cc0: ; ImmutableOopMap {r8=Oop [216]=Oop [248]=Oop [368]=Oop [376]=Oop [384]=Oop }
                      ;*invokevirtual toString {reexecute=0 rethrow=0 return_oop=0}
                      ; - java.lang.String::valueOf@11
                      ; - java.lang.StringBuilder::append@2
                      ; - org.eclipse.osgi.internal.loader.classpath.ClasspathManager::findClassImpl@155 (line 685)
                      ;   {metadata({method} {0x0000020bfa540008} 'toString' '()Ljava/lang/String;' in 'org/eclipse/osgi/storage/bundlefile/BundleFile')}
  0x0000020b80387cc0: 0749 ba00 | 0054 fa0b | 0200 004c | 8954 2408 | 48c7 0424 | ffff ffff 

  0x0000020b80387cd8: ;   {runtime_call counter_overflow Runtime1 stub}
  0x0000020b80387cd8: e8a3 df2a 

  0x0000020b80387cdc: ; ImmutableOopMap {r8=Oop [216]=Oop [248]=Oop [368]=Oop [376]=Oop [384]=Oop }
                      ;*synchronization entry
                      ; - org.eclipse.osgi.storage.bundlefile.BundleFile::toString@-1 (line 189)
                      ; - java.lang.String::valueOf@11
                      ; - java.lang.StringBuilder::append@2
                      ; - org.eclipse.osgi.internal.loader.classpath.ClasspathManager::findClassImpl@155 (line 685)
  0x0000020b80387cdc: 07e9 1fe1 

  0x0000020b80387ce0: ;   {metadata({method} {0x0000020b8f455280} 'valueOf' '(Ljava/lang/Object;)Ljava/lang/String;' in 'java/lang/String')}
  0x0000020b80387ce0: ffff 49ba | 7852 458f | 0b02 0000 | 4c89 5424 | 0848 c704 | 24ff ffff 

  0x0000020b80387cf8: ;   {runtime_call counter_overflow Runtime1 stub}
  0x0000020b80387cf8: ffe8 82df 

  0x0000020b80387cfc: ; ImmutableOopMap {r8=Oop [216]=Oop [248]=Oop [368]=Oop [376]=Oop [384]=Oop }
                      ;*synchronization entry
                      ; - java.lang.String::valueOf@-1
                      ; - org.eclipse.osgi.storage.bundlefile.BundleFile::toString@4 (line 189)
                      ; - java.lang.String::valueOf@11
                      ; - java.lang.StringBuilder::append@2
                      ; - org.eclipse.osgi.internal.loader.classpath.ClasspathManager::findClassImpl@155 (line 685)
  0x0000020b80387cfc: 2a07 e93b 

  0x0000020b80387d00: ;   {runtime_call throw_null_pointer_exception Runtime1 stub}
  0x0000020b80387d00: e1ff ffe8 

  0x0000020b80387d04: ; ImmutableOopMap {r8=Oop [216]=Oop [248]=Oop [368]=Oop [376]=Oop [384]=Oop }
                      ;*invokevirtual toString {reexecute=0 rethrow=0 return_oop=0}
                      ; - java.lang.String::valueOf@11
                      ; - org.eclipse.osgi.storage.bundlefile.BundleFile::toString@4 (line 189)
                      ; - java.lang.String::valueOf@11
                      ; - java.lang.StringBuilder::append@2
                      ; - org.eclipse.osgi.internal.loader.classpath.ClasspathManager::findClassImpl@155 (line 685)
  0x0000020b80387d04: f8a2 2107 

  0x0000020b80387d08: ;   {metadata({method} {0x0000020b8f050de0} 'toString' '()Ljava/lang/String;' in 'java/io/File')}
  0x0000020b80387d08: 49ba d80d | 058f 0b02 | 0000 4c89 | 5424 0848 | c704 24ff 

  0x0000020b80387d1c: ;   {runtime_call counter_overflow Runtime1 stub}
  0x0000020b80387d1c: ffff ffe8 

  0x0000020b80387d20: ; ImmutableOopMap {r8=Oop [216]=Oop [248]=Oop [368]=Oop [376]=Oop [384]=Oop }
                      ;*synchronization entry
                      ; - java.io.File::toString@-1
                      ; - java.lang.String::valueOf@11
                      ; - org.eclipse.osgi.storage.bundlefile.BundleFile::toString@4 (line 189)
                      ; - java.lang.String::valueOf@11
                      ; - java.lang.StringBuilder::append@2
                      ; - org.eclipse.osgi.internal.loader.classpath.ClasspathManager::findClassImpl@155 (line 685)
  0x0000020b80387d20: 5cdf 2a07 | e99b e1ff 

  0x0000020b80387d28: ;   {metadata({method} {0x0000020b8f461ae8} 'append' '(Ljava/lang/String;)Ljava/lang/StringBuilder;' in 'java/lang/StringBuilder')}
  0x0000020b80387d28: ff49 bae0 | 1a46 8f0b | 0200 004c | 8954 2408 | 48c7 0424 | ffff ffff 

  0x0000020b80387d40: ;   {runtime_call counter_overflow Runtime1 stub}
  0x0000020b80387d40: e83b df2a 

  0x0000020b80387d44: ; ImmutableOopMap {r8=Oop [216]=Oop [248]=Oop [368]=Oop [376]=Oop [384]=Oop }
                      ;*synchronization entry
                      ; - java.lang.StringBuilder::append@-1
                      ; - java.lang.StringBuilder::append@5
                      ; - org.eclipse.osgi.internal.loader.classpath.ClasspathManager::findClassImpl@155 (line 685)
  0x0000020b80387d44: 07e9 e5e1 

  0x0000020b80387d48: ;   {metadata({method} {0x0000020b8f008958} 'toString' '()Ljava/lang/String;' in 'java/lang/StringBuilder')}
  0x0000020b80387d48: ffff 49ba | 5089 008f | 0b02 0000 | 4c89 5424 | 0848 c704 | 24ff ffff 

  0x0000020b80387d60: ;   {runtime_call counter_overflow Runtime1 stub}
  0x0000020b80387d60: ffe8 1adf 

  0x0000020b80387d64: ; ImmutableOopMap {r8=Oop [216]=Oop [248]=Oop [376]=Oop [384]=Oop }
                      ;*synchronization entry
                      ; - java.lang.StringBuilder::toString@-1
                      ; - org.eclipse.osgi.internal.loader.classpath.ClasspathManager::findClassImpl@158 (line 685)
  0x0000020b80387d64: 2a07 e93d | e2ff ff48 

  0x0000020b80387d6c: ;   {runtime_call fast_new_instance Runtime1 stub}
  0x0000020b80387d6c: 8bd2 e88d 

  0x0000020b80387d70: ; ImmutableOopMap {r8=Oop [216]=Oop [248]=Oop [376]=Oop [384]=Oop }
                      ;*new {reexecute=0 rethrow=0 return_oop=0}
                      ; - java.lang.StringBuilder::toString@0
                      ; - org.eclipse.osgi.internal.loader.classpath.ClasspathManager::findClassImpl@158 (line 685)
  0x0000020b80387d70: 9921 07e9 | 80e2 ffff 

  0x0000020b80387d78: ;   {metadata({method} {0x0000020b8f455dd8} '<init>' '(Ljava/lang/StringBuilder;)V' in 'java/lang/String')}
  0x0000020b80387d78: 49ba d05d | 458f 0b02 | 0000 4c89 | 5424 0848 | c704 24ff 

  0x0000020b80387d8c: ;   {runtime_call counter_overflow Runtime1 stub}
  0x0000020b80387d8c: ffff ffe8 

  0x0000020b80387d90: ; ImmutableOopMap {r8=Oop rax=Oop [216]=Oop [248]=Oop [376]=Oop [384]=Oop }
                      ;*synchronization entry
                      ; - java.lang.String::<init>@-1
                      ; - java.lang.StringBuilder::toString@5
                      ; - org.eclipse.osgi.internal.loader.classpath.ClasspathManager::findClassImpl@158 (line 685)
  0x0000020b80387d90: ecde 2a07 | e99d e2ff 

  0x0000020b80387d98: ;   {runtime_call throw_null_pointer_exception Runtime1 stub}
  0x0000020b80387d98: ffe8 62a2 

  0x0000020b80387d9c: ; ImmutableOopMap {r13=Oop [216]=Oop [248]=Oop [376]=Oop [384]=Oop [392]=Oop }
                      ;*invokevirtual trace {reexecute=0 rethrow=0 return_oop=0}
                      ; - org.eclipse.osgi.internal.loader.classpath.ClasspathManager::findClassImpl@161 (line 684)
                      ;   {metadata({method} {0x0000020bfa4e5400} 'trace' '(Ljava/lang/String;Ljava/lang/String;)V' in 'org/eclipse/osgi/internal/debug/Debug')}
  0x0000020b80387d9c: 2107 49ba | f853 4efa | 0b02 0000 | 4c89 5424 | 0848 c704 | 24ff ffff 

  0x0000020b80387db4: ;   {runtime_call counter_overflow Runtime1 stub}
  0x0000020b80387db4: ffe8 c6de 

  0x0000020b80387db8: ; ImmutableOopMap {r13=Oop [216]=Oop [248]=Oop [376]=Oop [384]=Oop [392]=Oop }
                      ;*synchronization entry
                      ; - org.eclipse.osgi.internal.debug.Debug::trace@-1 (line 256)
                      ; - org.eclipse.osgi.internal.loader.classpath.ClasspathManager::findClassImpl@161 (line 684)
  0x0000020b80387db8: 2a07 e913 

  0x0000020b80387dbc: ;   {runtime_call throw_incompatible_class_change_error Runtime1 stub}
  0x0000020b80387dbc: e3ff ffe8 

  0x0000020b80387dc0: ; ImmutableOopMap {rdx=Oop [216]=Oop [248]=Oop [384]=Oop [392]=Oop }
                      ;*invokeinterface getLogger {reexecute=0 rethrow=0 return_oop=0}
                      ; - org.eclipse.osgi.internal.debug.Debug::trace@11 (line 265)
                      ; - org.eclipse.osgi.internal.loader.classpath.ClasspathManager::findClassImpl@161 (line 684)
  0x0000020b80387dc0: bcb4 2a07 

  0x0000020b80387dc4: ;   {runtime_call throw_null_pointer_exception Runtime1 stub}
  0x0000020b80387dc4: e837 a221 

  0x0000020b80387dc8: ; ImmutableOopMap {rdx=Oop [216]=Oop [248]=Oop [384]=Oop [392]=Oop }
                      ;*invokeinterface getLogger {reexecute=0 rethrow=0 return_oop=0}
                      ; - org.eclipse.osgi.internal.debug.Debug::trace@11 (line 265)
                      ; - org.eclipse.osgi.internal.loader.classpath.ClasspathManager::findClassImpl@161 (line 684)
                      ;   {metadata({method} {0x0000020bfa50ca90} 'getLogger' '(Ljava/lang/String;)Lorg/osgi/service/log/Logger;' in 'org/eclipse/osgi/internal/log/ExtendedLogServiceImpl')}
  0x0000020b80387dc8: 0749 ba88 | ca50 fa0b | 0200 004c | 8954 2408 | 48c7 0424 | ffff ffff 

  0x0000020b80387de0: ;   {runtime_call counter_overflow Runtime1 stub}
  0x0000020b80387de0: e89b de2a 

  0x0000020b80387de4: ; ImmutableOopMap {rdx=Oop [216]=Oop [248]=Oop [384]=Oop [392]=Oop }
                      ;*synchronization entry
                      ; - org.eclipse.osgi.internal.log.ExtendedLogServiceImpl::getLogger@-1 (line 1)
                      ; - org.eclipse.osgi.internal.debug.Debug::trace@11 (line 265)
                      ; - org.eclipse.osgi.internal.loader.classpath.ClasspathManager::findClassImpl@161 (line 684)
  0x0000020b80387de4: 07e9 a5e3 

  0x0000020b80387de8: ;   {metadata({method} {0x0000020bfa50a318} 'getLogger' '(Ljava/lang/String;)Lorg/eclipse/equinox/log/Logger;' in 'org/eclipse/osgi/internal/log/ExtendedLogServiceImpl')}
  0x0000020b80387de8: ffff 49ba | 10a3 50fa | 0b02 0000 | 4c89 5424 | 0848 c704 | 24ff ffff 

  0x0000020b80387e00: ;   {runtime_call counter_overflow Runtime1 stub}
  0x0000020b80387e00: ffe8 7ade 

  0x0000020b80387e04: ; ImmutableOopMap {rdx=Oop [216]=Oop [248]=Oop [384]=Oop [392]=Oop }
                      ;*synchronization entry
                      ; - org.eclipse.osgi.internal.log.ExtendedLogServiceImpl::getLogger@-1 (line 73)
                      ; - org.eclipse.osgi.internal.log.ExtendedLogServiceImpl::getLogger@2 (line 1)
                      ; - org.eclipse.osgi.internal.debug.Debug::trace@11 (line 265)
                      ; - org.eclipse.osgi.internal.loader.classpath.ClasspathManager::findClassImpl@161 (line 684)
  0x0000020b80387e04: 2a07 e9d6 | e3ff ff48 

  0x0000020b80387e0c: ;   {runtime_call throw_class_cast_exception Runtime1 stub}
  0x0000020b80387e0c: 8904 24e8 

  0x0000020b80387e10: ; ImmutableOopMap {[216]=Oop [384]=Oop [392]=Oop }
                      ;*checkcast {reexecute=0 rethrow=0 return_oop=0}
                      ; - org.eclipse.osgi.internal.log.ExtendedLogServiceImpl::getLogger@7 (line 73)
                      ; - org.eclipse.osgi.internal.log.ExtendedLogServiceImpl::getLogger@2 (line 1)
                      ; - org.eclipse.osgi.internal.debug.Debug::trace@11 (line 265)
                      ; - org.eclipse.osgi.internal.loader.classpath.ClasspathManager::findClassImpl@161 (line 684)
  0x0000020b80387e10: 6cb1 2a07 

  0x0000020b80387e14: ;   {runtime_call throw_null_pointer_exception Runtime1 stub}
  0x0000020b80387e14: e8e7 a121 

  0x0000020b80387e18: ; ImmutableOopMap {rdx=Oop [216]=Oop [384]=Oop [392]=Oop }
                      ;*invokeinterface debug {reexecute=0 rethrow=0 return_oop=0}
                      ; - org.eclipse.osgi.internal.debug.Debug::trace@17 (line 265)
                      ; - org.eclipse.osgi.internal.loader.classpath.ClasspathManager::findClassImpl@161 (line 684)
                      ;   {runtime_call throw_null_pointer_exception Runtime1 stub}
  0x0000020b80387e18: 07e8 e2a1 

  0x0000020b80387e1c: ; ImmutableOopMap {rax=Oop rdx=Oop [216]=Oop [384]=Oop }
                      ;*invokevirtual println {reexecute=0 rethrow=0 return_oop=0}
                      ; - org.eclipse.osgi.internal.debug.Debug::trace@29 (line 267)
                      ; - org.eclipse.osgi.internal.loader.classpath.ClasspathManager::findClassImpl@161 (line 684)
                      ;   {internal_word}
  0x0000020b80387e1c: 2107 49ba | bc64 3880 | 0b02 0000 | 4d89 9768 

  0x0000020b80387e2c: ;   {runtime_call SafepointBlob}
  0x0000020b80387e2c: 0400 00e9 | cccc 1f07 

  0x0000020b80387e34: ;   {metadata(nullptr)}
  0x0000020b80387e34: 48ba 0000 | 0000 0000 | 0000 b800 

  0x0000020b80387e40: ;   {runtime_call load_klass_patching Runtime1 stub}
  0x0000020b80387e40: 0f05 0ae8 

  0x0000020b80387e44: ; ImmutableOopMap {r9=Oop [216]=Oop [248]=Oop [416]=Oop }
                      ;*new {reexecute=1 rethrow=0 return_oop=0}
                      ; - (reexecute) org.eclipse.osgi.internal.loader.classpath.ClasspathManager::findClassImpl@305 (line 698)
  0x0000020b80387e44: b8cd 2a07 | e9e3 e6ff | ff48 8bd2 

  0x0000020b80387e50: ;   {runtime_call fast_new_instance Runtime1 stub}
  0x0000020b80387e50: e8ab 9821 

  0x0000020b80387e54: ; ImmutableOopMap {r9=Oop [216]=Oop [248]=Oop [416]=Oop }
                      ;*new {reexecute=0 rethrow=0 return_oop=0}
                      ; - org.eclipse.osgi.internal.loader.classpath.ClasspathManager::findClassImpl@305 (line 698)
  0x0000020b80387e54: 07e9 26e7 

  0x0000020b80387e58: ;   {metadata({method} {0x0000020b8f461da8} '<init>' '(Ljava/lang/String;)V' in 'java/lang/StringBuilder')}
  0x0000020b80387e58: ffff 49ba | a01d 468f | 0b02 0000 | 4c89 5424 | 0848 c704 | 24ff ffff 

  0x0000020b80387e70: ;   {runtime_call counter_overflow Runtime1 stub}
  0x0000020b80387e70: ffe8 0ade 

  0x0000020b80387e74: ; ImmutableOopMap {r9=Oop rax=Oop [216]=Oop [248]=Oop [416]=Oop }
                      ;*synchronization entry
                      ; - java.lang.StringBuilder::<init>@-1
                      ; - org.eclipse.osgi.internal.loader.classpath.ClasspathManager::findClassImpl@312 (line 698)
  0x0000020b80387e74: 2a07 e943 

  0x0000020b80387e78: ;   {metadata({method} {0x0000020b8f461ae8} 'append' '(Ljava/lang/String;)Ljava/lang/StringBuilder;' in 'java/lang/StringBuilder')}
  0x0000020b80387e78: e7ff ff49 | bae0 1a46 | 8f0b 0200 | 004c 8954 | 2408 48c7 | 0424 ffff 

  0x0000020b80387e90: ;   {runtime_call counter_overflow Runtime1 stub}
  0x0000020b80387e90: ffff e8e9 

  0x0000020b80387e94: ; ImmutableOopMap {[216]=Oop [248]=Oop [400]=Oop [408]=Oop [416]=Oop }
                      ;*synchronization entry
                      ; - java.lang.StringBuilder::append@-1
                      ; - org.eclipse.osgi.internal.loader.classpath.ClasspathManager::findClassImpl@316 (line 698)
  0x0000020b80387e94: dd2a 07e9 | abe7 ffff 

  0x0000020b80387e9c: ;   {metadata({method} {0x0000020b8f008958} 'toString' '()Ljava/lang/String;' in 'java/lang/StringBuilder')}
  0x0000020b80387e9c: 49ba 5089 | 008f 0b02 | 0000 4c89 | 5424 0848 | c704 24ff 

  0x0000020b80387eb0: ;   {runtime_call counter_overflow Runtime1 stub}
  0x0000020b80387eb0: ffff ffe8 

  0x0000020b80387eb4: ; ImmutableOopMap {[248]=Oop [400]=Oop [408]=Oop [416]=Oop }
                      ;*synchronization entry
                      ; - java.lang.StringBuilder::toString@-1
                      ; - org.eclipse.osgi.internal.loader.classpath.ClasspathManager::findClassImpl@319 (line 698)
  0x0000020b80387eb4: c8dd 2a07 | e908 e8ff | ff48 8bd2 

  0x0000020b80387ec0: ;   {runtime_call fast_new_instance Runtime1 stub}
  0x0000020b80387ec0: e83b 9821 

  0x0000020b80387ec4: ; ImmutableOopMap {[248]=Oop [400]=Oop [408]=Oop [416]=Oop }
                      ;*new {reexecute=0 rethrow=0 return_oop=0}
                      ; - java.lang.StringBuilder::toString@0
                      ; - org.eclipse.osgi.internal.loader.classpath.ClasspathManager::findClassImpl@319 (line 698)
  0x0000020b80387ec4: 07e9 4be8 

  0x0000020b80387ec8: ;   {metadata({method} {0x0000020b8f455dd8} '<init>' '(Ljava/lang/StringBuilder;)V' in 'java/lang/String')}
  0x0000020b80387ec8: ffff 49ba | d05d 458f | 0b02 0000 | 4c89 5424 | 0848 c704 | 24ff ffff 

  0x0000020b80387ee0: ;   {runtime_call counter_overflow Runtime1 stub}
  0x0000020b80387ee0: ffe8 9add 

  0x0000020b80387ee4: ; ImmutableOopMap {rax=Oop [248]=Oop [400]=Oop [408]=Oop [416]=Oop }
                      ;*synchronization entry
                      ; - java.lang.String::<init>@-1
                      ; - java.lang.StringBuilder::toString@5
                      ; - org.eclipse.osgi.internal.loader.classpath.ClasspathManager::findClassImpl@319 (line 698)
  0x0000020b80387ee4: 2a07 e96b 

  0x0000020b80387ee8: ;   {runtime_call throw_null_pointer_exception Runtime1 stub}
  0x0000020b80387ee8: e8ff ffe8 

  0x0000020b80387eec: ; ImmutableOopMap {r9=Oop [248]=Oop [416]=Oop [424]=Oop }
                      ;*invokevirtual trace {reexecute=0 rethrow=0 return_oop=0}
                      ; - org.eclipse.osgi.internal.loader.classpath.ClasspathManager::findClassImpl@322 (line 698)
  0x0000020b80387eec: 10a1 2107 

  0x0000020b80387ef0: ;   {metadata({method} {0x0000020bfa4e5400} 'trace' '(Ljava/lang/String;Ljava/lang/String;)V' in 'org/eclipse/osgi/internal/debug/Debug')}
  0x0000020b80387ef0: 49ba f853 | 4efa 0b02 | 0000 4c89 | 5424 0848 | c704 24ff 

  0x0000020b80387f04: ;   {runtime_call counter_overflow Runtime1 stub}
  0x0000020b80387f04: ffff ffe8 

  0x0000020b80387f08: ; ImmutableOopMap {r9=Oop [248]=Oop [416]=Oop [424]=Oop }
                      ;*synchronization entry
                      ; - org.eclipse.osgi.internal.debug.Debug::trace@-1 (line 256)
                      ; - org.eclipse.osgi.internal.loader.classpath.ClasspathManager::findClassImpl@322 (line 698)
  0x0000020b80387f08: 74dd 2a07 | e9e5 e8ff 

  0x0000020b80387f10: ;   {runtime_call throw_incompatible_class_change_error Runtime1 stub}
  0x0000020b80387f10: ffe8 6ab3 

  0x0000020b80387f14: ; ImmutableOopMap {rdx=Oop [248]=Oop [416]=Oop [424]=Oop }
                      ;*invokeinterface getLogger {reexecute=0 rethrow=0 return_oop=0}
                      ; - org.eclipse.osgi.internal.debug.Debug::trace@11 (line 265)
                      ; - org.eclipse.osgi.internal.loader.classpath.ClasspathManager::findClassImpl@322 (line 698)
                      ;   {runtime_call throw_null_pointer_exception Runtime1 stub}
  0x0000020b80387f14: 2a07 e8e5 

  0x0000020b80387f18: ; ImmutableOopMap {rdx=Oop [248]=Oop [416]=Oop [424]=Oop }
                      ;*invokeinterface getLogger {reexecute=0 rethrow=0 return_oop=0}
                      ; - org.eclipse.osgi.internal.debug.Debug::trace@11 (line 265)
                      ; - org.eclipse.osgi.internal.loader.classpath.ClasspathManager::findClassImpl@322 (line 698)
                      ;   {metadata({method} {0x0000020bfa50ca90} 'getLogger' '(Ljava/lang/String;)Lorg/osgi/service/log/Logger;' in 'org/eclipse/osgi/internal/log/ExtendedLogServiceImpl')}
  0x0000020b80387f18: a021 0749 | ba88 ca50 | fa0b 0200 | 004c 8954 | 2408 48c7 | 0424 ffff 

  0x0000020b80387f30: ;   {runtime_call counter_overflow Runtime1 stub}
  0x0000020b80387f30: ffff e849 

  0x0000020b80387f34: ; ImmutableOopMap {rdx=Oop [248]=Oop [416]=Oop [424]=Oop }
                      ;*synchronization entry
                      ; - org.eclipse.osgi.internal.log.ExtendedLogServiceImpl::getLogger@-1 (line 1)
                      ; - org.eclipse.osgi.internal.debug.Debug::trace@11 (line 265)
                      ; - org.eclipse.osgi.internal.loader.classpath.ClasspathManager::findClassImpl@322 (line 698)
  0x0000020b80387f34: dd2a 07e9 | 77e9 ffff 

  0x0000020b80387f3c: ;   {metadata({method} {0x0000020bfa50a318} 'getLogger' '(Ljava/lang/String;)Lorg/eclipse/equinox/log/Logger;' in 'org/eclipse/osgi/internal/log/ExtendedLogServiceImpl')}
  0x0000020b80387f3c: 49ba 10a3 | 50fa 0b02 | 0000 4c89 | 5424 0848 | c704 24ff 

  0x0000020b80387f50: ;   {runtime_call counter_overflow Runtime1 stub}
  0x0000020b80387f50: ffff ffe8 

  0x0000020b80387f54: ; ImmutableOopMap {rdx=Oop [248]=Oop [416]=Oop [424]=Oop }
                      ;*synchronization entry
                      ; - org.eclipse.osgi.internal.log.ExtendedLogServiceImpl::getLogger@-1 (line 73)
                      ; - org.eclipse.osgi.internal.log.ExtendedLogServiceImpl::getLogger@2 (line 1)
                      ; - org.eclipse.osgi.internal.debug.Debug::trace@11 (line 265)
                      ; - org.eclipse.osgi.internal.loader.classpath.ClasspathManager::findClassImpl@322 (line 698)
  0x0000020b80387f54: 28dd 2a07 | e9a8 e9ff | ff48 8904 

  0x0000020b80387f60: ;   {runtime_call throw_class_cast_exception Runtime1 stub}
  0x0000020b80387f60: 24e8 1ab0 

  0x0000020b80387f64: ; ImmutableOopMap {[416]=Oop [424]=Oop }
                      ;*checkcast {reexecute=0 rethrow=0 return_oop=0}
                      ; - org.eclipse.osgi.internal.log.ExtendedLogServiceImpl::getLogger@7 (line 73)
                      ; - org.eclipse.osgi.internal.log.ExtendedLogServiceImpl::getLogger@2 (line 1)
                      ; - org.eclipse.osgi.internal.debug.Debug::trace@11 (line 265)
                      ; - org.eclipse.osgi.internal.loader.classpath.ClasspathManager::findClassImpl@322 (line 698)
                      ;   {runtime_call throw_null_pointer_exception Runtime1 stub}
  0x0000020b80387f64: 2a07 e895 

  0x0000020b80387f68: ; ImmutableOopMap {rdx=Oop [416]=Oop [424]=Oop }
                      ;*invokeinterface debug {reexecute=0 rethrow=0 return_oop=0}
                      ; - org.eclipse.osgi.internal.debug.Debug::trace@17 (line 265)
                      ; - org.eclipse.osgi.internal.loader.classpath.ClasspathManager::findClassImpl@322 (line 698)
                      ;   {runtime_call throw_null_pointer_exception Runtime1 stub}
  0x0000020b80387f68: a021 07e8 

  0x0000020b80387f6c: ; ImmutableOopMap {rax=Oop rdx=Oop [416]=Oop }
                      ;*invokevirtual println {reexecute=0 rethrow=0 return_oop=0}
                      ; - org.eclipse.osgi.internal.debug.Debug::trace@29 (line 267)
                      ; - org.eclipse.osgi.internal.loader.classpath.ClasspathManager::findClassImpl@322 (line 698)
  0x0000020b80387f6c: 90a0 2107 

  0x0000020b80387f70: ;   {internal_word}
  0x0000020b80387f70: 49ba 816b | 3880 0b02 | 0000 4d89 | 9768 0400 

  0x0000020b80387f80: ;   {runtime_call SafepointBlob}
  0x0000020b80387f80: 00e9 7acb 

  0x0000020b80387f84: ;   {internal_word}
  0x0000020b80387f84: 1f07 49ba | a16b 3880 | 0b02 0000 | 4d89 9768 

  0x0000020b80387f94: ;   {runtime_call SafepointBlob}
  0x0000020b80387f94: 0400 00e9 | 64cb 1f07 

  0x0000020b80387f9c: ;   {metadata(nullptr)}
  0x0000020b80387f9c: 48ba 0000 | 0000 0000 | 0000 b800 

  0x0000020b80387fa8: ;   {runtime_call load_klass_patching Runtime1 stub}
  0x0000020b80387fa8: 0f05 0ae8 

  0x0000020b80387fac: ; ImmutableOopMap {[216]=Oop [384]=Oop }
                      ;*new {reexecute=1 rethrow=0 return_oop=0}
                      ; - (reexecute) org.eclipse.osgi.internal.loader.classpath.ClasspathManager::findClassImpl@164 (line 686)
  0x0000020b80387fac: 50cc 2a07 | e90b ecff | ff48 8bd2 

  0x0000020b80387fb8: ;   {runtime_call fast_new_instance Runtime1 stub}
  0x0000020b80387fb8: e843 9721 

  0x0000020b80387fbc: ; ImmutableOopMap {[216]=Oop [384]=Oop }
                      ;*new {reexecute=0 rethrow=0 return_oop=0}
                      ; - org.eclipse.osgi.internal.loader.classpath.ClasspathManager::findClassImpl@164 (line 686)
  0x0000020b80387fbc: 07e9 56ec 

  0x0000020b80387fc0: ;   {metadata(nullptr)}
  0x0000020b80387fc0: ffff 48ba | 0000 0000 | 0000 0000 | b800 0f05 

  0x0000020b80387fd0: ;   {runtime_call load_klass_patching Runtime1 stub}
  0x0000020b80387fd0: 0ae8 2acc 

  0x0000020b80387fd4: ; ImmutableOopMap {rax=Oop [216]=Oop [384]=Oop }
                      ;*new {reexecute=1 rethrow=0 return_oop=0}
                      ; - (reexecute) org.eclipse.osgi.internal.loader.classpath.ClasspathManager::findClassImpl@168 (line 686)
  0x0000020b80387fd4: 2a07 e93d | ecff ff48 

  0x0000020b80387fdc: ;   {runtime_call fast_new_instance Runtime1 stub}
  0x0000020b80387fdc: 8bd2 e81d 

  0x0000020b80387fe0: ; ImmutableOopMap {[216]=Oop [384]=Oop [440]=Oop }
                      ;*new {reexecute=0 rethrow=0 return_oop=0}
                      ; - org.eclipse.osgi.internal.loader.classpath.ClasspathManager::findClassImpl@168 (line 686)
  0x0000020b80387fe0: 9721 07e9 | 88ec ffff 

  0x0000020b80387fe8: ;   {metadata({method} {0x0000020b8f461da8} '<init>' '(Ljava/lang/String;)V' in 'java/lang/StringBuilder')}
  0x0000020b80387fe8: 49ba a01d | 468f 0b02 | 0000 4c89 | 5424 0848 | c704 24ff 

  0x0000020b80387ffc: ;   {runtime_call counter_overflow Runtime1 stub}
  0x0000020b80387ffc: ffff ffe8 

  0x0000020b80388000: ; ImmutableOopMap {rax=Oop [216]=Oop [384]=Oop [440]=Oop }
                      ;*synchronization entry
                      ; - java.lang.StringBuilder::<init>@-1
                      ; - org.eclipse.osgi.internal.loader.classpath.ClasspathManager::findClassImpl@175 (line 686)
  0x0000020b80388000: 7cdc 2a07 | e9a5 ecff 

  0x0000020b80388008: ;   {metadata({method} {0x0000020b8f461ae8} 'append' '(Ljava/lang/String;)Ljava/lang/StringBuilder;' in 'java/lang/StringBuilder')}
  0x0000020b80388008: ff49 bae0 | 1a46 8f0b | 0200 004c | 8954 2408 | 48c7 0424 | ffff ffff 

  0x0000020b80388020: ;   {runtime_call counter_overflow Runtime1 stub}
  0x0000020b80388020: e85b dc2a 

  0x0000020b80388024: ; ImmutableOopMap {[216]=Oop [384]=Oop [432]=Oop [440]=Oop }
                      ;*synchronization entry
                      ; - java.lang.StringBuilder::append@-1
                      ; - org.eclipse.osgi.internal.loader.classpath.ClasspathManager::findClassImpl@179 (line 686)
  0x0000020b80388024: 07e9 05ed 

  0x0000020b80388028: ;   {metadata({method} {0x0000020b8f008958} 'toString' '()Ljava/lang/String;' in 'java/lang/StringBuilder')}
  0x0000020b80388028: ffff 49ba | 5089 008f | 0b02 0000 | 4c89 5424 | 0848 c704 | 24ff ffff 

  0x0000020b80388040: ;   {runtime_call counter_overflow Runtime1 stub}
  0x0000020b80388040: ffe8 3adc 

  0x0000020b80388044: ; ImmutableOopMap {[384]=Oop [432]=Oop [440]=Oop }
                      ;*synchronization entry
                      ; - java.lang.StringBuilder::toString@-1
                      ; - org.eclipse.osgi.internal.loader.classpath.ClasspathManager::findClassImpl@182 (line 686)
  0x0000020b80388044: 2a07 e962 | edff ff48 

  0x0000020b8038804c: ;   {runtime_call fast_new_instance Runtime1 stub}
  0x0000020b8038804c: 8bd2 e8ad 

  0x0000020b80388050: ; ImmutableOopMap {[384]=Oop [432]=Oop [440]=Oop }
                      ;*new {reexecute=0 rethrow=0 return_oop=0}
                      ; - java.lang.StringBuilder::toString@0
                      ; - org.eclipse.osgi.internal.loader.classpath.ClasspathManager::findClassImpl@182 (line 686)
  0x0000020b80388050: 9621 07e9 | a5ed ffff 

  0x0000020b80388058: ;   {metadata({method} {0x0000020b8f455dd8} '<init>' '(Ljava/lang/StringBuilder;)V' in 'java/lang/String')}
  0x0000020b80388058: 49ba d05d | 458f 0b02 | 0000 4c89 | 5424 0848 | c704 24ff 

  0x0000020b8038806c: ;   {runtime_call counter_overflow Runtime1 stub}
  0x0000020b8038806c: ffff ffe8 

  0x0000020b80388070: ; ImmutableOopMap {rax=Oop [384]=Oop [432]=Oop [440]=Oop }
                      ;*synchronization entry
                      ; - java.lang.String::<init>@-1
                      ; - java.lang.StringBuilder::toString@5
                      ; - org.eclipse.osgi.internal.loader.classpath.ClasspathManager::findClassImpl@182 (line 686)
  0x0000020b80388070: 0cdc 2a07 | e9c5 edff | ff48 8904 

  0x0000020b8038807c: ;   {runtime_call throw_class_cast_exception Runtime1 stub}
  0x0000020b8038807c: 24e8 feae 

  0x0000020b80388080: ; ImmutableOopMap {}
                      ;*checkcast {reexecute=0 rethrow=0 return_oop=0}
                      ; - org.eclipse.osgi.internal.loader.classpath.ClasspathManager::findClassImpl@193 (line 686)
                      ;   {runtime_call throw_null_pointer_exception Runtime1 stub}
  0x0000020b80388080: 2a07 e879 

  0x0000020b80388084: ; ImmutableOopMap {rax=Oop }
                      ;*athrow {reexecute=1 rethrow=0 return_oop=0}
                      ; - (reexecute) org.eclipse.osgi.internal.loader.classpath.ClasspathManager::findClassImpl@196 (line 686)
  0x0000020b80388084: 9f21 0748 

  0x0000020b80388088: ;   {runtime_call fast_new_instance Runtime1 stub}
  0x0000020b80388088: 8bd2 e871 

  0x0000020b8038808c: ; ImmutableOopMap {[200]=Oop [208]=Oop [216]=Oop [224]=Oop [248]=Oop [280]=Oop }
                      ;*new {reexecute=0 rethrow=0 return_oop=0}
                      ; - java.lang.StringConcatHelper::newArray@16
                      ; - java.lang.StringConcatHelper::simpleConcat@61
                      ; - java.lang.String::concat@11
                      ; - org.eclipse.osgi.internal.loader.classpath.ClasspathManager::findClassImpl@87 (line 673)
  0x0000020b8038808c: 9621 07e9 | 28f0 ffff 

  0x0000020b80388094: ;   {runtime_call fast_new_instance Runtime1 stub}
  0x0000020b80388094: 488b d2e8 

  0x0000020b80388098: ; ImmutableOopMap {[200]=Oop [208]=Oop [216]=Oop [224]=Oop [248]=Oop [280]=Oop }
                      ;*new {reexecute=0 rethrow=0 return_oop=0}
                      ; - java.lang.StringConcatHelper::checkOverflow@7
                      ; - java.lang.StringConcatHelper::mix@23
                      ; - java.lang.StringConcatHelper::simpleConcat@54
                      ; - java.lang.String::concat@11
                      ; - org.eclipse.osgi.internal.loader.classpath.ClasspathManager::findClassImpl@87 (line 673)
  0x0000020b80388098: 6496 2107 | e9c0 f0ff | ff48 8bd2 

  0x0000020b803880a4: ;   {runtime_call fast_new_instance Runtime1 stub}
  0x0000020b803880a4: e857 9621 

  0x0000020b803880a8: ; ImmutableOopMap {[200]=Oop [208]=Oop [216]=Oop [224]=Oop [248]=Oop [280]=Oop }
                      ;*new {reexecute=0 rethrow=0 return_oop=0}
                      ; - java.lang.StringConcatHelper::checkOverflow@7
                      ; - java.lang.StringConcatHelper::mix@23
                      ; - java.lang.StringConcatHelper::simpleConcat@46
                      ; - java.lang.String::concat@11
                      ; - org.eclipse.osgi.internal.loader.classpath.ClasspathManager::findClassImpl@87 (line 673)
  0x0000020b803880a8: 07e9 5bf1 | ffff 498b | 8700 0500 | 0049 c787 | 0005 0000 | 0000 0000 | 49c7 8708 | 0500 0000 
  0x0000020b803880c8: 0000 0048 | 81c4 f001 

  0x0000020b803880d0: ;   {runtime_call unwind_exception Runtime1 stub}
  0x0000020b803880d0: 0000 5de9 | 28ae 2107 
[Stub Code]
  0x0000020b803880d8: ;   {no_reloc}
  0x0000020b803880d8: 0f1f 4400 

  0x0000020b803880dc: ;   {static_stub}
  0x0000020b803880dc: 0048 bb00 | 0000 0000 

  0x0000020b803880e4: ;   {runtime_call nmethod}
  0x0000020b803880e4: 0000 00e9 | fbff ffff 

  0x0000020b803880ec: ;   {static_stub}
  0x0000020b803880ec: 9048 bb00 | 0000 0000 

  0x0000020b803880f4: ;   {runtime_call nmethod}
  0x0000020b803880f4: 0000 00e9 | fbff ffff 

  0x0000020b803880fc: ;   {static_stub}
  0x0000020b803880fc: 9048 bb00 | 0000 0000 

  0x0000020b80388104: ;   {runtime_call nmethod}
  0x0000020b80388104: 0000 00e9 | fbff ffff 

  0x0000020b8038810c: ;   {static_stub}
  0x0000020b8038810c: 9048 bb00 | 0000 0000 

  0x0000020b80388114: ;   {runtime_call nmethod}
  0x0000020b80388114: 0000 00e9 | fbff ffff 

  0x0000020b8038811c: ;   {static_stub}
  0x0000020b8038811c: 9048 bb00 | 0000 0000 

  0x0000020b80388124: ;   {runtime_call nmethod}
  0x0000020b80388124: 0000 00e9 | fbff ffff 

  0x0000020b8038812c: ;   {static_stub}
  0x0000020b8038812c: 9048 bb00 | 0000 0000 

  0x0000020b80388134: ;   {runtime_call nmethod}
  0x0000020b80388134: 0000 00e9 | fbff ffff 

  0x0000020b8038813c: ;   {static_stub}
  0x0000020b8038813c: 9048 bb00 | 0000 0000 

  0x0000020b80388144: ;   {runtime_call nmethod}
  0x0000020b80388144: 0000 00e9 | fbff ffff 

  0x0000020b8038814c: ;   {static_stub}
  0x0000020b8038814c: 9048 bb00 | 0000 0000 

  0x0000020b80388154: ;   {runtime_call nmethod}
  0x0000020b80388154: 0000 00e9 | fbff ffff 

  0x0000020b8038815c: ;   {static_stub}
  0x0000020b8038815c: 9048 bb00 | 0000 0000 

  0x0000020b80388164: ;   {runtime_call nmethod}
  0x0000020b80388164: 0000 00e9 | fbff ffff 

  0x0000020b8038816c: ;   {static_stub}
  0x0000020b8038816c: 9048 bb00 | 0000 0000 

  0x0000020b80388174: ;   {runtime_call nmethod}
  0x0000020b80388174: 0000 00e9 | fbff ffff 

  0x0000020b8038817c: ;   {static_stub}
  0x0000020b8038817c: 9048 bb00 | 0000 0000 

  0x0000020b80388184: ;   {runtime_call nmethod}
  0x0000020b80388184: 0000 00e9 | fbff ffff 

  0x0000020b8038818c: ;   {static_stub}
  0x0000020b8038818c: 9048 bb88 | f868 fa0b 

  0x0000020b80388194: ;   {runtime_call I2C/C2I adapters}
  0x0000020b80388194: 0200 00e9 | cbb5 1f07 

  0x0000020b8038819c: ;   {static_stub}
  0x0000020b8038819c: 9048 bbf8 | 2065 fa0b 

  0x0000020b803881a4: ;   {runtime_call I2C/C2I adapters}
  0x0000020b803881a4: 0200 00e9 | 375a 1f07 

  0x0000020b803881ac: ;   {static_stub}
  0x0000020b803881ac: 9048 bb00 | 0000 0000 

  0x0000020b803881b4: ;   {runtime_call nmethod}
  0x0000020b803881b4: 0000 00e9 | fbff ffff 

  0x0000020b803881bc: ;   {static_stub}
  0x0000020b803881bc: 9048 bb00 | 0000 0000 

  0x0000020b803881c4: ;   {runtime_call nmethod}
  0x0000020b803881c4: 0000 00e9 | fbff ffff 

  0x0000020b803881cc: ;   {static_stub}
  0x0000020b803881cc: 9048 bb00 | 0000 0000 

  0x0000020b803881d4: ;   {runtime_call nmethod}
  0x0000020b803881d4: 0000 00e9 | fbff ffff 

  0x0000020b803881dc: ;   {static_stub}
  0x0000020b803881dc: 9048 bb00 | 0000 0000 

  0x0000020b803881e4: ;   {runtime_call nmethod}
  0x0000020b803881e4: 0000 00e9 | fbff ffff 

  0x0000020b803881ec: ;   {static_stub}
  0x0000020b803881ec: 9048 bb00 | 0000 0000 

  0x0000020b803881f4: ;   {runtime_call nmethod}
  0x0000020b803881f4: 0000 00e9 | fbff ffff 

  0x0000020b803881fc: ;   {static_stub}
  0x0000020b803881fc: 9048 bb00 | 0000 0000 

  0x0000020b80388204: ;   {runtime_call nmethod}
  0x0000020b80388204: 0000 00e9 | fbff ffff 

  0x0000020b8038820c: ;   {static_stub}
  0x0000020b8038820c: 9048 bb00 | 0000 0000 

  0x0000020b80388214: ;   {runtime_call nmethod}
  0x0000020b80388214: 0000 00e9 | fbff ffff 

  0x0000020b8038821c: ;   {static_stub}
  0x0000020b8038821c: 9048 bb00 | 0000 0000 

  0x0000020b80388224: ;   {runtime_call nmethod}
  0x0000020b80388224: 0000 00e9 | fbff ffff 

  0x0000020b8038822c: ;   {static_stub}
  0x0000020b8038822c: 9048 bb00 | 0000 0000 

  0x0000020b80388234: ;   {runtime_call nmethod}
  0x0000020b80388234: 0000 00e9 | fbff ffff 

  0x0000020b8038823c: ;   {static_stub}
  0x0000020b8038823c: 9048 bb00 | 0000 0000 

  0x0000020b80388244: ;   {runtime_call nmethod}
  0x0000020b80388244: 0000 00e9 | fbff ffff 

  0x0000020b8038824c: ;   {static_stub}
  0x0000020b8038824c: 9048 bb00 | 0000 0000 

  0x0000020b80388254: ;   {runtime_call nmethod}
  0x0000020b80388254: 0000 00e9 | fbff ffff 

  0x0000020b8038825c: ;   {static_stub}
  0x0000020b8038825c: 9048 bb00 | 0000 0000 

  0x0000020b80388264: ;   {runtime_call nmethod}
  0x0000020b80388264: 0000 00e9 | fbff ffff 

  0x0000020b8038826c: ;   {static_stub}
  0x0000020b8038826c: 9048 bb00 | 0000 0000 

  0x0000020b80388274: ;   {runtime_call nmethod}
  0x0000020b80388274: 0000 00e9 | fbff ffff 

  0x0000020b8038827c: ;   {static_stub}
  0x0000020b8038827c: 9048 bb00 | 0000 0000 

  0x0000020b80388284: ;   {runtime_call nmethod}
  0x0000020b80388284: 0000 00e9 | fbff ffff 

  0x0000020b8038828c: ;   {static_stub}
  0x0000020b8038828c: 9048 bb00 | 0000 0000 

  0x0000020b80388294: ;   {runtime_call nmethod}
  0x0000020b80388294: 0000 00e9 | fbff ffff 

  0x0000020b8038829c: ;   {static_stub}
  0x0000020b8038829c: 9048 bb00 | 0000 0000 

  0x0000020b803882a4: ;   {runtime_call nmethod}
  0x0000020b803882a4: 0000 00e9 | fbff ffff 

  0x0000020b803882ac: ;   {static_stub}
  0x0000020b803882ac: 9048 bb00 | 0000 0000 

  0x0000020b803882b4: ;   {runtime_call nmethod}
  0x0000020b803882b4: 0000 00e9 | fbff ffff 

  0x0000020b803882bc: ;   {static_stub}
  0x0000020b803882bc: 9048 bb00 | 0000 0000 

  0x0000020b803882c4: ;   {runtime_call nmethod}
  0x0000020b803882c4: 0000 00e9 | fbff ffff 

  0x0000020b803882cc: ;   {static_stub}
  0x0000020b803882cc: 9048 bb00 | 0000 0000 

  0x0000020b803882d4: ;   {runtime_call nmethod}
  0x0000020b803882d4: 0000 00e9 | fbff ffff 

  0x0000020b803882dc: ;   {static_stub}
  0x0000020b803882dc: 9048 bb00 | 0000 0000 

  0x0000020b803882e4: ;   {runtime_call nmethod}
  0x0000020b803882e4: 0000 00e9 | fbff ffff 

  0x0000020b803882ec: ;   {static_stub}
  0x0000020b803882ec: 9048 bb00 | 0000 0000 

  0x0000020b803882f4: ;   {runtime_call nmethod}
  0x0000020b803882f4: 0000 00e9 | fbff ffff 

  0x0000020b803882fc: ;   {static_stub}
  0x0000020b803882fc: 9048 bb00 | 0000 0000 

  0x0000020b80388304: ;   {runtime_call nmethod}
  0x0000020b80388304: 0000 00e9 | fbff ffff 

  0x0000020b8038830c: ;   {static_stub}
  0x0000020b8038830c: 9048 bb00 | 0000 0000 

  0x0000020b80388314: ;   {runtime_call nmethod}
  0x0000020b80388314: 0000 00e9 | fbff ffff 

  0x0000020b8038831c: ;   {static_stub}
  0x0000020b8038831c: 9048 bb00 | 0000 0000 

  0x0000020b80388324: ;   {runtime_call nmethod}
  0x0000020b80388324: 0000 00e9 | fbff ffff 

  0x0000020b8038832c: ;   {static_stub}
  0x0000020b8038832c: 48bb 0000 | 0000 0000 

  0x0000020b80388334: ;   {runtime_call nmethod}
  0x0000020b80388334: 0000 e9fb 

  0x0000020b80388338: ;   {static_stub}
  0x0000020b80388338: ffff ff48 | bb00 0000 | 0000 0000 

  0x0000020b80388344: ;   {runtime_call nmethod}
  0x0000020b80388344: 00e9 fbff 

  0x0000020b80388348: ;   {static_stub}
  0x0000020b80388348: ffff 48bb | 0000 0000 | 0000 0000 

  0x0000020b80388354: ;   {runtime_call nmethod}
  0x0000020b80388354: e9fb ffff 

  0x0000020b80388358: ;   {static_stub}
  0x0000020b80388358: ff48 bb00 | 0000 0000 

  0x0000020b80388360: ;   {runtime_call nmethod}
  0x0000020b80388360: 0000 00e9 | fbff ffff 

  0x0000020b80388368: ;   {static_stub}
  0x0000020b80388368: 48bb 0000 | 0000 0000 

  0x0000020b80388370: ;   {runtime_call nmethod}
  0x0000020b80388370: 0000 e9fb 

  0x0000020b80388374: ;   {static_stub}
  0x0000020b80388374: ffff ff48 | bb10 aa68 | fa0b 0200 

  0x0000020b80388380: ;   {runtime_call I2C/C2I adapters}
  0x0000020b80388380: 00e9 f1ca 

  0x0000020b80388384: ;   {static_stub}
  0x0000020b80388384: 1f07 48bb | 0000 0000 | 0000 0000 

  0x0000020b80388390: ;   {runtime_call nmethod}
  0x0000020b80388390: e9fb ffff 

  0x0000020b80388394: ;   {static_stub}
  0x0000020b80388394: ff48 bb00 | 0000 0000 

  0x0000020b8038839c: ;   {runtime_call nmethod}
  0x0000020b8038839c: 0000 00e9 | fbff ffff 

  0x0000020b803883a4: ;   {static_stub}
  0x0000020b803883a4: 48bb 0000 | 0000 0000 

  0x0000020b803883ac: ;   {runtime_call nmethod}
  0x0000020b803883ac: 0000 e9fb 

  0x0000020b803883b0: ;   {static_stub}
  0x0000020b803883b0: ffff ff48 | bb00 0000 | 0000 0000 

  0x0000020b803883bc: ;   {runtime_call nmethod}
  0x0000020b803883bc: 00e9 fbff 

  0x0000020b803883c0: ;   {runtime_call handle_exception_from_callee Runtime1 stub}
  0x0000020b803883c0: ffff e839 

  0x0000020b803883c4: ;   {external_word}
  0x0000020b803883c4: 7e21 0748 | b940 53e1 | fbfc 7f00 | 0048 83e4 

  0x0000020b803883d4: ;   {runtime_call}
  0x0000020b803883d4: f048 b8b0 | c3a3 fbfc | 7f00 00ff 

  0x0000020b803883e0: ;   {section_word}
  0x0000020b803883e0: d0f4 49ba | e283 3880 | 0b02 0000 

  0x0000020b803883ec: ;   {runtime_call DeoptimizationBlob}
  0x0000020b803883ec: 4152 e9ad | b91f 07f4 | f4f4 f4f4 
[/MachCode]


---------------  P R O C E S S  ---------------

Threads class SMR info:
_java_thread_list=0x0000020bfe0c7a10, length=15, elements={
0x0000020bf145c980, 0x0000020bf1518570, 0x0000020bf151ba00, 0x0000020bf8e50f90,
0x0000020bf8e52d00, 0x0000020bf8e539c0, 0x0000020bf8e547d0, 0x0000020bf8e57620,
0x0000020bf8ecf400, 0x0000020bf9c412d0, 0x0000020bf9da5260, 0x0000020bfe644df0,
0x0000020bf9dd9260, 0x0000020bf9dd9ba0, 0x0000020bfe5744b0
}

Java Threads: ( => current thread )
  0x0000020bf145c980 JavaThread "main"                              [_thread_blocked, id=16288, stack(0x000000a495b00000,0x000000a495c00000) (1024K)]
  0x0000020bf1518570 JavaThread "Reference Handler"          daemon [_thread_blocked, id=10996, stack(0x000000a495f00000,0x000000a496000000) (1024K)]
  0x0000020bf151ba00 JavaThread "Finalizer"                  daemon [_thread_blocked, id=15936, stack(0x000000a496000000,0x000000a496100000) (1024K)]
  0x0000020bf8e50f90 JavaThread "Signal Dispatcher"          daemon [_thread_blocked, id=16840, stack(0x000000a496100000,0x000000a496200000) (1024K)]
  0x0000020bf8e52d00 JavaThread "Attach Listener"            daemon [_thread_blocked, id=10672, stack(0x000000a496200000,0x000000a496300000) (1024K)]
  0x0000020bf8e539c0 JavaThread "Service Thread"             daemon [_thread_blocked, id=15620, stack(0x000000a496300000,0x000000a496400000) (1024K)]
  0x0000020bf8e547d0 JavaThread "Monitor Deflation Thread"   daemon [_thread_blocked, id=8788, stack(0x000000a496400000,0x000000a496500000) (1024K)]
  0x0000020bf8e57620 JavaThread "C2 CompilerThread0"         daemon [_thread_blocked, id=2532, stack(0x000000a496500000,0x000000a496600000) (1024K)]
  0x0000020bf8ecf400 JavaThread "C1 CompilerThread0"         daemon [_thread_blocked, id=2860, stack(0x000000a496600000,0x000000a496700000) (1024K)]
  0x0000020bf9c412d0 JavaThread "Common-Cleaner"             daemon [_thread_blocked, id=9692, stack(0x000000a496700000,0x000000a496800000) (1024K)]
  0x0000020bf9da5260 JavaThread "Notification Thread"        daemon [_thread_blocked, id=16980, stack(0x000000a496800000,0x000000a496900000) (1024K)]
  0x0000020bfe644df0 JavaThread "Active Thread: Equinox Container: 99236a1d-bd6d-4d57-b56b-cd3a3984a87b"        [_thread_blocked, id=16892, stack(0x000000a496d00000,0x000000a496e00000) (1024K)]
  0x0000020bf9dd9260 JavaThread "Framework Event Dispatcher: Equinox Container: 99236a1d-bd6d-4d57-b56b-cd3a3984a87b" daemon [_thread_blocked, id=6316, stack(0x000000a496900000,0x000000a496a00000) (1024K)]
=>0x0000020bf9dd9ba0 JavaThread "Start Level: Equinox Container: 99236a1d-bd6d-4d57-b56b-cd3a3984a87b" daemon [_thread_in_vm, id=4444, stack(0x000000a496e00000,0x000000a496f00000) (1024K)]
  0x0000020bfe5744b0 JavaThread "SCR Component Actor"        daemon [_thread_blocked, id=11456, stack(0x000000a496f00000,0x000000a497000000) (1024K)]
Total: 15

Other Threads:
  0x0000020bf14fe8a0 VMThread "VM Thread"                           [id=1404, stack(0x000000a495e00000,0x000000a495f00000) (1024K)] _threads_hazard_ptr=0x0000020bfe0c7a10
  0x0000020bf8deca00 WatcherThread "VM Periodic Task Thread"        [id=2360, stack(0x000000a495d00000,0x000000a495e00000) (1024K)]
  0x0000020bf147b3a0 WorkerThread "GC Thread#0"                     [id=13308, stack(0x000000a495c00000,0x000000a495d00000) (1024K)]
  0x0000020bfe55f6b0 WorkerThread "GC Thread#1"                     [id=14304, stack(0x000000a496a00000,0x000000a496b00000) (1024K)]
  0x0000020bf9ea6690 WorkerThread "GC Thread#2"                     [id=5372, stack(0x000000a496b00000,0x000000a496c00000) (1024K)]
  0x0000020bfe55fa60 WorkerThread "GC Thread#3"                     [id=6156, stack(0x000000a496c00000,0x000000a496d00000) (1024K)]
Total: 6

Threads with active compile tasks:
Total: 0

VM state: synchronizing (normal execution)

VM Mutex/Monitor currently owned by a thread:  ([mutex/lock_event])
[0x00007ffcfc0cc4e0] Metaspace_lock - owner thread: 0x0000020bf9dd9ba0
[0x00007ffcfc0ce560] Threads_lock - owner thread: 0x0000020bf14fe8a0

Heap address: 0x0000000080000000, size: 2048 MB, Compressed Oops mode: 32-bit

CDS archive(s) mapped at: [0x0000020b8f000000-0x0000020b8fba0000-0x0000020b8fba0000), size 12189696, SharedBaseAddress: 0x0000020b8f000000, ArchiveRelocationMode: 1.
Compressed class space mapped at: 0x0000020b90000000-0x0000020bd0000000, reserved size: 1073741824
Narrow klass base: 0x0000020b8f000000, Narrow klass shift: 0, Narrow klass range: 0x100000000

GC Precious Log:
 CardTable entry size: 512
 CPUs: 4 total, 4 available
 Memory: 8080M
 Large Page Support: Disabled
 NUMA Support: Disabled
 Compressed Oops: Enabled (32-bit)
 Alignments: Space 512K, Generation 512K, Heap 2M
 Heap Min Capacity: 100M
 Heap Initial Capacity: 100M
 Heap Max Capacity: 2G
 Pre-touch: Disabled
 Parallel Workers: 4

Heap:
 PSYoungGen      total 29696K, used 24571K [0x00000000d5580000, 0x00000000d7680000, 0x0000000100000000)
  eden space 25600K, 80% used [0x00000000d5580000,0x00000000d6983c50,0x00000000d6e80000)
  from space 4096K, 99% used [0x00000000d7280000,0x00000000d767aff8,0x00000000d7680000)
  to   space 4096K, 0% used [0x00000000d6e80000,0x00000000d6e80000,0x00000000d7280000)
 ParOldGen       total 68608K, used 1139K [0x0000000080000000, 0x0000000084300000, 0x00000000d5580000)
  object space 68608K, 1% used [0x0000000080000000,0x000000008011cec8,0x0000000084300000)
 Metaspace       used 11896K, committed 12352K, reserved 1114112K
  class space    used 1269K, committed 1472K, reserved 1048576K

Card table byte_map: [0x0000020bf0e00000,0x0000020bf1210000] _byte_map_base: 0x0000020bf0a00000

Marking Bits: (ParMarkBitMap*) 0x00007ffcfc0d3450
 Begin Bits: [0x0000020bf4910000, 0x0000020bf6910000)
 End Bits:   [0x0000020bf6910000, 0x0000020bf8910000)

Polling page: 0x0000020bef110000

Metaspace:

Usage:
  Non-class:     10.38 MB used.
      Class:      1.24 MB used.
       Both:     11.62 MB used.

Virtual space:
  Non-class space:       64.00 MB reserved,      10.62 MB ( 17%) committed,  1 nodes.
      Class space:        1.00 GB reserved,       1.44 MB ( <1%) committed,  1 nodes.
             Both:        1.06 GB reserved,      12.06 MB (  1%) committed. 

Chunk freelists:
   Non-Class:  5.05 MB
       Class:  14.57 MB
        Both:  19.62 MB

MaxMetaspaceSize: unlimited
CompressedClassSpaceSize: 1.00 GB
Initial GC threshold: 21.00 MB
Current GC threshold: 21.00 MB
CDS: on
 - commit_granule_bytes: 65536.
 - commit_granule_words: 8192.
 - virtual_space_node_default_size: 8388608.
 - enlarge_chunks_in_place: 1.
 - use_allocation_guard: 0.


Internal statistics:

num_allocs_failed_limit: 0.
num_arena_births: 316.
num_arena_deaths: 0.
num_vsnodes_births: 2.
num_vsnodes_deaths: 0.
num_space_committed: 193.
num_space_uncommitted: 0.
num_chunks_returned_to_freelist: 0.
num_chunks_taken_from_freelist: 706.
num_chunk_merges: 0.
num_chunk_splits: 452.
num_chunks_enlarged: 283.
num_inconsistent_stats: 0.

CodeHeap 'non-profiled nmethods': size=120000Kb used=903Kb max_used=903Kb free=119096Kb
 bounds [0x0000020b87ad0000, 0x0000020b87d40000, 0x0000020b8f000000]
CodeHeap 'profiled nmethods': size=120000Kb used=3959Kb max_used=3959Kb free=116041Kb
 bounds [0x0000020b80000000, 0x0000020b803e0000, 0x0000020b87530000]
CodeHeap 'non-nmethods': size=5760Kb used=1244Kb max_used=1255Kb free=4515Kb
 bounds [0x0000020b87530000, 0x0000020b877a0000, 0x0000020b87ad0000]
CodeCache: size=245760Kb, used=6106Kb, max_used=6117Kb, free=239652Kb
 total_blobs=2649, nmethods=2137, adapters=418, full_count=0
Compilation: enabled, stopped_count=0, restarted_count=0

Compilation events (20 events):
Event: 9.200 Thread 0x0000020bf8ecf400 nmethod 2122 0x0000020b803d9b90 code [0x0000020b803d9d60, 0x0000020b803d9fe0]
Event: 9.201 Thread 0x0000020bf8e57620 nmethod 2121 0x0000020b87bafa90 code [0x0000020b87bafc20, 0x0000020b87bafcd8]
Event: 9.201 Thread 0x0000020bf8e57620 2123       4       java.util.concurrent.ConcurrentHashMap$BaseIterator::hasNext (13 bytes)
Event: 9.202 Thread 0x0000020bf8e57620 nmethod 2123 0x0000020b87bafd90 code [0x0000020b87baff20, 0x0000020b87baffb0]
Event: 9.202 Thread 0x0000020bf8e57620 2124       4       java.io.DataInputStream::readByte (6 bytes)
Event: 9.209 Thread 0x0000020bf8ecf400 2125  s    3       java.io.ByteArrayInputStream::read (36 bytes)
Event: 9.209 Thread 0x0000020bf8ecf400 nmethod 2125 0x0000020b803da110 code [0x0000020b803da2c0, 0x0000020b803da518]
Event: 9.215 Thread 0x0000020bf8ecf400 2126       3       java.util.regex.Pattern::next (33 bytes)
Event: 9.215 Thread 0x0000020bf8ecf400 nmethod 2126 0x0000020b803da610 code [0x0000020b803da7c0, 0x0000020b803daa18]
Event: 9.217 Thread 0x0000020bf8e57620 nmethod 2124 0x0000020b87bb0c90 code [0x0000020b87bb0ea0, 0x0000020b87bb1488]
Event: 9.220 Thread 0x0000020bf8ecf400 2131       3       java.util.LinkedList$ListItr::checkForComodification (23 bytes)
Event: 9.220 Thread 0x0000020bf8ecf400 nmethod 2131 0x0000020b803dab10 code [0x0000020b803dacc0, 0x0000020b803daee8]
Event: 9.221 Thread 0x0000020bf8ecf400 2133       3       org.eclipse.osgi.internal.framework.FilterImpl$And::matches0 (41 bytes)
Event: 9.221 Thread 0x0000020bf8ecf400 nmethod 2133 0x0000020b803db010 code [0x0000020b803db1e0, 0x0000020b803db508]
Event: 9.221 Thread 0x0000020bf8ecf400 2132       3       org.eclipse.osgi.framework.util.CaseInsensitiveDictionaryMap::get (15 bytes)
Event: 9.222 Thread 0x0000020bf8ecf400 nmethod 2132 0x0000020b803db690 code [0x0000020b803db8a0, 0x0000020b803dbfe0]
Event: 9.233 Thread 0x0000020bf8ecf400 2134       3       jdk.internal.misc.Unsafe::checkPrimitivePointer (19 bytes)
Event: 9.233 Thread 0x0000020bf8ecf400 nmethod 2134 0x0000020b803dc210 code [0x0000020b803dc420, 0x0000020b803dca18]
Event: 9.234 Thread 0x0000020bf8ecf400 2135       3       jdk.internal.misc.Unsafe::checkPointer (19 bytes)
Event: 9.234 Thread 0x0000020bf8ecf400 nmethod 2135 0x0000020b803dcc90 code [0x0000020b803dce60, 0x0000020b803dd1e8]

GC Heap History (4 events):
Event: 3.955 GC heap before
{Heap before GC invocations=1 (full 0):
 PSYoungGen      total 29696K, used 25600K [0x00000000d5580000, 0x00000000d7680000, 0x0000000100000000)
  eden space 25600K, 100% used [0x00000000d5580000,0x00000000d6e80000,0x00000000d6e80000)
  from space 4096K, 0% used [0x00000000d7280000,0x00000000d7280000,0x00000000d7680000)
  to   space 4096K, 0% used [0x00000000d6e80000,0x00000000d6e80000,0x00000000d7280000)
 ParOldGen       total 68608K, used 0K [0x0000000080000000, 0x0000000084300000, 0x00000000d5580000)
  object space 68608K, 0% used [0x0000000080000000,0x0000000080000000,0x0000000084300000)
 Metaspace       used 4358K, committed 4608K, reserved 1114112K
  class space    used 474K, committed 576K, reserved 1048576K
}
Event: 3.975 GC heap after
{Heap after GC invocations=1 (full 0):
 PSYoungGen      total 29696K, used 3303K [0x00000000d5580000, 0x00000000d7680000, 0x0000000100000000)
  eden space 25600K, 0% used [0x00000000d5580000,0x00000000d5580000,0x00000000d6e80000)
  from space 4096K, 80% used [0x00000000d6e80000,0x00000000d71b9e98,0x00000000d7280000)
  to   space 4096K, 0% used [0x00000000d7280000,0x00000000d7280000,0x00000000d7680000)
 ParOldGen       total 68608K, used 0K [0x0000000080000000, 0x0000000084300000, 0x00000000d5580000)
  object space 68608K, 0% used [0x0000000080000000,0x0000000080000000,0x0000000084300000)
 Metaspace       used 4358K, committed 4608K, reserved 1114112K
  class space    used 474K, committed 576K, reserved 1048576K
}
Event: 7.159 GC heap before
{Heap before GC invocations=2 (full 0):
 PSYoungGen      total 29696K, used 28903K [0x00000000d5580000, 0x00000000d7680000, 0x0000000100000000)
  eden space 25600K, 100% used [0x00000000d5580000,0x00000000d6e80000,0x00000000d6e80000)
  from space 4096K, 80% used [0x00000000d6e80000,0x00000000d71b9e98,0x00000000d7280000)
  to   space 4096K, 0% used [0x00000000d7280000,0x00000000d7280000,0x00000000d7680000)
 ParOldGen       total 68608K, used 0K [0x0000000080000000, 0x0000000084300000, 0x00000000d5580000)
  object space 68608K, 0% used [0x0000000080000000,0x0000000080000000,0x0000000084300000)
 Metaspace       used 8082K, committed 8384K, reserved 1114112K
  class space    used 855K, committed 960K, reserved 1048576K
}
Event: 7.168 GC heap after
{Heap after GC invocations=2 (full 0):
 PSYoungGen      total 29696K, used 4075K [0x00000000d5580000, 0x00000000d7680000, 0x0000000100000000)
  eden space 25600K, 0% used [0x00000000d5580000,0x00000000d5580000,0x00000000d6e80000)
  from space 4096K, 99% used [0x00000000d7280000,0x00000000d767aff8,0x00000000d7680000)
  to   space 4096K, 0% used [0x00000000d6e80000,0x00000000d6e80000,0x00000000d7280000)
 ParOldGen       total 68608K, used 1139K [0x0000000080000000, 0x0000000084300000, 0x00000000d5580000)
  object space 68608K, 1% used [0x0000000080000000,0x000000008011cec8,0x0000000084300000)
 Metaspace       used 8082K, committed 8384K, reserved 1114112K
  class space    used 855K, committed 960K, reserved 1048576K
}

Dll operation events (9 events):
Event: 0.023 Loaded shared library c:\Users\ASUS\.antigravity\extensions\redhat.java-1.54.0-win32-x64\jre\21.0.10-win32-x86_64\bin\java.dll
Event: 0.257 Loaded shared library c:\Users\ASUS\.antigravity\extensions\redhat.java-1.54.0-win32-x64\jre\21.0.10-win32-x86_64\bin\zip.dll
Event: 0.386 Loaded shared library C:\Users\ASUS\.antigravity\extensions\redhat.java-1.54.0-win32-x64\jre\21.0.10-win32-x86_64\bin\instrument.dll
Event: 0.404 Loaded shared library C:\Users\ASUS\.antigravity\extensions\redhat.java-1.54.0-win32-x64\jre\21.0.10-win32-x86_64\bin\net.dll
Event: 0.408 Loaded shared library C:\Users\ASUS\.antigravity\extensions\redhat.java-1.54.0-win32-x64\jre\21.0.10-win32-x86_64\bin\nio.dll
Event: 0.416 Loaded shared library C:\Users\ASUS\.antigravity\extensions\redhat.java-1.54.0-win32-x64\jre\21.0.10-win32-x86_64\bin\zip.dll
Event: 0.517 Loaded shared library C:\Users\ASUS\.antigravity\extensions\redhat.java-1.54.0-win32-x64\jre\21.0.10-win32-x86_64\bin\jimage.dll
Event: 0.844 Loaded shared library c:\Users\ASUS\.antigravity\extensions\redhat.java-1.54.0-win32-x64\jre\21.0.10-win32-x86_64\bin\verify.dll
Event: 7.063 Loaded shared library C:\Users\ASUS\AppData\Roaming\Antigravity\User\globalStorage\redhat.java\1.54.0\config_ss_win\org.eclipse.equinox.launcher\org.eclipse.equinox.launcher.win32.win32.x86_64_1.3.0.v20260203-2149\eclipse_11919.dll

Deoptimization events (20 events):
Event: 8.602 Thread 0x0000020bf9dd9ba0 Uncommon trap: trap_request=0xffffffde fr.pc=0x0000020b87ba0628 relative=0x0000000000000388
Event: 8.602 Thread 0x0000020bf9dd9ba0 Uncommon trap: reason=class_check action=maybe_recompile pc=0x0000020b87ba0628 method=java.io.DataInputStream.readUnsignedByte()I @ 4 c2
Event: 8.602 Thread 0x0000020bf9dd9ba0 DEOPT PACKING pc=0x0000020b87ba0628 sp=0x000000a496efb840
Event: 8.602 Thread 0x0000020bf9dd9ba0 DEOPT UNPACKING pc=0x0000020b87583aa2 sp=0x000000a496efb788 mode 2
Event: 9.181 Thread 0x0000020bf9dd9ba0 Uncommon trap: trap_request=0xffffffc6 fr.pc=0x0000020b87ba609c relative=0x00000000000004dc
Event: 9.181 Thread 0x0000020bf9dd9ba0 Uncommon trap: reason=bimorphic_or_optimized_type_check action=maybe_recompile pc=0x0000020b87ba609c method=java.io.DataInputStream.readUnsignedByte()I @ 4 c2
Event: 9.181 Thread 0x0000020bf9dd9ba0 DEOPT PACKING pc=0x0000020b87ba609c sp=0x000000a496ef88e0
Event: 9.181 Thread 0x0000020bf9dd9ba0 DEOPT UNPACKING pc=0x0000020b87583aa2 sp=0x000000a496ef8828 mode 2
Event: 9.181 Thread 0x0000020bf9dd9ba0 Uncommon trap: trap_request=0xffffffc6 fr.pc=0x0000020b87ba609c relative=0x00000000000004dc
Event: 9.181 Thread 0x0000020bf9dd9ba0 Uncommon trap: reason=bimorphic_or_optimized_type_check action=maybe_recompile pc=0x0000020b87ba609c method=java.io.DataInputStream.readUnsignedByte()I @ 4 c2
Event: 9.181 Thread 0x0000020bf9dd9ba0 DEOPT PACKING pc=0x0000020b87ba609c sp=0x000000a496ef8850
Event: 9.181 Thread 0x0000020bf9dd9ba0 DEOPT UNPACKING pc=0x0000020b87583aa2 sp=0x000000a496ef8798 mode 2
Event: 9.181 Thread 0x0000020bf9dd9ba0 Uncommon trap: trap_request=0xffffffc6 fr.pc=0x0000020b87ba609c relative=0x00000000000004dc
Event: 9.181 Thread 0x0000020bf9dd9ba0 Uncommon trap: reason=bimorphic_or_optimized_type_check action=maybe_recompile pc=0x0000020b87ba609c method=java.io.DataInputStream.readUnsignedByte()I @ 4 c2
Event: 9.181 Thread 0x0000020bf9dd9ba0 DEOPT PACKING pc=0x0000020b87ba609c sp=0x000000a496ef8850
Event: 9.181 Thread 0x0000020bf9dd9ba0 DEOPT UNPACKING pc=0x0000020b87583aa2 sp=0x000000a496ef8798 mode 2
Event: 9.181 Thread 0x0000020bf9dd9ba0 Uncommon trap: trap_request=0xffffffc6 fr.pc=0x0000020b87ba609c relative=0x00000000000004dc
Event: 9.181 Thread 0x0000020bf9dd9ba0 Uncommon trap: reason=bimorphic_or_optimized_type_check action=maybe_recompile pc=0x0000020b87ba609c method=java.io.DataInputStream.readUnsignedByte()I @ 4 c2
Event: 9.181 Thread 0x0000020bf9dd9ba0 DEOPT PACKING pc=0x0000020b87ba609c sp=0x000000a496ef8850
Event: 9.181 Thread 0x0000020bf9dd9ba0 DEOPT UNPACKING pc=0x0000020b87583aa2 sp=0x000000a496ef8798 mode 2

Classes loaded (20 events):
Event: 8.542 Loading class java/nio/file/FileSystemException done
Event: 8.542 Loading class java/nio/file/NoSuchFileException done
Event: 8.785 Loading class java/util/Comparators$NaturalOrderComparator
Event: 8.785 Loading class java/util/Comparators$NaturalOrderComparator done
Event: 8.785 Loading class java/util/Collections$ReverseComparator2
Event: 8.785 Loading class java/util/Collections$ReverseComparator2 done
Event: 9.181 Loading class sun/util/calendar/ZoneInfoFile$Checksum
Event: 9.181 Loading class sun/util/calendar/ZoneInfoFile$Checksum done
Event: 9.182 Loading class java/time/zone/ZoneRulesProvider
Event: 9.182 Loading class java/time/zone/ZoneRulesProvider done
Event: 9.182 Loading class java/time/zone/ZoneRulesProvider$1
Event: 9.182 Loading class java/time/zone/ZoneRulesProvider$1 done
Event: 9.183 Loading class java/time/zone/TzdbZoneRulesProvider
Event: 9.183 Loading class java/time/zone/TzdbZoneRulesProvider done
Event: 9.201 Loading class java/time/zone/Ser
Event: 9.201 Loading class java/io/Externalizable
Event: 9.201 Loading class java/io/Externalizable done
Event: 9.201 Loading class java/time/zone/Ser done
Event: 9.216 Loading class java/util/Formatter$FixedString
Event: 9.217 Loading class java/util/Formatter$FixedString done

Classes unloaded (0 events):
No events

Classes redefined (0 events):
No events

Internal exceptions (20 events):
Event: 4.131 Thread 0x0000020bf145c980 Implicit null exception at 0x0000020b87b3a449 to 0x0000020b87b3af04
Event: 4.131 Thread 0x0000020bf145c980 Implicit null exception at 0x0000020b87b33e9a to 0x0000020b87b340a0
Event: 4.133 Thread 0x0000020bf145c980 Exception <a 'java/lang/NoSuchMethodError'{0x00000000d56d8b48}: 'void java.lang.invoke.DirectMethodHandle$Holder.invokeStatic(java.lang.Object, java.lang.Object, java.lang.Object, java.lang.Object)'> (0x00000000d56d8b48) 
thrown [s\src\hotspot\share\interpreter\linkResolver.cpp, line 773]
Event: 4.135 Thread 0x0000020bf145c980 Implicit null exception at 0x0000020b87b37c9a to 0x0000020b87b37ea4
Event: 4.135 Thread 0x0000020bf145c980 Implicit null exception at 0x0000020b87b32abd to 0x0000020b87b32b41
Event: 4.385 Thread 0x0000020bf145c980 Exception <a 'java/lang/NoSuchMethodError'{0x00000000d599f200}: 'void java.lang.invoke.DirectMethodHandle$Holder.invokeSpecial(java.lang.Object, java.lang.Object, java.lang.Object)'> (0x00000000d599f200) 
thrown [s\src\hotspot\share\interpreter\linkResolver.cpp, line 773]
Event: 5.384 Thread 0x0000020bf145c980 Exception <a 'java/lang/NoSuchMethodError'{0x00000000d62d4138}: 'int java.lang.invoke.DirectMethodHandle$Holder.invokeVirtual(java.lang.Object, java.lang.Object)'> (0x00000000d62d4138) 
thrown [s\src\hotspot\share\interpreter\linkResolver.cpp, line 773]
Event: 5.536 Thread 0x0000020bf145c980 Exception <a 'java/lang/NoSuchMethodError'{0x00000000d645a928}: 'int java.lang.invoke.DirectMethodHandle$Holder.invokeStaticInit(java.lang.Object, java.lang.Object, java.lang.Object, java.lang.Object)'> (0x00000000d645a928) 
thrown [s\src\hotspot\share\interpreter\linkResolver.cpp, line 773]
Event: 5.538 Thread 0x0000020bf145c980 Exception <a 'java/lang/IncompatibleClassChangeError'{0x00000000d6462d30}: Found class java.lang.Object, but interface was expected> (0x00000000d6462d30) 
thrown [s\src\hotspot\share\interpreter\linkResolver.cpp, line 840]
Event: 5.539 Thread 0x0000020bf145c980 Exception <a 'java/lang/NoSuchMethodError'{0x00000000d6469c00}: 'void java.lang.invoke.DirectMethodHandle$Holder.invokeStaticInit(java.lang.Object, java.lang.Object)'> (0x00000000d6469c00) 
thrown [s\src\hotspot\share\interpreter\linkResolver.cpp, line 773]
Event: 5.542 Thread 0x0000020bf145c980 Exception <a 'java/lang/NoSuchMethodError'{0x00000000d64736b8}: 'int java.lang.invoke.DirectMethodHandle$Holder.invokeStaticInit(java.lang.Object, java.lang.Object)'> (0x00000000d64736b8) 
thrown [s\src\hotspot\share\interpreter\linkResolver.cpp, line 773]
Event: 5.766 Thread 0x0000020bf145c980 Exception <a 'java/lang/NoSuchMethodError'{0x00000000d66d21d8}: 'java.lang.Object java.lang.invoke.DirectMethodHandle$Holder.newInvokeSpecial(java.lang.Object, int, java.lang.Object)'> (0x00000000d66d21d8) 
thrown [s\src\hotspot\share\interpreter\linkResolver.cpp, line 773]
Event: 5.954 Thread 0x0000020bf145c980 Exception <a 'java/lang/ClassNotFoundException'{0x00000000d68ef878}: sun/net/www/protocol/plurl/Handler> (0x00000000d68ef878) 
thrown [s\src\hotspot\share\classfile\systemDictionary.cpp, line 312]
Event: 5.954 Thread 0x0000020bf145c980 Exception <a 'java/lang/ClassNotFoundException'{0x00000000d68f06f8}: sun/net/www/protocol/plurl/Handler> (0x00000000d68f06f8) 
thrown [s\src\hotspot\share\classfile\systemDictionary.cpp, line 312]
Event: 7.048 Thread 0x0000020bf145c980 Exception <a 'java/lang/UnsatisfiedLinkError'{0x00000000d6d48ba0}: 'void org.eclipse.equinox.launcher.JNIBridge._update_splash()'> (0x00000000d6d48ba0) 
thrown [s\src\hotspot\share\prims\nativeLookup.cpp, line 415]
Event: 7.540 Thread 0x0000020bf9dd9ba0 Exception <a 'java/lang/NullPointerException'{0x00000000d589d168}> (0x00000000d589d168) 
thrown [s\src\hotspot\share\interpreter\linkResolver.cpp, line 1372]
Event: 7.540 Thread 0x0000020bf9dd9ba0 Exception <a 'java/lang/NullPointerException'{0x00000000d589d448}> (0x00000000d589d448) 
thrown [s\src\hotspot\share\interpreter\linkResolver.cpp, line 1372]
Event: 8.340 Thread 0x0000020bf9dd9ba0 Exception <a 'java/lang/NoSuchMethodError'{0x00000000d6195870}: 'long java.lang.invoke.DirectMethodHandle$Holder.invokeSpecial(java.lang.Object, java.lang.Object)'> (0x00000000d6195870) 
thrown [s\src\hotspot\share\interpreter\linkResolver.cpp, line 773]
Event: 8.574 Thread 0x0000020bf9dd9ba0 Exception <a 'java/io/FileNotFoundException'{0x00000000d6381030}> (0x00000000d6381030) 
thrown [s\src\hotspot\share\prims\jni.cpp, line 520]
Event: 9.089 Thread 0x0000020bf9dd9ba0 Exception <a 'java/lang/NoSuchMethodError'{0x00000000d6673698}: 'java.lang.Object java.lang.invoke.Invokers$Holder.linkToTargetMethod(java.lang.Object, long, java.lang.Object)'> (0x00000000d6673698) 
thrown [s\src\hotspot\share\interpreter\linkResolver.cpp, line 773]

ZGC Phase Switch (0 events):
No events

VM Operations (20 events):
Event: 4.990 Executing safepoint VM operation: Cleanup
Event: 4.990 Executing safepoint VM operation: Cleanup done
Event: 5.703 Executing non-safepoint VM operation: HandshakeAllThreads (Deoptimize)
Event: 5.703 Executing non-safepoint VM operation: HandshakeAllThreads (Deoptimize) done
Event: 5.730 Executing non-safepoint VM operation: HandshakeAllThreads (Deoptimize)
Event: 5.730 Executing non-safepoint VM operation: HandshakeAllThreads (Deoptimize) done
Event: 5.886 Executing non-safepoint VM operation: HandshakeAllThreads (Deoptimize)
Event: 5.886 Executing non-safepoint VM operation: HandshakeAllThreads (Deoptimize) done
Event: 5.947 Executing non-safepoint VM operation: HandshakeAllThreads (Deoptimize)
Event: 5.947 Executing non-safepoint VM operation: HandshakeAllThreads (Deoptimize) done
Event: 6.955 Executing safepoint VM operation: Cleanup
Event: 6.955 Executing safepoint VM operation: Cleanup done
Event: 7.159 Executing safepoint VM operation: ParallelGCFailedAllocation (Allocation Failure)
Event: 7.168 Executing safepoint VM operation: ParallelGCFailedAllocation (Allocation Failure) done
Event: 7.996 Executing non-safepoint VM operation: HandshakeAllThreads (Deoptimize)
Event: 7.996 Executing non-safepoint VM operation: HandshakeAllThreads (Deoptimize) done
Event: 9.009 Executing safepoint VM operation: Cleanup
Event: 9.024 Executing safepoint VM operation: Cleanup done
Event: 9.182 Executing non-safepoint VM operation: HandshakeAllThreads (Deoptimize)
Event: 9.182 Executing non-safepoint VM operation: HandshakeAllThreads (Deoptimize) done

Memory protections (0 events):
No events

Nmethod flushes (0 events):
No events

Events (20 events):
Event: 0.399 Thread 0x0000020bf145c980 Thread added: 0x0000020bf9c412d0
Event: 1.669 Thread 0x0000020bf145c980 Thread added: 0x0000020bf9da5260
Event: 1.773 Thread 0x0000020bf8ecf400 Thread added: 0x0000020bf9ebe600
Event: 2.252 Thread 0x0000020bf9ebe600 Thread exited: 0x0000020bf9ebe600
Event: 2.427 Thread 0x0000020bf8ecf400 Thread added: 0x0000020bfe0b92d0
Event: 2.804 Thread 0x0000020bfe0b92d0 Thread exited: 0x0000020bfe0b92d0
Event: 3.049 Thread 0x0000020bf8ecf400 Thread added: 0x0000020bf9ea78d0
Event: 3.352 Thread 0x0000020bf9ea78d0 Thread exited: 0x0000020bf9ea78d0
Event: 3.853 Thread 0x0000020bf8ecf400 Thread added: 0x0000020bf9e71410
Event: 4.122 Thread 0x0000020bf9e71410 Thread exited: 0x0000020bf9e71410
Event: 4.639 Thread 0x0000020bf8ecf400 Thread added: 0x0000020bfe2cf6d0
Event: 4.964 Thread 0x0000020bfe2cf6d0 Thread exited: 0x0000020bfe2cf6d0
Event: 5.267 Thread 0x0000020bf8ecf400 Thread added: 0x0000020bfe401c30
Event: 5.572 Thread 0x0000020bf145c980 Thread added: 0x0000020bfe644df0
Event: 6.065 Thread 0x0000020bfe401c30 Thread exited: 0x0000020bfe401c30
Event: 6.964 Thread 0x0000020bf145c980 Thread added: 0x0000020bf9dd9260
Event: 6.973 Thread 0x0000020bf145c980 Thread added: 0x0000020bf9dd9ba0
Event: 7.937 Thread 0x0000020bf9dd9ba0 Thread added: 0x0000020bfe5744b0
Event: 8.403 Thread 0x0000020bf8ecf400 Thread added: 0x0000020bf9e24da0
Event: 8.786 Thread 0x0000020bf9e24da0 Thread exited: 0x0000020bf9e24da0


Dynamic libraries:
0x00007ff649280000 - 0x00007ff64928e000 	c:\Users\ASUS\.antigravity\extensions\redhat.java-1.54.0-win32-x64\jre\21.0.10-win32-x86_64\bin\java.exe
0x00007ffd96a00000 - 0x00007ffd96c67000 	C:\WINDOWS\SYSTEM32\ntdll.dll
0x00007ffd954f0000 - 0x00007ffd955b9000 	C:\WINDOWS\System32\KERNEL32.DLL
0x00007ffd93cc0000 - 0x00007ffd940af000 	C:\WINDOWS\System32\KERNELBASE.dll
0x00007ffd94230000 - 0x00007ffd9437b000 	C:\WINDOWS\System32\ucrtbase.dll
0x00007ffd73c70000 - 0x00007ffd73c88000 	c:\Users\ASUS\.antigravity\extensions\redhat.java-1.54.0-win32-x64\jre\21.0.10-win32-x86_64\bin\jli.dll
0x00007ffd95030000 - 0x00007ffd951f5000 	C:\WINDOWS\System32\USER32.dll
0x00007ffd94500000 - 0x00007ffd94527000 	C:\WINDOWS\System32\win32u.dll
0x00007ffd94be0000 - 0x00007ffd94c0b000 	C:\WINDOWS\System32\GDI32.dll
0x00007ffd94670000 - 0x00007ffd9479c000 	C:\WINDOWS\System32\gdi32full.dll
0x00007ffd93b50000 - 0x00007ffd93bf3000 	C:\WINDOWS\System32\msvcp_win.dll
0x00007ffd73ae0000 - 0x00007ffd73afe000 	c:\Users\ASUS\.antigravity\extensions\redhat.java-1.54.0-win32-x64\jre\21.0.10-win32-x86_64\bin\VCRUNTIME140.dll
0x00007ffd803b0000 - 0x00007ffd80643000 	C:\WINDOWS\WinSxS\amd64_microsoft.windows.common-controls_6595b64144ccf1df_6.0.26100.7309_none_3e05feeae336a044\COMCTL32.dll
0x00007ffd95340000 - 0x00007ffd953e9000 	C:\WINDOWS\System32\msvcrt.dll
0x00007ffd96980000 - 0x00007ffd969b1000 	C:\WINDOWS\System32\IMM32.DLL
0x00007ffd8c330000 - 0x00007ffd8c33c000 	c:\Users\ASUS\.antigravity\extensions\redhat.java-1.54.0-win32-x64\jre\21.0.10-win32-x86_64\bin\vcruntime140_1.dll
0x00007ffd6ce10000 - 0x00007ffd6ce9d000 	c:\Users\ASUS\.antigravity\extensions\redhat.java-1.54.0-win32-x64\jre\21.0.10-win32-x86_64\bin\msvcp140.dll
0x00007ffcfb410000 - 0x00007ffcfc1b1000 	c:\Users\ASUS\.antigravity\extensions\redhat.java-1.54.0-win32-x64\jre\21.0.10-win32-x86_64\bin\server\jvm.dll
0x00007ffd94e40000 - 0x00007ffd94ef4000 	C:\WINDOWS\System32\ADVAPI32.dll
0x00007ffd94f80000 - 0x00007ffd95026000 	C:\WINDOWS\System32\sechost.dll
0x00007ffd94c10000 - 0x00007ffd94d28000 	C:\WINDOWS\System32\RPCRT4.dll
0x00007ffd94dc0000 - 0x00007ffd94e34000 	C:\WINDOWS\System32\WS2_32.dll
0x00007ffd939b0000 - 0x00007ffd93a0e000 	C:\WINDOWS\SYSTEM32\POWRPROF.dll
0x00007ffd865f0000 - 0x00007ffd86625000 	C:\WINDOWS\SYSTEM32\WINMM.dll
0x00007ffd91670000 - 0x00007ffd9167b000 	C:\WINDOWS\SYSTEM32\VERSION.dll
0x00007ffd93990000 - 0x00007ffd939a4000 	C:\WINDOWS\SYSTEM32\UMPDC.dll
0x00007ffd92900000 - 0x00007ffd9291b000 	C:\WINDOWS\SYSTEM32\kernel.appcore.dll
0x00007ffd827c0000 - 0x00007ffd827ca000 	c:\Users\ASUS\.antigravity\extensions\redhat.java-1.54.0-win32-x64\jre\21.0.10-win32-x86_64\bin\jimage.dll
0x00007ffd85760000 - 0x00007ffd859a2000 	C:\WINDOWS\SYSTEM32\DBGHELP.DLL
0x00007ffd947c0000 - 0x00007ffd94b46000 	C:\WINDOWS\System32\combase.dll
0x00007ffd955c0000 - 0x00007ffd95696000 	C:\WINDOWS\System32\OLEAUT32.dll
0x00007ffd78ac0000 - 0x00007ffd78afc000 	C:\WINDOWS\SYSTEM32\dbgcore.DLL
0x00007ffd945c0000 - 0x00007ffd94665000 	C:\WINDOWS\System32\bcryptPrimitives.dll
0x00007ffd81700000 - 0x00007ffd8170f000 	c:\Users\ASUS\.antigravity\extensions\redhat.java-1.54.0-win32-x64\jre\21.0.10-win32-x86_64\bin\instrument.dll
0x00007ffd81710000 - 0x00007ffd81730000 	c:\Users\ASUS\.antigravity\extensions\redhat.java-1.54.0-win32-x64\jre\21.0.10-win32-x86_64\bin\java.dll
0x00007ffd95eb0000 - 0x00007ffd96603000 	C:\WINDOWS\System32\SHELL32.dll
0x00007ffd940c0000 - 0x00007ffd9422a000 	C:\WINDOWS\System32\wintypes.dll
0x00007ffd91770000 - 0x00007ffd91fce000 	C:\WINDOWS\SYSTEM32\windows.storage.dll
0x00007ffd95b30000 - 0x00007ffd95c25000 	C:\WINDOWS\System32\SHCORE.dll
0x00007ffd95e20000 - 0x00007ffd95e86000 	C:\WINDOWS\System32\shlwapi.dll
0x00007ffd93a70000 - 0x00007ffd93a99000 	C:\WINDOWS\SYSTEM32\profapi.dll
0x00007ffd816e0000 - 0x00007ffd816f8000 	c:\Users\ASUS\.antigravity\extensions\redhat.java-1.54.0-win32-x64\jre\21.0.10-win32-x86_64\bin\zip.dll
0x00007ffd7d7d0000 - 0x00007ffd7d7e0000 	C:\Users\ASUS\.antigravity\extensions\redhat.java-1.54.0-win32-x64\jre\21.0.10-win32-x86_64\bin\net.dll
0x00007ffd8c1d0000 - 0x00007ffd8c2f8000 	C:\WINDOWS\SYSTEM32\WINHTTP.dll
0x00007ffd92e70000 - 0x00007ffd92edb000 	C:\WINDOWS\system32\mswsock.dll
0x00007ffd7d710000 - 0x00007ffd7d726000 	C:\Users\ASUS\.antigravity\extensions\redhat.java-1.54.0-win32-x64\jre\21.0.10-win32-x86_64\bin\nio.dll
0x00007ffd7d7c0000 - 0x00007ffd7d7d0000 	c:\Users\ASUS\.antigravity\extensions\redhat.java-1.54.0-win32-x64\jre\21.0.10-win32-x86_64\bin\verify.dll
0x00007ffd82830000 - 0x00007ffd82875000 	C:\Users\ASUS\AppData\Roaming\Antigravity\User\globalStorage\redhat.java\1.54.0\config_ss_win\org.eclipse.equinox.launcher\org.eclipse.equinox.launcher.win32.win32.x86_64_1.3.0.v20260203-2149\eclipse_11919.dll
0x00007ffd96780000 - 0x00007ffd96917000 	C:\WINDOWS\System32\ole32.dll

JVMTI agents:
c:\Users\ASUS\.antigravity\extensions\redhat.java-1.54.0-win32-x64\lombok\lombok-1.18.39-4050.jar path:c:\Users\ASUS\.antigravity\extensions\redhat.java-1.54.0-win32-x64\jre\21.0.10-win32-x86_64\bin\instrument.dll, loaded, initialized, instrumentlib options:none

dbghelp: loaded successfully - version: 4.0.5 - missing functions: none
symbol engine: initialized successfully - sym options: 0x614 - pdb path: .;c:\Users\ASUS\.antigravity\extensions\redhat.java-1.54.0-win32-x64\jre\21.0.10-win32-x86_64\bin;C:\WINDOWS\SYSTEM32;C:\WINDOWS\WinSxS\amd64_microsoft.windows.common-controls_6595b64144ccf1df_6.0.26100.7309_none_3e05feeae336a044;c:\Users\ASUS\.antigravity\extensions\redhat.java-1.54.0-win32-x64\jre\21.0.10-win32-x86_64\bin\server;C:\Users\ASUS\AppData\Roaming\Antigravity\User\globalStorage\redhat.java\1.54.0\config_ss_win\org.eclipse.equinox.launcher\org.eclipse.equinox.launcher.win32.win32.x86_64_1.3.0.v20260203-2149

VM Arguments:
jvm_args: --add-modules=ALL-SYSTEM --add-opens=java.base/java.util=ALL-UNNAMED --add-opens=java.base/java.lang=ALL-UNNAMED --add-opens=java.base/sun.nio.fs=ALL-UNNAMED -Declipse.application=org.eclipse.jdt.ls.core.id1 -Dosgi.bundles.defaultStartLevel=4 -Declipse.product=org.eclipse.jdt.ls.core.product -Djava.import.generatesMetadataFilesAtProjectRoot=false -DDetectVMInstallationsJob.disabled=true -Dfile.encoding=utf8 -XX:+UseParallelGC -XX:GCTimeRatio=4 -XX:AdaptiveSizePolicyWeight=90 -Dsun.zip.disableMemoryMapping=true -Xmx2G -Xms100m -Xlog:disable -javaagent:c:\Users\ASUS\.antigravity\extensions\redhat.java-1.54.0-win32-x64\lombok\lombok-1.18.39-4050.jar 
java_command: c:\Users\ASUS\.antigravity\extensions\redhat.java-1.54.0-win32-x64\server\plugins\org.eclipse.equinox.launcher_1.7.100.v20251111-0406.jar -configuration c:\Users\ASUS\AppData\Roaming\Antigravity\User\globalStorage\redhat.java\1.54.0\config_ss_win -data c:\Users\ASUS\AppData\Roaming\Antigravity\User\workspaceStorage\c783df54e8ac83fc64c73a7d235ddf5d\redhat.java\ss_ws --pipe=\\.\pipe\lsp-ee0beda7971322b470cb5c49eea3ffe2-sock
java_class_path (initial): c:\Users\ASUS\.antigravity\extensions\redhat.java-1.54.0-win32-x64\server\plugins\org.eclipse.equinox.launcher_1.7.100.v20251111-0406.jar
Launcher Type: SUN_STANDARD

[Global flags]
    uintx AdaptiveSizePolicyWeight                 = 90                                        {product} {command line}
     intx CICompilerCount                          = 3                                         {product} {ergonomic}
    uintx GCTimeRatio                              = 4                                         {product} {command line}
   size_t InitialHeapSize                          = 104857600                                 {product} {command line}
   size_t MaxHeapSize                              = 2147483648                                {product} {command line}
   size_t MaxNewSize                               = 715653120                                 {product} {ergonomic}
   size_t MinHeapDeltaBytes                        = 524288                                    {product} {ergonomic}
   size_t MinHeapSize                              = 104857600                                 {product} {command line}
   size_t NewSize                                  = 34603008                                  {product} {ergonomic}
    uintx NonNMethodCodeHeapSize                   = 5832780                                {pd product} {ergonomic}
    uintx NonProfiledCodeHeapSize                  = 122912730                              {pd product} {ergonomic}
   size_t OldSize                                  = 70254592                                  {product} {ergonomic}
    uintx ProfiledCodeHeapSize                     = 122912730                              {pd product} {ergonomic}
    uintx ReservedCodeCacheSize                    = 251658240                              {pd product} {ergonomic}
     bool SegmentedCodeCache                       = true                                      {product} {ergonomic}
   size_t SoftMaxHeapSize                          = 2147483648                             {manageable} {ergonomic}
     bool UseCompressedOops                        = true                           {product lp64_product} {ergonomic}
     bool UseLargePagesIndividualAllocation        = false                                  {pd product} {ergonomic}
     bool UseParallelGC                            = true                                      {product} {command line}

Logging:
Log output configuration:
 #0: stdout all=off uptime,level,tags foldmultilines=false
 #1: stderr all=off uptime,level,tags foldmultilines=false

Release file:
JAVA_VERSION="21.0.10" 
MODULES="java.base java.compiler java.datatransfer java.xml java.prefs java.desktop java.instrument java.logging java.management java.security.sasl java.naming java.rmi java.management.rmi java.net.http java.scripting java.security.jgss java.transaction.xa java.sql java.sql.rowset java.xml.crypto java.se java.smartcardio jdk.accessibility jdk.internal.jvmstat jdk.attach jdk.charsets jdk.internal.opt jdk.zipfs jdk.compiler jdk.crypto.ec jdk.crypto.cryptoki jdk.crypto.mscapi jdk.dynalink jdk.internal.ed jdk.editpad jdk.hotspot.agent jdk.httpserver jdk.internal.le jdk.internal.vm.ci jdk.internal.vm.compiler jdk.internal.vm.compiler.management jdk.jartool jdk.javadoc jdk.jcmd jdk.management jdk.management.agent jdk.jconsole jdk.jdeps jdk.jdwp.agent jdk.jdi jdk.jfr jdk.jshell jdk.jsobject jdk.jstatd jdk.localedata jdk.management.jfr jdk.naming.dns jdk.naming.rmi jdk.net jdk.nio.mapmode jdk.random jdk.sctp jdk.security.auth jdk.security.jgss jdk.unsupported jdk.unsupported.desktop jdk.xml.dom" 

Environment Variables:
JAVA_HOME=C:\Program Files\Java\jdk-21.0.10
PATH=C:\Program Files\Common Files\Oracle\Java\javapath;C:\Program Files\Eclipse Adoptium\jdk-21.0.10.7-hotspot\bin;C:\Program Files (x86)\Common Files\Oracle\Java\java8path;C:\Program Files (x86)\Common Files\Oracle\Java\javapath;c:\Users\ASUS\AppData\Local\Programs\cursor\resources\app\bin;C:\Program Files\BellSoft\LibericaJDK-17\bin\;C:\WINDOWS\system32;C:\WINDOWS;C:\WINDOWS\System32\Wbem;C:\WINDOWS\System32\WindowsPowerShell\v1.0\;C:\WINDOWS\System32\OpenSSH\;C:\Program Files (x86)\NVIDIA Corporation\PhysX\Common;C:\Program Files\Microsoft SQL Server\150\Tools\Binn\;C:\Program Files\dotnet\;C:\MinGW\bin;C:\Program Files\NVIDIA Corporation\NVIDIA App\NvDLISR;C:\Program Files\BellSoft\LibericaJDK-17\\bin;C:\xampp\php;C:\Program Files\nodejs\;C:\Users\ASUS\AppData\Local\Microsoft\WindowsApps;C:\Users\ASUS\.dotnet\tools;C:\Users\ASUS\AppData\Roaming\npm;C:\Users\ASUS\AppData\Local\Programs\cursor\resources\app\bin;C:\Program Files\JetBrains\IntelliJ IDEA 2025.1.3\bin;c:\Users\ASUS\AppData\Local\Programs\cursor\resources\app\bin;C:\Program Files\Git\cmd;C:\msys64\ucrt64\bin;C:\Users\ASUS\.platformio\penv\Scripts;C:\Program Files\Memurai\;C:\maven\apache-maven-3.9.14-bin\apache-maven-3.9.14\bin;C:\Program Files\Java\jdk-21.0.10\bin;C:\Program Files\Microsoft SQL Server\Client SDK\ODBC\170\Tools\Binn\;C:\Users\ASUS\AppData\Local\Programs\Python\Python312\Scripts\;C:\Users\ASUS\AppData\Local\Programs\Python\Python312\;C:\Users\ASUS\AppData\Local\Programs\Python\Launcher\;C:\Users\ASUS\AppData\Local\Microsoft\WindowsApps;C:\Users\ASUS\AppData\Local\Programs\Microsoft VS Code\bin;C:\Users\ASUS\.dotnet\tools;C:\Users\ASUS\AppData\Roaming\npm;C:\Program Files\JetBrains\IntelliJ IDEA 2025.3.3\bin;C:\Users\ASUS\AppData\Local\Programs\Ollama;C:\src\flutter\bin;C:\Users\ASUS\AppData\Local\Programs\Windsurf\bin;C:\Users\ASUS\AppData\Local\Programs\Antigravity\bin
USERNAME=ASUS
OS=Windows_NT
PROCESSOR_IDENTIFIER=Intel64 Family 6 Model 60 Stepping 3, GenuineIntel
TMP=C:\Users\ASUS\AppData\Local\Temp
TEMP=C:\Users\ASUS\AppData\Local\Temp




Periodic native trim disabled

---------------  S Y S T E M  ---------------

OS:
 Windows 11 , 64 bit Build 26100 (10.0.26100.7623)
OS uptime: 0 days 1:03 hours
Hyper-V role detected

CPU: total 4 (initial active 4) (2 cores per cpu, 2 threads per core) family 6 model 60 stepping 3 microcode 0x28, cx8, cmov, fxsr, ht, mmx, sse, sse2, sse3, ssse3, sse4.1, sse4.2, popcnt, lzcnt, tsc, tscinvbit, avx, avx2, aes, erms, clmul, bmi1, bmi2, fma, vzeroupper, clflush, hv, rdtscp, f16c
Processor Information for the first 4 processors :
  Max Mhz: 2794, Current Mhz: 2794, Mhz Limit: 2794

Memory: 4k page, system-wide physical 8080M (457M free)
TotalPageFile size 12195M (AvailPageFile size 149M)
current process WorkingSet (physical memory assigned to process): 100M, peak: 100M
current process commit charge ("private bytes"): 231M, peak: 231M

vm_info: OpenJDK 64-Bit Server VM (21.0.10+7-LTS) for windows-amd64 JRE (21.0.10+7-LTS), built on 2026-01-20T00:00:00Z by "admin" with MS VC++ 17.12 (VS2022)

END.
