#
# There is insufficient memory for the Java Runtime Environment to continue.
# Native memory allocation (malloc) failed to allocate 1344128 bytes. Error detail: Chunk::new
# Possible reasons:
#   The system is out of physical RAM or swap space
#   This process is running with CompressedOops enabled, and the Java Heap may be blocking the growth of the native heap
# Possible solutions:
#   Reduce memory load on the system
#   Increase physical memory or swap space
#   Check if swap backing store is full
#   Decrease Java heap size (-Xmx/-Xms)
#   Decrease number of Java threads
#   Decrease Java thread stack sizes (-Xss)
#   Set larger code cache with -XX:ReservedCodeCacheSize=
#   JVM is running with Unscaled Compressed Oops mode in which the Java heap is
#     placed in the first 4GB address space. The Java Heap base address is the
#     maximum limit for the native heap growth. Please use -XX:HeapBaseMinAddress
#     to set the Java Heap base and to place the Java Heap above 4GB virtual address.
# This output file may be truncated or incomplete.
#
#  Out of Memory Error (arena.cpp:168), pid=3460, tid=7632
#
# JRE version: OpenJDK Runtime Environment (21.0.6) (build 21.0.6+-13368085-b895.109)
# Java VM: OpenJDK 64-Bit Server VM (21.0.6+-13368085-b895.109, mixed mode, tiered, compressed oops, compressed class ptrs, g1 gc, windows-amd64)
# No core dump will be written. Minidumps are not enabled by default on client versions of Windows
#

---------------  S U M M A R Y ------------

Command Line: --add-opens=java.base/java.lang=ALL-UNNAMED --add-opens=java.base/java.lang.invoke=ALL-UNNAMED --add-opens=java.base/java.util=ALL-UNNAMED --add-opens=java.prefs/java.util.prefs=ALL-UNNAMED --add-exports=jdk.compiler/com.sun.tools.javac.api=ALL-UNNAMED --add-exports=jdk.compiler/com.sun.tools.javac.util=ALL-UNNAMED --add-opens=java.base/java.util=ALL-UNNAMED --add-opens=java.prefs/java.util.prefs=ALL-UNNAMED --add-opens=java.base/java.nio.charset=ALL-UNNAMED --add-opens=java.base/java.net=ALL-UNNAMED --add-opens=java.base/java.util.concurrent.atomic=ALL-UNNAMED --add-opens=java.xml/javax.xml.namespace=ALL-UNNAMED -Xmx2048m -Dfile.encoding=UTF-8 -Duser.country=FR -Duser.language=fr -Duser.variant -javaagent:C:\Users\ASUS\.gradle\wrapper\dists\gradle-8.11.1-bin\bpt9gzteqjrbo1mjrsomdt32c\gradle-8.11.1\lib\agents\gradle-instrumentation-agent-8.11.1.jar org.gradle.launcher.daemon.bootstrap.GradleDaemon 8.11.1

Host: Intel(R) Core(TM) i5-4200H CPU @ 2.80GHz, 4 cores, 7G,  Windows 11 , 64 bit Build 26100 (10.0.26100.7623)
Time: Sun May 17 21:05:58 2026 Afrique de l, 64 bit Build 26100 (10.0.26100.7623) elapsed time: 31.679074 seconds (0d 0h 0m 31s)

---------------  T H R E A D  ---------------

Current thread (0x000001e6dcbcf2d0):  JavaThread "C2 CompilerThread0" daemon [_thread_in_native, id=7632, stack(0x00000011ca600000,0x00000011ca700000) (1024K)]


Current CompileTask:
C2:31679 13367       4       java.net.URLClassLoader$1::run (5 bytes)

Stack: [0x00000011ca600000,0x00000011ca700000]
Native frames: (J=compiled Java code, j=interpreted, Vv=VM code, C=native code)
V  [jvm.dll+0x6d0639]
V  [jvm.dll+0x85eb03]
V  [jvm.dll+0x86105e]
V  [jvm.dll+0x861743]
V  [jvm.dll+0x27e6e6]
V  [jvm.dll+0xbff6d]
V  [jvm.dll+0xc04a3]
V  [jvm.dll+0x3b61ab]
V  [jvm.dll+0x3820c7]
V  [jvm.dll+0x38153a]
V  [jvm.dll+0x247c82]
V  [jvm.dll+0x247251]
V  [jvm.dll+0x1c5f04]
V  [jvm.dll+0x2569ac]
V  [jvm.dll+0x254ef6]
V  [jvm.dll+0x3f0e96]
V  [jvm.dll+0x806ed8]
V  [jvm.dll+0x6cef0d]
C  [ucrtbase.dll+0x37b0]
C  [KERNEL32.DLL+0x2e8d7]
C  [ntdll.dll+0x8c53c]


---------------  P R O C E S S  ---------------

Threads class SMR info:
_java_thread_list=0x000001e6f00eb1d0, length=55, elements={
0x000001e6c5b89c20, 0x000001e6dcbbd0e0, 0x000001e6dcbbdb30, 0x000001e6dcbc0720,
0x000001e6dcbc1170, 0x000001e6dcba82a0, 0x000001e6dcba96a0, 0x000001e6dcbcf2d0,
0x000001e6dcbd2c90, 0x000001e6dcd2b720, 0x000001e6dcd2d7f0, 0x000001e6dcd2cad0,
0x000001e6dcd2bdb0, 0x000001e6dcd2c440, 0x000001e6dcd2de80, 0x000001e6dcd2d160,
0x000001e6dcd2e510, 0x000001e6dcd2b090, 0x000001e6e2b27990, 0x000001e6e2b265e0,
0x000001e6e2b293d0, 0x000001e6e2b28020, 0x000001e6e2b28d40, 0x000001e6e2b286b0,
0x000001e6e2b25f50, 0x000001e6e2b29a60, 0x000001e6e2b27300, 0x000001e6e2b2a0f0,
0x000001e6e2b26c70, 0x000001e6e2b2ae10, 0x000001e6e2b2b4a0, 0x000001e6e2b2bb30,
0x000001e6e2b2a780, 0x000001e6e2b2c1c0, 0x000001e6e2b2c850, 0x000001e6e2b2cee0,
0x000001e6e55fb670, 0x000001e6e55fc390, 0x000001e6e55fbd00, 0x000001e6e55fca20,
0x000001e6e55f9c30, 0x000001e6e55fa950, 0x000001e6e55ff810, 0x000001e6e55ffea0,
0x000001e6e5600530, 0x000001e6e55feaf0, 0x000001e6e57a8210, 0x000001e6e57a88a0,
0x000001e6e57a9c50, 0x000001e6e57a74f0, 0x000001e6e57abd20, 0x000001e6e57ad0d0,
0x000001e6e57ac3b0, 0x000001e6e57ab690, 0x000001e6e57aca40
}

Java Threads: ( => current thread )
  0x000001e6c5b89c20 JavaThread "main"                              [_thread_blocked, id=1416, stack(0x00000011c9800000,0x00000011c9900000) (1024K)]
  0x000001e6dcbbd0e0 JavaThread "Reference Handler"          daemon [_thread_blocked, id=9668, stack(0x00000011ca000000,0x00000011ca100000) (1024K)]
  0x000001e6dcbbdb30 JavaThread "Finalizer"                  daemon [_thread_blocked, id=11896, stack(0x00000011ca100000,0x00000011ca200000) (1024K)]
  0x000001e6dcbc0720 JavaThread "Signal Dispatcher"          daemon [_thread_blocked, id=11364, stack(0x00000011ca200000,0x00000011ca300000) (1024K)]
  0x000001e6dcbc1170 JavaThread "Attach Listener"            daemon [_thread_blocked, id=15548, stack(0x00000011ca300000,0x00000011ca400000) (1024K)]
  0x000001e6dcba82a0 JavaThread "Service Thread"             daemon [_thread_blocked, id=13188, stack(0x00000011ca400000,0x00000011ca500000) (1024K)]
  0x000001e6dcba96a0 JavaThread "Monitor Deflation Thread"   daemon [_thread_blocked, id=12260, stack(0x00000011ca500000,0x00000011ca600000) (1024K)]
=>0x000001e6dcbcf2d0 JavaThread "C2 CompilerThread0"         daemon [_thread_in_native, id=7632, stack(0x00000011ca600000,0x00000011ca700000) (1024K)]
  0x000001e6dcbd2c90 JavaThread "C1 CompilerThread0"         daemon [_thread_blocked, id=7476, stack(0x00000011ca700000,0x00000011ca800000) (1024K)]
  0x000001e6dcd2b720 JavaThread "Common-Cleaner"             daemon [_thread_blocked, id=16160, stack(0x00000011ca800000,0x00000011ca900000) (1024K)]
  0x000001e6dcd2d7f0 JavaThread "Notification Thread"        daemon [_thread_blocked, id=15896, stack(0x00000011ca900000,0x00000011caa00000) (1024K)]
  0x000001e6dcd2cad0 JavaThread "Daemon health stats"               [_thread_blocked, id=1956, stack(0x00000011cae00000,0x00000011caf00000) (1024K)]
  0x000001e6dcd2bdb0 JavaThread "Incoming local TCP Connector on port 55067"        [_thread_in_native, id=1364, stack(0x00000011caf00000,0x00000011cb000000) (1024K)]
  0x000001e6dcd2c440 JavaThread "Daemon periodic checks"            [_thread_blocked, id=17268, stack(0x00000011cb000000,0x00000011cb100000) (1024K)]
  0x000001e6dcd2de80 JavaThread "Daemon"                            [_thread_blocked, id=13144, stack(0x00000011cb100000,0x00000011cb200000) (1024K)]
  0x000001e6dcd2d160 JavaThread "Handler for socket connection from /127.0.0.1:55067 to /127.0.0.1:55068"        [_thread_in_native, id=11824, stack(0x00000011cb200000,0x00000011cb300000) (1024K)]
  0x000001e6dcd2e510 JavaThread "Cancel handler"                    [_thread_blocked, id=12452, stack(0x00000011cb300000,0x00000011cb400000) (1024K)]
  0x000001e6dcd2b090 JavaThread "Daemon worker"                     [_thread_in_vm, id=9232, stack(0x00000011cb400000,0x00000011cb500000) (1024K)]
  0x000001e6e2b27990 JavaThread "Asynchronous log dispatcher for DefaultDaemonConnection: socket connection from /127.0.0.1:55067 to /127.0.0.1:55068"        [_thread_blocked, id=14780, stack(0x00000011cb500000,0x00000011cb600000) (1024K)]
  0x000001e6e2b265e0 JavaThread "Stdin handler"                     [_thread_blocked, id=4156, stack(0x00000011cb600000,0x00000011cb700000) (1024K)]
  0x000001e6e2b293d0 JavaThread "Daemon client event forwarder"        [_thread_blocked, id=12084, stack(0x00000011cb700000,0x00000011cb800000) (1024K)]
  0x000001e6e2b28020 JavaThread "Cache worker for journal cache (C:\Users\ASUS\.gradle\caches\journal-1)"        [_thread_blocked, id=9932, stack(0x00000011cac00000,0x00000011cad00000) (1024K)]
  0x000001e6e2b28d40 JavaThread "File lock request listener"        [_thread_in_native, id=9864, stack(0x00000011cb800000,0x00000011cb900000) (1024K)]
  0x000001e6e2b286b0 JavaThread "Cache worker for file hash cache (C:\Users\ASUS\.gradle\caches\8.11.1\fileHashes)"        [_thread_blocked, id=8788, stack(0x00000011cb900000,0x00000011cba00000) (1024K)]
  0x000001e6e2b25f50 JavaThread "Cache worker for file content cache (C:\Users\ASUS\.gradle\caches\8.11.1\fileContent)"        [_thread_blocked, id=16636, stack(0x00000011cbb00000,0x00000011cbc00000) (1024K)]
  0x000001e6e2b29a60 JavaThread "Cache worker for file hash cache (C:\Projet\RideMada\ride_mada_mobile\.gradle\8.11.1\fileHashes)"        [_thread_blocked, id=10764, stack(0x00000011cbc00000,0x00000011cbd00000) (1024K)]
  0x000001e6e2b27300 JavaThread "Cache worker for Build Output Cleanup Cache (C:\Projet\RideMada\ride_mada_mobile\.gradle\buildOutputCleanup)"        [_thread_blocked, id=16460, stack(0x00000011cbd00000,0x00000011cbe00000) (1024K)]
  0x000001e6e2b2a0f0 JavaThread "File watcher server"        daemon [_thread_in_native, id=12884, stack(0x00000011cbe00000,0x00000011cbf00000) (1024K)]
  0x000001e6e2b26c70 JavaThread "File watcher consumer"      daemon [_thread_blocked, id=17364, stack(0x00000011cbf00000,0x00000011cc000000) (1024K)]
  0x000001e6e2b2ae10 JavaThread "jar transforms"                    [_thread_blocked, id=13864, stack(0x00000011cc000000,0x00000011cc100000) (1024K)]
  0x000001e6e2b2b4a0 JavaThread "jar transforms Thread 2"           [_thread_blocked, id=8592, stack(0x00000011cc100000,0x00000011cc200000) (1024K)]
  0x000001e6e2b2bb30 JavaThread "jar transforms Thread 3"           [_thread_blocked, id=7312, stack(0x00000011cc200000,0x00000011cc300000) (1024K)]
  0x000001e6e2b2a780 JavaThread "jar transforms Thread 4"           [_thread_blocked, id=9388, stack(0x00000011cc300000,0x00000011cc400000) (1024K)]
  0x000001e6e2b2c1c0 JavaThread "Cache worker for checksums cache (C:\Projet\RideMada\ride_mada_mobile\.gradle\8.11.1\checksums)"        [_thread_blocked, id=6916, stack(0x00000011cc400000,0x00000011cc500000) (1024K)]
  0x000001e6e2b2c850 JavaThread "Cache worker for cache directory md-rule (C:\Users\ASUS\.gradle\caches\8.11.1\md-rule)"        [_thread_blocked, id=16936, stack(0x00000011cc500000,0x00000011cc600000) (1024K)]
  0x000001e6e2b2cee0 JavaThread "Cache worker for cache directory md-supplier (C:\Users\ASUS\.gradle\caches\8.11.1\md-supplier)"        [_thread_blocked, id=9720, stack(0x00000011cc600000,0x00000011cc700000) (1024K)]
  0x000001e6e55fb670 JavaThread "Unconstrained build operations"        [_thread_blocked, id=17384, stack(0x00000011cc700000,0x00000011cc800000) (1024K)]
  0x000001e6e55fc390 JavaThread "Unconstrained build operations Thread 2"        [_thread_blocked, id=16704, stack(0x00000011cc800000,0x00000011cc900000) (1024K)]
  0x000001e6e55fbd00 JavaThread "Unconstrained build operations Thread 3"        [_thread_blocked, id=11240, stack(0x00000011cc900000,0x00000011cca00000) (1024K)]
  0x000001e6e55fca20 JavaThread "Unconstrained build operations Thread 4"        [_thread_blocked, id=15836, stack(0x00000011cca00000,0x00000011ccb00000) (1024K)]
  0x000001e6e55f9c30 JavaThread "Unconstrained build operations Thread 5"        [_thread_blocked, id=10660, stack(0x00000011ccb00000,0x00000011ccc00000) (1024K)]
  0x000001e6e55fa950 JavaThread "Unconstrained build operations Thread 6"        [_thread_blocked, id=15960, stack(0x00000011ccc00000,0x00000011ccd00000) (1024K)]
  0x000001e6e55ff810 JavaThread "Unconstrained build operations Thread 7"        [_thread_blocked, id=13904, stack(0x00000011ccd00000,0x00000011cce00000) (1024K)]
  0x000001e6e55ffea0 JavaThread "Unconstrained build operations Thread 8"        [_thread_blocked, id=11148, stack(0x00000011cce00000,0x00000011ccf00000) (1024K)]
  0x000001e6e5600530 JavaThread "Unconstrained build operations Thread 9"        [_thread_blocked, id=4668, stack(0x00000011ccf00000,0x00000011cd000000) (1024K)]
  0x000001e6e55feaf0 JavaThread "Unconstrained build operations Thread 10"        [_thread_blocked, id=12208, stack(0x00000011cd000000,0x00000011cd100000) (1024K)]
  0x000001e6e57a8210 JavaThread "Unconstrained build operations Thread 11"        [_thread_blocked, id=1860, stack(0x00000011cd100000,0x00000011cd200000) (1024K)]
  0x000001e6e57a88a0 JavaThread "Unconstrained build operations Thread 12"        [_thread_blocked, id=12944, stack(0x00000011cd200000,0x00000011cd300000) (1024K)]
  0x000001e6e57a9c50 JavaThread "Unconstrained build operations Thread 13"        [_thread_blocked, id=7652, stack(0x00000011cd300000,0x00000011cd400000) (1024K)]
  0x000001e6e57a74f0 JavaThread "Unconstrained build operations Thread 14"        [_thread_blocked, id=1928, stack(0x00000011cd400000,0x00000011cd500000) (1024K)]
  0x000001e6e57abd20 JavaThread "Unconstrained build operations Thread 15"        [_thread_blocked, id=12180, stack(0x00000011cd500000,0x00000011cd600000) (1024K)]
  0x000001e6e57ad0d0 JavaThread "Unconstrained build operations Thread 16"        [_thread_blocked, id=7368, stack(0x00000011cd600000,0x00000011cd700000) (1024K)]
  0x000001e6e57ac3b0 JavaThread "Unconstrained build operations Thread 17"        [_thread_blocked, id=12216, stack(0x00000011cd700000,0x00000011cd800000) (1024K)]
  0x000001e6e57ab690 JavaThread "Unconstrained build operations Thread 18"        [_thread_blocked, id=7536, stack(0x00000011cd800000,0x00000011cd900000) (1024K)]
  0x000001e6e57aca40 JavaThread "Unconstrained build operations Thread 19"        [_thread_blocked, id=15196, stack(0x00000011cd900000,0x00000011cda00000) (1024K)]
Total: 55

Other Threads:
  0x000001e6dca0e6f0 VMThread "VM Thread"                           [id=16068, stack(0x00000011c9f00000,0x00000011ca000000) (1024K)]
  0x000001e6dc984300 WatcherThread "VM Periodic Task Thread"        [id=12372, stack(0x00000011c9e00000,0x00000011c9f00000) (1024K)]
  0x000001e6c5be4370 WorkerThread "GC Thread#0"                     [id=8824, stack(0x00000011c9900000,0x00000011c9a00000) (1024K)]
  0x000001e6dcf3a220 WorkerThread "GC Thread#1"                     [id=7436, stack(0x00000011caa00000,0x00000011cab00000) (1024K)]
  0x000001e6e11232f0 WorkerThread "GC Thread#2"                     [id=16372, stack(0x00000011cab00000,0x00000011cac00000) (1024K)]
  0x000001e6e1ad06f0 WorkerThread "GC Thread#3"                     [id=11508, stack(0x00000011cad00000,0x00000011cae00000) (1024K)]
  0x000001e6c5bf5f30 ConcurrentGCThread "G1 Main Marker"            [id=5124, stack(0x00000011c9a00000,0x00000011c9b00000) (1024K)]
  0x000001e6c5bf7f90 WorkerThread "G1 Conc#0"                       [id=15780, stack(0x00000011c9b00000,0x00000011c9c00000) (1024K)]
  0x000001e6c5c4e060 ConcurrentGCThread "G1 Refine#0"               [id=13568, stack(0x00000011c9c00000,0x00000011c9d00000) (1024K)]
  0x000001e6c5c4e980 ConcurrentGCThread "G1 Service"                [id=11580, stack(0x00000011c9d00000,0x00000011c9e00000) (1024K)]
Total: 10

Threads with active compile tasks:
C2 CompilerThread0  31720 13367       4       java.net.URLClassLoader$1::run (5 bytes)
Total: 1

VM state: not at safepoint (normal execution)

VM Mutex/Monitor currently owned by a thread:  ([mutex/lock_event])
[0x00007ffcfaa5c1a0] Metaspace_lock - owner thread: 0x000001e6dcd2b090

Heap address: 0x0000000080000000, size: 2048 MB, Compressed Oops mode: 32-bit

CDS archive(s) not mapped
Compressed class space mapped at: 0x0000000100000000-0x0000000140000000, reserved size: 1073741824
Narrow klass base: 0x0000000000000000, Narrow klass shift: 3, Narrow klass range: 0x140000000

GC Precious Log:
 CardTable entry size: 512
 Card Set container configuration: InlinePtr #cards 5 size 8 Array Of Cards #cards 12 size 40 Howl #buckets 4 coarsen threshold 1843 Howl Bitmap #cards 512 size 80 coarsen threshold 460 Card regions per heap region 1 cards per card region 2048
 CPUs: 4 total, 4 available
 Memory: 8080M
 Large Page Support: Disabled
 NUMA Support: Disabled
 Compressed Oops: Enabled (32-bit)
 Heap Region Size: 1M
 Heap Min Capacity: 8M
 Heap Initial Capacity: 128M
 Heap Max Capacity: 2G
 Pre-touch: Disabled
 Parallel Workers: 4
 Concurrent Workers: 1
 Concurrent Refinement Workers: 4
 Periodic GC: Disabled

Heap:
 garbage-first heap   total 388096K, used 248729K [0x0000000080000000, 0x0000000100000000)
  region size 1024K, 57 young (58368K), 13 survivors (13312K)
 Metaspace       used 137799K, committed 140160K, reserved 1179648K
  class space    used 17677K, committed 18880K, reserved 1048576K

Heap Regions: E=young(eden), S=young(survivor), O=old, HS=humongous(starts), HC=humongous(continues), CS=collection set, F=free, TAMS=top-at-mark-start, PB=parsable bottom
|   0|0x0000000080000000, 0x0000000080100000, 0x0000000080100000|100%|HS|  |TAMS 0x0000000080000000| PB 0x0000000080000000| Complete 
|   1|0x0000000080100000, 0x0000000080200000, 0x0000000080200000|100%|HC|  |TAMS 0x0000000080100000| PB 0x0000000080100000| Complete 
|   2|0x0000000080200000, 0x0000000080300000, 0x0000000080300000|100%|HC|  |TAMS 0x0000000080200000| PB 0x0000000080200000| Complete 
|   3|0x0000000080300000, 0x0000000080400000, 0x0000000080400000|100%| O|  |TAMS 0x0000000080300000| PB 0x0000000080300000| Untracked 
|   4|0x0000000080400000, 0x0000000080500000, 0x0000000080500000|100%| O|  |TAMS 0x0000000080400000| PB 0x0000000080400000| Untracked 
|   5|0x0000000080500000, 0x0000000080600000, 0x0000000080600000|100%| O|  |TAMS 0x0000000080500000| PB 0x0000000080500000| Untracked 
|   6|0x0000000080600000, 0x0000000080700000, 0x0000000080700000|100%|HS|  |TAMS 0x0000000080600000| PB 0x0000000080600000| Complete 
|   7|0x0000000080700000, 0x0000000080800000, 0x0000000080800000|100%| O|  |TAMS 0x0000000080700000| PB 0x0000000080700000| Untracked 
|   8|0x0000000080800000, 0x0000000080900000, 0x0000000080900000|100%| O|  |TAMS 0x0000000080800000| PB 0x0000000080800000| Untracked 
|   9|0x0000000080900000, 0x0000000080a00000, 0x0000000080a00000|100%| O|  |TAMS 0x0000000080900000| PB 0x0000000080900000| Untracked 
|  10|0x0000000080a00000, 0x0000000080b00000, 0x0000000080b00000|100%| O|  |TAMS 0x0000000080a00000| PB 0x0000000080a00000| Untracked 
|  11|0x0000000080b00000, 0x0000000080c00000, 0x0000000080c00000|100%| O|  |TAMS 0x0000000080b00000| PB 0x0000000080b00000| Untracked 
|  12|0x0000000080c00000, 0x0000000080d00000, 0x0000000080d00000|100%| O|  |TAMS 0x0000000080c00000| PB 0x0000000080c00000| Untracked 
|  13|0x0000000080d00000, 0x0000000080e00000, 0x0000000080e00000|100%| O|  |TAMS 0x0000000080d00000| PB 0x0000000080d00000| Untracked 
|  14|0x0000000080e00000, 0x0000000080f00000, 0x0000000080f00000|100%| O|  |TAMS 0x0000000080e00000| PB 0x0000000080e00000| Untracked 
|  15|0x0000000080f00000, 0x0000000081000000, 0x0000000081000000|100%| O|  |TAMS 0x0000000080f00000| PB 0x0000000080f00000| Untracked 
|  16|0x0000000081000000, 0x0000000081100000, 0x0000000081100000|100%| O|  |TAMS 0x0000000081000000| PB 0x0000000081000000| Untracked 
|  17|0x0000000081100000, 0x0000000081200000, 0x0000000081200000|100%| O|  |TAMS 0x0000000081100000| PB 0x0000000081100000| Untracked 
|  18|0x0000000081200000, 0x0000000081300000, 0x0000000081300000|100%| O|  |TAMS 0x0000000081200000| PB 0x0000000081200000| Untracked 
|  19|0x0000000081300000, 0x0000000081400000, 0x0000000081400000|100%| O|  |TAMS 0x0000000081300000| PB 0x0000000081300000| Untracked 
|  20|0x0000000081400000, 0x0000000081500000, 0x0000000081500000|100%| O|  |TAMS 0x0000000081400000| PB 0x0000000081400000| Untracked 
|  21|0x0000000081500000, 0x0000000081600000, 0x0000000081600000|100%|HS|  |TAMS 0x0000000081500000| PB 0x0000000081500000| Complete 
|  22|0x0000000081600000, 0x0000000081700000, 0x0000000081700000|100%|HC|  |TAMS 0x0000000081600000| PB 0x0000000081600000| Complete 
|  23|0x0000000081700000, 0x0000000081800000, 0x0000000081800000|100%|HC|  |TAMS 0x0000000081700000| PB 0x0000000081700000| Complete 
|  24|0x0000000081800000, 0x0000000081900000, 0x0000000081900000|100%|HC|  |TAMS 0x0000000081800000| PB 0x0000000081800000| Complete 
|  25|0x0000000081900000, 0x0000000081a00000, 0x0000000081a00000|100%|HC|  |TAMS 0x0000000081900000| PB 0x0000000081900000| Complete 
|  26|0x0000000081a00000, 0x0000000081b00000, 0x0000000081b00000|100%|HC|  |TAMS 0x0000000081a00000| PB 0x0000000081a00000| Complete 
|  27|0x0000000081b00000, 0x0000000081c00000, 0x0000000081c00000|100%|HS|  |TAMS 0x0000000081b00000| PB 0x0000000081b00000| Complete 
|  28|0x0000000081c00000, 0x0000000081d00000, 0x0000000081d00000|100%|HC|  |TAMS 0x0000000081c00000| PB 0x0000000081c00000| Complete 
|  29|0x0000000081d00000, 0x0000000081e00000, 0x0000000081e00000|100%|HC|  |TAMS 0x0000000081d00000| PB 0x0000000081d00000| Complete 
|  30|0x0000000081e00000, 0x0000000081f00000, 0x0000000081f00000|100%|HC|  |TAMS 0x0000000081e00000| PB 0x0000000081e00000| Complete 
|  31|0x0000000081f00000, 0x0000000082000000, 0x0000000082000000|100%|HS|  |TAMS 0x0000000081f00000| PB 0x0000000081f00000| Complete 
|  32|0x0000000082000000, 0x0000000082100000, 0x0000000082100000|100%|HC|  |TAMS 0x0000000082000000| PB 0x0000000082000000| Complete 
|  33|0x0000000082100000, 0x0000000082200000, 0x0000000082200000|100%|HS|  |TAMS 0x0000000082100000| PB 0x0000000082100000| Complete 
|  34|0x0000000082200000, 0x0000000082300000, 0x0000000082300000|100%| O|  |TAMS 0x0000000082200000| PB 0x0000000082200000| Untracked 
|  35|0x0000000082300000, 0x0000000082400000, 0x0000000082400000|100%| O|  |TAMS 0x0000000082300000| PB 0x0000000082300000| Untracked 
|  36|0x0000000082400000, 0x0000000082500000, 0x0000000082500000|100%| O|  |TAMS 0x0000000082400000| PB 0x0000000082400000| Untracked 
|  37|0x0000000082500000, 0x0000000082600000, 0x0000000082600000|100%| O|  |TAMS 0x0000000082500000| PB 0x0000000082500000| Untracked 
|  38|0x0000000082600000, 0x0000000082700000, 0x0000000082700000|100%| O|  |TAMS 0x0000000082600000| PB 0x0000000082600000| Untracked 
|  39|0x0000000082700000, 0x0000000082800000, 0x0000000082800000|100%| O|  |TAMS 0x0000000082700000| PB 0x0000000082700000| Untracked 
|  40|0x0000000082800000, 0x0000000082900000, 0x0000000082900000|100%| O|  |TAMS 0x0000000082800000| PB 0x0000000082800000| Untracked 
|  41|0x0000000082900000, 0x0000000082a00000, 0x0000000082a00000|100%| O|  |TAMS 0x0000000082900000| PB 0x0000000082900000| Untracked 
|  42|0x0000000082a00000, 0x0000000082b00000, 0x0000000082b00000|100%| O|  |TAMS 0x0000000082a00000| PB 0x0000000082a00000| Untracked 
|  43|0x0000000082b00000, 0x0000000082c00000, 0x0000000082c00000|100%| O|  |TAMS 0x0000000082b00000| PB 0x0000000082b00000| Untracked 
|  44|0x0000000082c00000, 0x0000000082d00000, 0x0000000082d00000|100%| O|  |TAMS 0x0000000082c00000| PB 0x0000000082c00000| Untracked 
|  45|0x0000000082d00000, 0x0000000082e00000, 0x0000000082e00000|100%| O|  |TAMS 0x0000000082d00000| PB 0x0000000082d00000| Untracked 
|  46|0x0000000082e00000, 0x0000000082f00000, 0x0000000082f00000|100%| O|  |TAMS 0x0000000082e00000| PB 0x0000000082e00000| Untracked 
|  47|0x0000000082f00000, 0x0000000083000000, 0x0000000083000000|100%| O|  |TAMS 0x0000000082f00000| PB 0x0000000082f00000| Untracked 
|  48|0x0000000083000000, 0x0000000083100000, 0x0000000083100000|100%| O|  |TAMS 0x0000000083000000| PB 0x0000000083000000| Untracked 
|  49|0x0000000083100000, 0x0000000083200000, 0x0000000083200000|100%| O|  |TAMS 0x0000000083100000| PB 0x0000000083100000| Untracked 
|  50|0x0000000083200000, 0x0000000083300000, 0x0000000083300000|100%|HS|  |TAMS 0x0000000083200000| PB 0x0000000083200000| Complete 
|  51|0x0000000083300000, 0x0000000083400000, 0x0000000083400000|100%|HC|  |TAMS 0x0000000083300000| PB 0x0000000083300000| Complete 
|  52|0x0000000083400000, 0x0000000083500000, 0x0000000083500000|100%| O|  |TAMS 0x0000000083400000| PB 0x0000000083400000| Untracked 
|  53|0x0000000083500000, 0x0000000083600000, 0x0000000083600000|100%| O|  |TAMS 0x0000000083500000| PB 0x0000000083500000| Untracked 
|  54|0x0000000083600000, 0x0000000083700000, 0x0000000083700000|100%| O|  |TAMS 0x0000000083600000| PB 0x0000000083600000| Untracked 
|  55|0x0000000083700000, 0x0000000083800000, 0x0000000083800000|100%|HS|  |TAMS 0x0000000083700000| PB 0x0000000083700000| Complete 
|  56|0x0000000083800000, 0x0000000083900000, 0x0000000083900000|100%|HS|  |TAMS 0x0000000083800000| PB 0x0000000083800000| Complete 
|  57|0x0000000083900000, 0x0000000083a00000, 0x0000000083a00000|100%| O|  |TAMS 0x0000000083900000| PB 0x0000000083900000| Untracked 
|  58|0x0000000083a00000, 0x0000000083b00000, 0x0000000083b00000|100%| O|  |TAMS 0x0000000083a00000| PB 0x0000000083a00000| Untracked 
|  59|0x0000000083b00000, 0x0000000083c00000, 0x0000000083c00000|100%| O|  |TAMS 0x0000000083b00000| PB 0x0000000083b00000| Untracked 
|  60|0x0000000083c00000, 0x0000000083d00000, 0x0000000083d00000|100%| O|  |TAMS 0x0000000083c00000| PB 0x0000000083c00000| Untracked 
|  61|0x0000000083d00000, 0x0000000083e00000, 0x0000000083e00000|100%| O|  |TAMS 0x0000000083d00000| PB 0x0000000083d00000| Untracked 
|  62|0x0000000083e00000, 0x0000000083f00000, 0x0000000083f00000|100%|HS|  |TAMS 0x0000000083e00000| PB 0x0000000083e00000| Complete 
|  63|0x0000000083f00000, 0x0000000084000000, 0x0000000084000000|100%|HC|  |TAMS 0x0000000083f00000| PB 0x0000000083f00000| Complete 
|  64|0x0000000084000000, 0x0000000084100000, 0x0000000084100000|100%|HC|  |TAMS 0x0000000084000000| PB 0x0000000084000000| Complete 
|  65|0x0000000084100000, 0x0000000084200000, 0x0000000084200000|100%|HC|  |TAMS 0x0000000084100000| PB 0x0000000084100000| Complete 
|  66|0x0000000084200000, 0x0000000084300000, 0x0000000084300000|100%|HC|  |TAMS 0x0000000084200000| PB 0x0000000084200000| Complete 
|  67|0x0000000084300000, 0x0000000084400000, 0x0000000084400000|100%|HC|  |TAMS 0x0000000084300000| PB 0x0000000084300000| Complete 
|  68|0x0000000084400000, 0x0000000084500000, 0x0000000084500000|100%|HS|  |TAMS 0x0000000084400000| PB 0x0000000084400000| Complete 
|  69|0x0000000084500000, 0x0000000084600000, 0x0000000084600000|100%|HC|  |TAMS 0x0000000084500000| PB 0x0000000084500000| Complete 
|  70|0x0000000084600000, 0x0000000084700000, 0x0000000084700000|100%|HC|  |TAMS 0x0000000084600000| PB 0x0000000084600000| Complete 
|  71|0x0000000084700000, 0x0000000084800000, 0x0000000084800000|100%|HC|  |TAMS 0x0000000084700000| PB 0x0000000084700000| Complete 
|  72|0x0000000084800000, 0x0000000084900000, 0x0000000084900000|100%|HC|  |TAMS 0x0000000084800000| PB 0x0000000084800000| Complete 
|  73|0x0000000084900000, 0x0000000084a00000, 0x0000000084a00000|100%|HC|  |TAMS 0x0000000084900000| PB 0x0000000084900000| Complete 
|  74|0x0000000084a00000, 0x0000000084b00000, 0x0000000084b00000|100%| O|  |TAMS 0x0000000084a00000| PB 0x0000000084a00000| Untracked 
|  75|0x0000000084b00000, 0x0000000084c00000, 0x0000000084c00000|100%| O|  |TAMS 0x0000000084b00000| PB 0x0000000084b00000| Untracked 
|  76|0x0000000084c00000, 0x0000000084d00000, 0x0000000084d00000|100%| O|  |TAMS 0x0000000084c00000| PB 0x0000000084c00000| Untracked 
|  77|0x0000000084d00000, 0x0000000084e00000, 0x0000000084e00000|100%| O|  |TAMS 0x0000000084d00000| PB 0x0000000084d00000| Untracked 
|  78|0x0000000084e00000, 0x0000000084f00000, 0x0000000084f00000|100%|HS|  |TAMS 0x0000000084e00000| PB 0x0000000084e00000| Complete 
|  79|0x0000000084f00000, 0x0000000085000000, 0x0000000085000000|100%| O|  |TAMS 0x0000000084f00000| PB 0x0000000084f00000| Untracked 
|  80|0x0000000085000000, 0x0000000085100000, 0x0000000085100000|100%| O|  |TAMS 0x0000000085000000| PB 0x0000000085000000| Untracked 
|  81|0x0000000085100000, 0x0000000085200000, 0x0000000085200000|100%| O|  |TAMS 0x0000000085100000| PB 0x0000000085100000| Untracked 
|  82|0x0000000085200000, 0x0000000085300000, 0x0000000085300000|100%| O|  |TAMS 0x0000000085200000| PB 0x0000000085200000| Untracked 
|  83|0x0000000085300000, 0x0000000085400000, 0x0000000085400000|100%| O|  |TAMS 0x0000000085300000| PB 0x0000000085300000| Untracked 
|  84|0x0000000085400000, 0x0000000085500000, 0x0000000085500000|100%| O|  |TAMS 0x0000000085400000| PB 0x0000000085400000| Untracked 
|  85|0x0000000085500000, 0x0000000085600000, 0x0000000085600000|100%| O|  |TAMS 0x0000000085500000| PB 0x0000000085500000| Untracked 
|  86|0x0000000085600000, 0x0000000085700000, 0x0000000085700000|100%| O|  |TAMS 0x0000000085600000| PB 0x0000000085600000| Untracked 
|  87|0x0000000085700000, 0x0000000085800000, 0x0000000085800000|100%|HS|  |TAMS 0x0000000085700000| PB 0x0000000085700000| Complete 
|  88|0x0000000085800000, 0x0000000085900000, 0x0000000085900000|100%|HS|  |TAMS 0x0000000085800000| PB 0x0000000085800000| Complete 
|  89|0x0000000085900000, 0x0000000085a00000, 0x0000000085a00000|100%|HC|  |TAMS 0x0000000085900000| PB 0x0000000085900000| Complete 
|  90|0x0000000085a00000, 0x0000000085b00000, 0x0000000085b00000|100%|HS|  |TAMS 0x0000000085a00000| PB 0x0000000085a00000| Complete 
|  91|0x0000000085b00000, 0x0000000085c00000, 0x0000000085c00000|100%| O|  |TAMS 0x0000000085b00000| PB 0x0000000085b00000| Untracked 
|  92|0x0000000085c00000, 0x0000000085d00000, 0x0000000085d00000|100%| O|  |TAMS 0x0000000085c00000| PB 0x0000000085c00000| Untracked 
|  93|0x0000000085d00000, 0x0000000085e00000, 0x0000000085e00000|100%| O|  |TAMS 0x0000000085d00000| PB 0x0000000085d00000| Untracked 
|  94|0x0000000085e00000, 0x0000000085f00000, 0x0000000085f00000|100%| O|  |TAMS 0x0000000085e00000| PB 0x0000000085e00000| Untracked 
|  95|0x0000000085f00000, 0x0000000086000000, 0x0000000086000000|100%| O|  |TAMS 0x0000000085f00000| PB 0x0000000085f00000| Untracked 
|  96|0x0000000086000000, 0x0000000086100000, 0x0000000086100000|100%| O|Cm|TAMS 0x0000000086000000| PB 0x0000000086000000| Complete 
|  97|0x0000000086100000, 0x0000000086200000, 0x0000000086200000|100%| O|  |TAMS 0x0000000086100000| PB 0x0000000086100000| Untracked 
|  98|0x0000000086200000, 0x0000000086300000, 0x0000000086300000|100%| O|  |TAMS 0x0000000086200000| PB 0x0000000086200000| Untracked 
|  99|0x0000000086300000, 0x0000000086400000, 0x0000000086400000|100%| O|  |TAMS 0x0000000086300000| PB 0x0000000086300000| Untracked 
| 100|0x0000000086400000, 0x0000000086500000, 0x0000000086500000|100%|HS|  |TAMS 0x0000000086400000| PB 0x0000000086400000| Complete 
| 101|0x0000000086500000, 0x0000000086600000, 0x0000000086600000|100%| O|  |TAMS 0x0000000086500000| PB 0x0000000086500000| Untracked 
| 102|0x0000000086600000, 0x0000000086700000, 0x0000000086700000|100%| O|  |TAMS 0x0000000086600000| PB 0x0000000086600000| Untracked 
| 103|0x0000000086700000, 0x0000000086800000, 0x0000000086800000|100%| O|  |TAMS 0x0000000086700000| PB 0x0000000086700000| Untracked 
| 104|0x0000000086800000, 0x0000000086900000, 0x0000000086900000|100%| O|  |TAMS 0x0000000086800000| PB 0x0000000086800000| Untracked 
| 105|0x0000000086900000, 0x0000000086a00000, 0x0000000086a00000|100%| O|  |TAMS 0x0000000086900000| PB 0x0000000086900000| Untracked 
| 106|0x0000000086a00000, 0x0000000086b00000, 0x0000000086b00000|100%| O|  |TAMS 0x0000000086a00000| PB 0x0000000086a00000| Untracked 
| 107|0x0000000086b00000, 0x0000000086c00000, 0x0000000086c00000|100%| O|  |TAMS 0x0000000086b00000| PB 0x0000000086b00000| Untracked 
| 108|0x0000000086c00000, 0x0000000086d00000, 0x0000000086d00000|100%| O|  |TAMS 0x0000000086c00000| PB 0x0000000086c00000| Untracked 
| 109|0x0000000086d00000, 0x0000000086e00000, 0x0000000086e00000|100%| O|  |TAMS 0x0000000086d00000| PB 0x0000000086d00000| Untracked 
| 110|0x0000000086e00000, 0x0000000086f00000, 0x0000000086f00000|100%| O|  |TAMS 0x0000000086e00000| PB 0x0000000086e00000| Untracked 
| 111|0x0000000086f00000, 0x0000000087000000, 0x0000000087000000|100%| O|  |TAMS 0x0000000086f00000| PB 0x0000000086f00000| Untracked 
| 112|0x0000000087000000, 0x0000000087100000, 0x0000000087100000|100%| O|  |TAMS 0x0000000087000000| PB 0x0000000087000000| Untracked 
| 113|0x0000000087100000, 0x0000000087200000, 0x0000000087200000|100%| O|  |TAMS 0x0000000087100000| PB 0x0000000087100000| Untracked 
| 114|0x0000000087200000, 0x0000000087300000, 0x0000000087300000|100%| O|  |TAMS 0x0000000087200000| PB 0x0000000087200000| Untracked 
| 115|0x0000000087300000, 0x0000000087400000, 0x0000000087400000|100%| O|  |TAMS 0x0000000087300000| PB 0x0000000087300000| Untracked 
| 116|0x0000000087400000, 0x0000000087500000, 0x0000000087500000|100%| O|  |TAMS 0x0000000087400000| PB 0x0000000087400000| Untracked 
| 117|0x0000000087500000, 0x0000000087600000, 0x0000000087600000|100%| O|  |TAMS 0x0000000087500000| PB 0x0000000087500000| Untracked 
| 118|0x0000000087600000, 0x0000000087700000, 0x0000000087700000|100%| O|  |TAMS 0x0000000087600000| PB 0x0000000087600000| Untracked 
| 119|0x0000000087700000, 0x0000000087800000, 0x0000000087800000|100%| O|  |TAMS 0x0000000087700000| PB 0x0000000087700000| Untracked 
| 120|0x0000000087800000, 0x0000000087900000, 0x0000000087900000|100%| O|  |TAMS 0x0000000087800000| PB 0x0000000087800000| Untracked 
| 121|0x0000000087900000, 0x0000000087a00000, 0x0000000087a00000|100%| O|  |TAMS 0x0000000087900000| PB 0x0000000087900000| Untracked 
| 122|0x0000000087a00000, 0x0000000087b00000, 0x0000000087b00000|100%| O|  |TAMS 0x0000000087a00000| PB 0x0000000087a00000| Untracked 
| 123|0x0000000087b00000, 0x0000000087c00000, 0x0000000087c00000|100%| O|  |TAMS 0x0000000087b00000| PB 0x0000000087b00000| Untracked 
| 124|0x0000000087c00000, 0x0000000087d00000, 0x0000000087d00000|100%| O|  |TAMS 0x0000000087c00000| PB 0x0000000087c00000| Untracked 
| 125|0x0000000087d00000, 0x0000000087e00000, 0x0000000087e00000|100%| O|  |TAMS 0x0000000087d00000| PB 0x0000000087d00000| Untracked 
| 126|0x0000000087e00000, 0x0000000087f00000, 0x0000000087f00000|100%| O|  |TAMS 0x0000000087e00000| PB 0x0000000087e00000| Untracked 
| 127|0x0000000087f00000, 0x0000000088000000, 0x0000000088000000|100%| O|  |TAMS 0x0000000087f00000| PB 0x0000000087f00000| Untracked 
| 128|0x0000000088000000, 0x0000000088100000, 0x0000000088100000|100%| O|  |TAMS 0x0000000088000000| PB 0x0000000088000000| Untracked 
| 129|0x0000000088100000, 0x0000000088200000, 0x0000000088200000|100%| O|  |TAMS 0x0000000088100000| PB 0x0000000088100000| Untracked 
| 130|0x0000000088200000, 0x0000000088300000, 0x0000000088300000|100%| O|  |TAMS 0x0000000088200000| PB 0x0000000088200000| Untracked 
| 131|0x0000000088300000, 0x0000000088400000, 0x0000000088400000|100%| O|  |TAMS 0x0000000088300000| PB 0x0000000088300000| Untracked 
| 132|0x0000000088400000, 0x0000000088500000, 0x0000000088500000|100%| O|  |TAMS 0x0000000088400000| PB 0x0000000088400000| Untracked 
| 133|0x0000000088500000, 0x0000000088600000, 0x0000000088600000|100%| O|  |TAMS 0x0000000088500000| PB 0x0000000088500000| Untracked 
| 134|0x0000000088600000, 0x0000000088700000, 0x0000000088700000|100%| O|  |TAMS 0x0000000088600000| PB 0x0000000088600000| Untracked 
| 135|0x0000000088700000, 0x0000000088800000, 0x0000000088800000|100%| O|  |TAMS 0x0000000088700000| PB 0x0000000088700000| Untracked 
| 136|0x0000000088800000, 0x0000000088900000, 0x0000000088900000|100%| O|  |TAMS 0x0000000088800000| PB 0x0000000088800000| Untracked 
| 137|0x0000000088900000, 0x0000000088a00000, 0x0000000088a00000|100%| O|  |TAMS 0x0000000088900000| PB 0x0000000088900000| Untracked 
| 138|0x0000000088a00000, 0x0000000088b00000, 0x0000000088b00000|100%| O|  |TAMS 0x0000000088a00000| PB 0x0000000088a00000| Untracked 
| 139|0x0000000088b00000, 0x0000000088c00000, 0x0000000088c00000|100%| O|  |TAMS 0x0000000088b00000| PB 0x0000000088b00000| Untracked 
| 140|0x0000000088c00000, 0x0000000088d00000, 0x0000000088d00000|100%| O|  |TAMS 0x0000000088c00000| PB 0x0000000088c00000| Untracked 
| 141|0x0000000088d00000, 0x0000000088e00000, 0x0000000088e00000|100%| O|  |TAMS 0x0000000088d00000| PB 0x0000000088d00000| Untracked 
| 142|0x0000000088e00000, 0x0000000088f00000, 0x0000000088f00000|100%| O|  |TAMS 0x0000000088e00000| PB 0x0000000088e00000| Untracked 
| 143|0x0000000088f00000, 0x0000000089000000, 0x0000000089000000|100%| O|Cm|TAMS 0x0000000088f00000| PB 0x0000000088f00000| Complete 
| 144|0x0000000089000000, 0x0000000089100000, 0x0000000089100000|100%| O|Cm|TAMS 0x0000000089000000| PB 0x0000000089000000| Complete 
| 145|0x0000000089100000, 0x0000000089200000, 0x0000000089200000|100%|HS|  |TAMS 0x0000000089100000| PB 0x0000000089100000| Complete 
| 146|0x0000000089200000, 0x0000000089300000, 0x0000000089300000|100%|HC|  |TAMS 0x0000000089200000| PB 0x0000000089200000| Complete 
| 147|0x0000000089300000, 0x0000000089400000, 0x0000000089400000|100%|HC|  |TAMS 0x0000000089300000| PB 0x0000000089300000| Complete 
| 148|0x0000000089400000, 0x0000000089500000, 0x0000000089500000|100%|HC|  |TAMS 0x0000000089400000| PB 0x0000000089400000| Complete 
| 149|0x0000000089500000, 0x0000000089600000, 0x0000000089600000|100%|HC|  |TAMS 0x0000000089500000| PB 0x0000000089500000| Complete 
| 150|0x0000000089600000, 0x0000000089700000, 0x0000000089700000|100%|HC|  |TAMS 0x0000000089600000| PB 0x0000000089600000| Complete 
| 151|0x0000000089700000, 0x0000000089800000, 0x0000000089800000|100%|HS|  |TAMS 0x0000000089700000| PB 0x0000000089700000| Complete 
| 152|0x0000000089800000, 0x0000000089900000, 0x0000000089900000|100%|HC|  |TAMS 0x0000000089800000| PB 0x0000000089800000| Complete 
| 153|0x0000000089900000, 0x0000000089a00000, 0x0000000089a00000|100%|HC|  |TAMS 0x0000000089900000| PB 0x0000000089900000| Complete 
| 154|0x0000000089a00000, 0x0000000089b00000, 0x0000000089b00000|100%| O|  |TAMS 0x0000000089a00000| PB 0x0000000089a00000| Untracked 
| 155|0x0000000089b00000, 0x0000000089c00000, 0x0000000089c00000|100%| O|  |TAMS 0x0000000089b00000| PB 0x0000000089b00000| Untracked 
| 156|0x0000000089c00000, 0x0000000089d00000, 0x0000000089d00000|100%| O|  |TAMS 0x0000000089c00000| PB 0x0000000089c00000| Untracked 
| 157|0x0000000089d00000, 0x0000000089e00000, 0x0000000089e00000|100%| O|  |TAMS 0x0000000089d00000| PB 0x0000000089d00000| Untracked 
| 158|0x0000000089e00000, 0x0000000089f00000, 0x0000000089f00000|100%| O|  |TAMS 0x0000000089e00000| PB 0x0000000089e00000| Untracked 
| 159|0x0000000089f00000, 0x000000008a000000, 0x000000008a000000|100%| O|  |TAMS 0x0000000089f00000| PB 0x0000000089f00000| Untracked 
| 160|0x000000008a000000, 0x000000008a100000, 0x000000008a100000|100%| O|  |TAMS 0x000000008a000000| PB 0x000000008a000000| Untracked 
| 161|0x000000008a100000, 0x000000008a200000, 0x000000008a200000|100%| O|  |TAMS 0x000000008a100000| PB 0x000000008a100000| Untracked 
| 162|0x000000008a200000, 0x000000008a300000, 0x000000008a300000|100%| O|  |TAMS 0x000000008a200000| PB 0x000000008a200000| Untracked 
| 163|0x000000008a300000, 0x000000008a400000, 0x000000008a400000|100%| O|  |TAMS 0x000000008a300000| PB 0x000000008a300000| Untracked 
| 164|0x000000008a400000, 0x000000008a500000, 0x000000008a500000|100%| O|  |TAMS 0x000000008a400000| PB 0x000000008a400000| Untracked 
| 165|0x000000008a500000, 0x000000008a600000, 0x000000008a600000|100%| O|  |TAMS 0x000000008a500000| PB 0x000000008a500000| Untracked 
| 166|0x000000008a600000, 0x000000008a700000, 0x000000008a700000|100%| O|  |TAMS 0x000000008a600000| PB 0x000000008a600000| Untracked 
| 167|0x000000008a700000, 0x000000008a800000, 0x000000008a800000|100%| O|  |TAMS 0x000000008a700000| PB 0x000000008a700000| Untracked 
| 168|0x000000008a800000, 0x000000008a900000, 0x000000008a900000|100%| O|  |TAMS 0x000000008a800000| PB 0x000000008a800000| Untracked 
| 169|0x000000008a900000, 0x000000008aa00000, 0x000000008aa00000|100%| O|  |TAMS 0x000000008a900000| PB 0x000000008a900000| Untracked 
| 170|0x000000008aa00000, 0x000000008ab00000, 0x000000008ab00000|100%| O|  |TAMS 0x000000008aa00000| PB 0x000000008aa00000| Untracked 
| 171|0x000000008ab00000, 0x000000008ac00000, 0x000000008ac00000|100%| O|  |TAMS 0x000000008ab00000| PB 0x000000008ab00000| Untracked 
| 172|0x000000008ac00000, 0x000000008ad00000, 0x000000008ad00000|100%| O|  |TAMS 0x000000008ac00000| PB 0x000000008ac00000| Untracked 
| 173|0x000000008ad00000, 0x000000008ae00000, 0x000000008ae00000|100%| O|  |TAMS 0x000000008ad00000| PB 0x000000008ad00000| Untracked 
| 174|0x000000008ae00000, 0x000000008af00000, 0x000000008af00000|100%| O|  |TAMS 0x000000008ae00000| PB 0x000000008ae00000| Untracked 
| 175|0x000000008af00000, 0x000000008b000000, 0x000000008b000000|100%| O|  |TAMS 0x000000008af00000| PB 0x000000008af00000| Untracked 
| 176|0x000000008b000000, 0x000000008b0e6590, 0x000000008b100000| 89%| O|  |TAMS 0x000000008b000000| PB 0x000000008b000000| Untracked 
| 177|0x000000008b100000, 0x000000008b200000, 0x000000008b200000|100%|HS|  |TAMS 0x000000008b100000| PB 0x000000008b100000| Complete 
| 178|0x000000008b200000, 0x000000008b300000, 0x000000008b300000|100%|HC|  |TAMS 0x000000008b200000| PB 0x000000008b200000| Complete 
| 179|0x000000008b300000, 0x000000008b400000, 0x000000008b400000|100%|HS|  |TAMS 0x000000008b300000| PB 0x000000008b300000| Complete 
| 180|0x000000008b400000, 0x000000008b500000, 0x000000008b500000|100%|HS|  |TAMS 0x000000008b400000| PB 0x000000008b400000| Complete 
| 181|0x000000008b500000, 0x000000008b600000, 0x000000008b600000|100%|HS|  |TAMS 0x000000008b500000| PB 0x000000008b500000| Complete 
| 182|0x000000008b600000, 0x000000008b600000, 0x000000008b700000|  0%| F|  |TAMS 0x000000008b600000| PB 0x000000008b600000| Untracked 
| 183|0x000000008b700000, 0x000000008b700000, 0x000000008b800000|  0%| F|  |TAMS 0x000000008b700000| PB 0x000000008b700000| Untracked 
| 184|0x000000008b800000, 0x000000008b800000, 0x000000008b900000|  0%| F|  |TAMS 0x000000008b800000| PB 0x000000008b800000| Untracked 
| 185|0x000000008b900000, 0x000000008b900000, 0x000000008ba00000|  0%| F|  |TAMS 0x000000008b900000| PB 0x000000008b900000| Untracked 
| 186|0x000000008ba00000, 0x000000008ba00000, 0x000000008bb00000|  0%| F|  |TAMS 0x000000008ba00000| PB 0x000000008ba00000| Untracked 
| 187|0x000000008bb00000, 0x000000008bb00000, 0x000000008bc00000|  0%| F|  |TAMS 0x000000008bb00000| PB 0x000000008bb00000| Untracked 
| 188|0x000000008bc00000, 0x000000008bc00000, 0x000000008bd00000|  0%| F|  |TAMS 0x000000008bc00000| PB 0x000000008bc00000| Untracked 
| 189|0x000000008bd00000, 0x000000008bd00000, 0x000000008be00000|  0%| F|  |TAMS 0x000000008bd00000| PB 0x000000008bd00000| Untracked 
| 190|0x000000008be00000, 0x000000008be00000, 0x000000008bf00000|  0%| F|  |TAMS 0x000000008be00000| PB 0x000000008be00000| Untracked 
| 191|0x000000008bf00000, 0x000000008bf00000, 0x000000008c000000|  0%| F|  |TAMS 0x000000008bf00000| PB 0x000000008bf00000| Untracked 
| 192|0x000000008c000000, 0x000000008c000000, 0x000000008c100000|  0%| F|  |TAMS 0x000000008c000000| PB 0x000000008c000000| Untracked 
| 193|0x000000008c100000, 0x000000008c100000, 0x000000008c200000|  0%| F|  |TAMS 0x000000008c100000| PB 0x000000008c100000| Untracked 
| 194|0x000000008c200000, 0x000000008c200000, 0x000000008c300000|  0%| F|  |TAMS 0x000000008c200000| PB 0x000000008c200000| Untracked 
| 195|0x000000008c300000, 0x000000008c300000, 0x000000008c400000|  0%| F|  |TAMS 0x000000008c300000| PB 0x000000008c300000| Untracked 
| 196|0x000000008c400000, 0x000000008c400000, 0x000000008c500000|  0%| F|  |TAMS 0x000000008c400000| PB 0x000000008c400000| Untracked 
| 197|0x000000008c500000, 0x000000008c500000, 0x000000008c600000|  0%| F|  |TAMS 0x000000008c500000| PB 0x000000008c500000| Untracked 
| 198|0x000000008c600000, 0x000000008c600000, 0x000000008c700000|  0%| F|  |TAMS 0x000000008c600000| PB 0x000000008c600000| Untracked 
| 199|0x000000008c700000, 0x000000008c700000, 0x000000008c800000|  0%| F|  |TAMS 0x000000008c700000| PB 0x000000008c700000| Untracked 
| 200|0x000000008c800000, 0x000000008c800000, 0x000000008c900000|  0%| F|  |TAMS 0x000000008c800000| PB 0x000000008c800000| Untracked 
| 201|0x000000008c900000, 0x000000008c900000, 0x000000008ca00000|  0%| F|  |TAMS 0x000000008c900000| PB 0x000000008c900000| Untracked 
| 202|0x000000008ca00000, 0x000000008ca00000, 0x000000008cb00000|  0%| F|  |TAMS 0x000000008ca00000| PB 0x000000008ca00000| Untracked 
| 203|0x000000008cb00000, 0x000000008cb00000, 0x000000008cc00000|  0%| F|  |TAMS 0x000000008cb00000| PB 0x000000008cb00000| Untracked 
| 204|0x000000008cc00000, 0x000000008cc00000, 0x000000008cd00000|  0%| F|  |TAMS 0x000000008cc00000| PB 0x000000008cc00000| Untracked 
| 205|0x000000008cd00000, 0x000000008cd00000, 0x000000008ce00000|  0%| F|  |TAMS 0x000000008cd00000| PB 0x000000008cd00000| Untracked 
| 206|0x000000008ce00000, 0x000000008ce00000, 0x000000008cf00000|  0%| F|  |TAMS 0x000000008ce00000| PB 0x000000008ce00000| Untracked 
| 207|0x000000008cf00000, 0x000000008cf00000, 0x000000008d000000|  0%| F|  |TAMS 0x000000008cf00000| PB 0x000000008cf00000| Untracked 
| 208|0x000000008d000000, 0x000000008d000000, 0x000000008d100000|  0%| F|  |TAMS 0x000000008d000000| PB 0x000000008d000000| Untracked 
| 209|0x000000008d100000, 0x000000008d100000, 0x000000008d200000|  0%| F|  |TAMS 0x000000008d100000| PB 0x000000008d100000| Untracked 
| 210|0x000000008d200000, 0x000000008d200000, 0x000000008d300000|  0%| F|  |TAMS 0x000000008d200000| PB 0x000000008d200000| Untracked 
| 211|0x000000008d300000, 0x000000008d300000, 0x000000008d400000|  0%| F|  |TAMS 0x000000008d300000| PB 0x000000008d300000| Untracked 
| 212|0x000000008d400000, 0x000000008d400000, 0x000000008d500000|  0%| F|  |TAMS 0x000000008d400000| PB 0x000000008d400000| Untracked 
| 213|0x000000008d500000, 0x000000008d500000, 0x000000008d600000|  0%| F|  |TAMS 0x000000008d500000| PB 0x000000008d500000| Untracked 
| 214|0x000000008d600000, 0x000000008d600000, 0x000000008d700000|  0%| F|  |TAMS 0x000000008d600000| PB 0x000000008d600000| Untracked 
| 215|0x000000008d700000, 0x000000008d700000, 0x000000008d800000|  0%| F|  |TAMS 0x000000008d700000| PB 0x000000008d700000| Untracked 
| 216|0x000000008d800000, 0x000000008d800000, 0x000000008d900000|  0%| F|  |TAMS 0x000000008d800000| PB 0x000000008d800000| Untracked 
| 217|0x000000008d900000, 0x000000008d900000, 0x000000008da00000|  0%| F|  |TAMS 0x000000008d900000| PB 0x000000008d900000| Untracked 
| 218|0x000000008da00000, 0x000000008da00000, 0x000000008db00000|  0%| F|  |TAMS 0x000000008da00000| PB 0x000000008da00000| Untracked 
| 219|0x000000008db00000, 0x000000008db00000, 0x000000008dc00000|  0%| F|  |TAMS 0x000000008db00000| PB 0x000000008db00000| Untracked 
| 220|0x000000008dc00000, 0x000000008dc00000, 0x000000008dd00000|  0%| F|  |TAMS 0x000000008dc00000| PB 0x000000008dc00000| Untracked 
| 221|0x000000008dd00000, 0x000000008dd00000, 0x000000008de00000|  0%| F|  |TAMS 0x000000008dd00000| PB 0x000000008dd00000| Untracked 
| 222|0x000000008de00000, 0x000000008de00000, 0x000000008df00000|  0%| F|  |TAMS 0x000000008de00000| PB 0x000000008de00000| Untracked 
| 223|0x000000008df00000, 0x000000008df00000, 0x000000008e000000|  0%| F|  |TAMS 0x000000008df00000| PB 0x000000008df00000| Untracked 
| 224|0x000000008e000000, 0x000000008e000000, 0x000000008e100000|  0%| F|  |TAMS 0x000000008e000000| PB 0x000000008e000000| Untracked 
| 225|0x000000008e100000, 0x000000008e100000, 0x000000008e200000|  0%| F|  |TAMS 0x000000008e100000| PB 0x000000008e100000| Untracked 
| 226|0x000000008e200000, 0x000000008e200000, 0x000000008e300000|  0%| F|  |TAMS 0x000000008e200000| PB 0x000000008e200000| Untracked 
| 227|0x000000008e300000, 0x000000008e300000, 0x000000008e400000|  0%| F|  |TAMS 0x000000008e300000| PB 0x000000008e300000| Untracked 
| 228|0x000000008e400000, 0x000000008e400000, 0x000000008e500000|  0%| F|  |TAMS 0x000000008e400000| PB 0x000000008e400000| Untracked 
| 229|0x000000008e500000, 0x000000008e500000, 0x000000008e600000|  0%| F|  |TAMS 0x000000008e500000| PB 0x000000008e500000| Untracked 
| 230|0x000000008e600000, 0x000000008e600000, 0x000000008e700000|  0%| F|  |TAMS 0x000000008e600000| PB 0x000000008e600000| Untracked 
| 231|0x000000008e700000, 0x000000008e700000, 0x000000008e800000|  0%| F|  |TAMS 0x000000008e700000| PB 0x000000008e700000| Untracked 
| 232|0x000000008e800000, 0x000000008e800000, 0x000000008e900000|  0%| F|  |TAMS 0x000000008e800000| PB 0x000000008e800000| Untracked 
| 233|0x000000008e900000, 0x000000008e900000, 0x000000008ea00000|  0%| F|  |TAMS 0x000000008e900000| PB 0x000000008e900000| Untracked 
| 234|0x000000008ea00000, 0x000000008ea00000, 0x000000008eb00000|  0%| F|  |TAMS 0x000000008ea00000| PB 0x000000008ea00000| Untracked 
| 235|0x000000008eb00000, 0x000000008eb00000, 0x000000008ec00000|  0%| F|  |TAMS 0x000000008eb00000| PB 0x000000008eb00000| Untracked 
| 236|0x000000008ec00000, 0x000000008ec00000, 0x000000008ed00000|  0%| F|  |TAMS 0x000000008ec00000| PB 0x000000008ec00000| Untracked 
| 237|0x000000008ed00000, 0x000000008ed00000, 0x000000008ee00000|  0%| F|  |TAMS 0x000000008ed00000| PB 0x000000008ed00000| Untracked 
| 238|0x000000008ee00000, 0x000000008ee00000, 0x000000008ef00000|  0%| F|  |TAMS 0x000000008ee00000| PB 0x000000008ee00000| Untracked 
| 239|0x000000008ef00000, 0x000000008ef00000, 0x000000008f000000|  0%| F|  |TAMS 0x000000008ef00000| PB 0x000000008ef00000| Untracked 
| 240|0x000000008f000000, 0x000000008f000000, 0x000000008f100000|  0%| F|  |TAMS 0x000000008f000000| PB 0x000000008f000000| Untracked 
| 241|0x000000008f100000, 0x000000008f100000, 0x000000008f200000|  0%| F|  |TAMS 0x000000008f100000| PB 0x000000008f100000| Untracked 
| 242|0x000000008f200000, 0x000000008f200000, 0x000000008f300000|  0%| F|  |TAMS 0x000000008f200000| PB 0x000000008f200000| Untracked 
| 243|0x000000008f300000, 0x000000008f300000, 0x000000008f400000|  0%| F|  |TAMS 0x000000008f300000| PB 0x000000008f300000| Untracked 
| 244|0x000000008f400000, 0x000000008f400000, 0x000000008f500000|  0%| F|  |TAMS 0x000000008f400000| PB 0x000000008f400000| Untracked 
| 245|0x000000008f500000, 0x000000008f500000, 0x000000008f600000|  0%| F|  |TAMS 0x000000008f500000| PB 0x000000008f500000| Untracked 
| 246|0x000000008f600000, 0x000000008f600000, 0x000000008f700000|  0%| F|  |TAMS 0x000000008f600000| PB 0x000000008f600000| Untracked 
| 247|0x000000008f700000, 0x000000008f700000, 0x000000008f800000|  0%| F|  |TAMS 0x000000008f700000| PB 0x000000008f700000| Untracked 
| 248|0x000000008f800000, 0x000000008f800000, 0x000000008f900000|  0%| F|  |TAMS 0x000000008f800000| PB 0x000000008f800000| Untracked 
| 249|0x000000008f900000, 0x000000008f900000, 0x000000008fa00000|  0%| F|  |TAMS 0x000000008f900000| PB 0x000000008f900000| Untracked 
| 250|0x000000008fa00000, 0x000000008fa00000, 0x000000008fb00000|  0%| F|  |TAMS 0x000000008fa00000| PB 0x000000008fa00000| Untracked 
| 251|0x000000008fb00000, 0x000000008fc00000, 0x000000008fc00000|100%| S|CS|TAMS 0x000000008fb00000| PB 0x000000008fb00000| Complete 
| 252|0x000000008fc00000, 0x000000008fd00000, 0x000000008fd00000|100%| S|CS|TAMS 0x000000008fc00000| PB 0x000000008fc00000| Complete 
| 253|0x000000008fd00000, 0x000000008fe00000, 0x000000008fe00000|100%| S|CS|TAMS 0x000000008fd00000| PB 0x000000008fd00000| Complete 
| 254|0x000000008fe00000, 0x000000008ff00000, 0x000000008ff00000|100%| S|CS|TAMS 0x000000008fe00000| PB 0x000000008fe00000| Complete 
| 255|0x000000008ff00000, 0x0000000090000000, 0x0000000090000000|100%| S|CS|TAMS 0x000000008ff00000| PB 0x000000008ff00000| Complete 
| 256|0x0000000090000000, 0x0000000090100000, 0x0000000090100000|100%| S|CS|TAMS 0x0000000090000000| PB 0x0000000090000000| Complete 
| 257|0x0000000090100000, 0x0000000090200000, 0x0000000090200000|100%| S|CS|TAMS 0x0000000090100000| PB 0x0000000090100000| Complete 
| 258|0x0000000090200000, 0x0000000090300000, 0x0000000090300000|100%| S|CS|TAMS 0x0000000090200000| PB 0x0000000090200000| Complete 
| 259|0x0000000090300000, 0x0000000090400000, 0x0000000090400000|100%| S|CS|TAMS 0x0000000090300000| PB 0x0000000090300000| Complete 
| 260|0x0000000090400000, 0x0000000090500000, 0x0000000090500000|100%| S|CS|TAMS 0x0000000090400000| PB 0x0000000090400000| Complete 
| 261|0x0000000090500000, 0x0000000090600000, 0x0000000090600000|100%| S|CS|TAMS 0x0000000090500000| PB 0x0000000090500000| Complete 
| 262|0x0000000090600000, 0x0000000090700000, 0x0000000090700000|100%| S|CS|TAMS 0x0000000090600000| PB 0x0000000090600000| Complete 
| 263|0x0000000090700000, 0x0000000090800000, 0x0000000090800000|100%| S|CS|TAMS 0x0000000090700000| PB 0x0000000090700000| Complete 
| 264|0x0000000090800000, 0x0000000090800000, 0x0000000090900000|  0%| F|  |TAMS 0x0000000090800000| PB 0x0000000090800000| Untracked 
| 265|0x0000000090900000, 0x0000000090900000, 0x0000000090a00000|  0%| F|  |TAMS 0x0000000090900000| PB 0x0000000090900000| Untracked 
| 266|0x0000000090a00000, 0x0000000090a00000, 0x0000000090b00000|  0%| F|  |TAMS 0x0000000090a00000| PB 0x0000000090a00000| Untracked 
| 267|0x0000000090b00000, 0x0000000090b00000, 0x0000000090c00000|  0%| F|  |TAMS 0x0000000090b00000| PB 0x0000000090b00000| Untracked 
| 268|0x0000000090c00000, 0x0000000090c00000, 0x0000000090d00000|  0%| F|  |TAMS 0x0000000090c00000| PB 0x0000000090c00000| Untracked 
| 269|0x0000000090d00000, 0x0000000090d00000, 0x0000000090e00000|  0%| F|  |TAMS 0x0000000090d00000| PB 0x0000000090d00000| Untracked 
| 270|0x0000000090e00000, 0x0000000090e00000, 0x0000000090f00000|  0%| F|  |TAMS 0x0000000090e00000| PB 0x0000000090e00000| Untracked 
| 271|0x0000000090f00000, 0x0000000090f00000, 0x0000000091000000|  0%| F|  |TAMS 0x0000000090f00000| PB 0x0000000090f00000| Untracked 
| 272|0x0000000091000000, 0x0000000091000000, 0x0000000091100000|  0%| F|  |TAMS 0x0000000091000000| PB 0x0000000091000000| Untracked 
| 273|0x0000000091100000, 0x0000000091100000, 0x0000000091200000|  0%| F|  |TAMS 0x0000000091100000| PB 0x0000000091100000| Untracked 
| 274|0x0000000091200000, 0x0000000091200000, 0x0000000091300000|  0%| F|  |TAMS 0x0000000091200000| PB 0x0000000091200000| Untracked 
| 275|0x0000000091300000, 0x0000000091300000, 0x0000000091400000|  0%| F|  |TAMS 0x0000000091300000| PB 0x0000000091300000| Untracked 
| 276|0x0000000091400000, 0x0000000091400000, 0x0000000091500000|  0%| F|  |TAMS 0x0000000091400000| PB 0x0000000091400000| Untracked 
| 277|0x0000000091500000, 0x0000000091500000, 0x0000000091600000|  0%| F|  |TAMS 0x0000000091500000| PB 0x0000000091500000| Untracked 
| 278|0x0000000091600000, 0x0000000091600000, 0x0000000091700000|  0%| F|  |TAMS 0x0000000091600000| PB 0x0000000091600000| Untracked 
| 279|0x0000000091700000, 0x0000000091700000, 0x0000000091800000|  0%| F|  |TAMS 0x0000000091700000| PB 0x0000000091700000| Untracked 
| 280|0x0000000091800000, 0x0000000091800000, 0x0000000091900000|  0%| F|  |TAMS 0x0000000091800000| PB 0x0000000091800000| Untracked 
| 281|0x0000000091900000, 0x0000000091900000, 0x0000000091a00000|  0%| F|  |TAMS 0x0000000091900000| PB 0x0000000091900000| Untracked 
| 282|0x0000000091a00000, 0x0000000091a00000, 0x0000000091b00000|  0%| F|  |TAMS 0x0000000091a00000| PB 0x0000000091a00000| Untracked 
| 283|0x0000000091b00000, 0x0000000091b00000, 0x0000000091c00000|  0%| F|  |TAMS 0x0000000091b00000| PB 0x0000000091b00000| Untracked 
| 284|0x0000000091c00000, 0x0000000091c00000, 0x0000000091d00000|  0%| F|  |TAMS 0x0000000091c00000| PB 0x0000000091c00000| Untracked 
| 285|0x0000000091d00000, 0x0000000091d00000, 0x0000000091e00000|  0%| F|  |TAMS 0x0000000091d00000| PB 0x0000000091d00000| Untracked 
| 286|0x0000000091e00000, 0x0000000091e00000, 0x0000000091f00000|  0%| F|  |TAMS 0x0000000091e00000| PB 0x0000000091e00000| Untracked 
| 287|0x0000000091f00000, 0x0000000091f00000, 0x0000000092000000|  0%| F|  |TAMS 0x0000000091f00000| PB 0x0000000091f00000| Untracked 
| 288|0x0000000092000000, 0x0000000092000000, 0x0000000092100000|  0%| F|  |TAMS 0x0000000092000000| PB 0x0000000092000000| Untracked 
| 289|0x0000000092100000, 0x0000000092100000, 0x0000000092200000|  0%| F|  |TAMS 0x0000000092100000| PB 0x0000000092100000| Untracked 
| 290|0x0000000092200000, 0x0000000092200000, 0x0000000092300000|  0%| F|  |TAMS 0x0000000092200000| PB 0x0000000092200000| Untracked 
| 291|0x0000000092300000, 0x0000000092300000, 0x0000000092400000|  0%| F|  |TAMS 0x0000000092300000| PB 0x0000000092300000| Untracked 
| 292|0x0000000092400000, 0x0000000092400000, 0x0000000092500000|  0%| F|  |TAMS 0x0000000092400000| PB 0x0000000092400000| Untracked 
| 293|0x0000000092500000, 0x0000000092500000, 0x0000000092600000|  0%| F|  |TAMS 0x0000000092500000| PB 0x0000000092500000| Untracked 
| 294|0x0000000092600000, 0x0000000092600000, 0x0000000092700000|  0%| F|  |TAMS 0x0000000092600000| PB 0x0000000092600000| Untracked 
| 295|0x0000000092700000, 0x0000000092700000, 0x0000000092800000|  0%| F|  |TAMS 0x0000000092700000| PB 0x0000000092700000| Untracked 
| 296|0x0000000092800000, 0x0000000092800000, 0x0000000092900000|  0%| F|  |TAMS 0x0000000092800000| PB 0x0000000092800000| Untracked 
| 297|0x0000000092900000, 0x0000000092900000, 0x0000000092a00000|  0%| F|  |TAMS 0x0000000092900000| PB 0x0000000092900000| Untracked 
| 298|0x0000000092a00000, 0x0000000092a00000, 0x0000000092b00000|  0%| F|  |TAMS 0x0000000092a00000| PB 0x0000000092a00000| Untracked 
| 299|0x0000000092b00000, 0x0000000092b00000, 0x0000000092c00000|  0%| F|  |TAMS 0x0000000092b00000| PB 0x0000000092b00000| Untracked 
| 300|0x0000000092c00000, 0x0000000092c00000, 0x0000000092d00000|  0%| F|  |TAMS 0x0000000092c00000| PB 0x0000000092c00000| Untracked 
| 301|0x0000000092d00000, 0x0000000092d00000, 0x0000000092e00000|  0%| F|  |TAMS 0x0000000092d00000| PB 0x0000000092d00000| Untracked 
| 302|0x0000000092e00000, 0x0000000092e00000, 0x0000000092f00000|  0%| F|  |TAMS 0x0000000092e00000| PB 0x0000000092e00000| Untracked 
| 303|0x0000000092f00000, 0x0000000092f00000, 0x0000000093000000|  0%| F|  |TAMS 0x0000000092f00000| PB 0x0000000092f00000| Untracked 
| 304|0x0000000093000000, 0x0000000093000000, 0x0000000093100000|  0%| F|  |TAMS 0x0000000093000000| PB 0x0000000093000000| Untracked 
| 305|0x0000000093100000, 0x0000000093100000, 0x0000000093200000|  0%| F|  |TAMS 0x0000000093100000| PB 0x0000000093100000| Untracked 
| 306|0x0000000093200000, 0x0000000093200000, 0x0000000093300000|  0%| F|  |TAMS 0x0000000093200000| PB 0x0000000093200000| Untracked 
| 307|0x0000000093300000, 0x0000000093300000, 0x0000000093400000|  0%| F|  |TAMS 0x0000000093300000| PB 0x0000000093300000| Untracked 
| 308|0x0000000093400000, 0x0000000093400000, 0x0000000093500000|  0%| F|  |TAMS 0x0000000093400000| PB 0x0000000093400000| Untracked 
| 309|0x0000000093500000, 0x0000000093500000, 0x0000000093600000|  0%| F|  |TAMS 0x0000000093500000| PB 0x0000000093500000| Untracked 
| 310|0x0000000093600000, 0x0000000093600000, 0x0000000093700000|  0%| F|  |TAMS 0x0000000093600000| PB 0x0000000093600000| Untracked 
| 311|0x0000000093700000, 0x0000000093700000, 0x0000000093800000|  0%| F|  |TAMS 0x0000000093700000| PB 0x0000000093700000| Untracked 
| 312|0x0000000093800000, 0x0000000093800000, 0x0000000093900000|  0%| F|  |TAMS 0x0000000093800000| PB 0x0000000093800000| Untracked 
| 313|0x0000000093900000, 0x0000000093900000, 0x0000000093a00000|  0%| F|  |TAMS 0x0000000093900000| PB 0x0000000093900000| Untracked 
| 314|0x0000000093a00000, 0x0000000093a00000, 0x0000000093b00000|  0%| F|  |TAMS 0x0000000093a00000| PB 0x0000000093a00000| Untracked 
| 315|0x0000000093b00000, 0x0000000093b00000, 0x0000000093c00000|  0%| F|  |TAMS 0x0000000093b00000| PB 0x0000000093b00000| Untracked 
| 316|0x0000000093c00000, 0x0000000093c00000, 0x0000000093d00000|  0%| F|  |TAMS 0x0000000093c00000| PB 0x0000000093c00000| Untracked 
| 317|0x0000000093d00000, 0x0000000093d00000, 0x0000000093e00000|  0%| F|  |TAMS 0x0000000093d00000| PB 0x0000000093d00000| Untracked 
| 318|0x0000000093e00000, 0x0000000093e00000, 0x0000000093f00000|  0%| F|  |TAMS 0x0000000093e00000| PB 0x0000000093e00000| Untracked 
| 319|0x0000000093f00000, 0x0000000093f00000, 0x0000000094000000|  0%| F|  |TAMS 0x0000000093f00000| PB 0x0000000093f00000| Untracked 
| 320|0x0000000094000000, 0x0000000094000000, 0x0000000094100000|  0%| F|  |TAMS 0x0000000094000000| PB 0x0000000094000000| Untracked 
| 321|0x0000000094100000, 0x0000000094100000, 0x0000000094200000|  0%| F|  |TAMS 0x0000000094100000| PB 0x0000000094100000| Untracked 
| 322|0x0000000094200000, 0x0000000094200000, 0x0000000094300000|  0%| F|  |TAMS 0x0000000094200000| PB 0x0000000094200000| Untracked 
| 323|0x0000000094300000, 0x0000000094300000, 0x0000000094400000|  0%| F|  |TAMS 0x0000000094300000| PB 0x0000000094300000| Untracked 
| 324|0x0000000094400000, 0x0000000094400000, 0x0000000094500000|  0%| F|  |TAMS 0x0000000094400000| PB 0x0000000094400000| Untracked 
| 325|0x0000000094500000, 0x0000000094500000, 0x0000000094600000|  0%| F|  |TAMS 0x0000000094500000| PB 0x0000000094500000| Untracked 
| 326|0x0000000094600000, 0x0000000094600000, 0x0000000094700000|  0%| F|  |TAMS 0x0000000094600000| PB 0x0000000094600000| Untracked 
| 327|0x0000000094700000, 0x0000000094700000, 0x0000000094800000|  0%| F|  |TAMS 0x0000000094700000| PB 0x0000000094700000| Untracked 
| 328|0x0000000094800000, 0x0000000094800000, 0x0000000094900000|  0%| F|  |TAMS 0x0000000094800000| PB 0x0000000094800000| Untracked 
| 329|0x0000000094900000, 0x0000000094a00000, 0x0000000094a00000|100%| E|  |TAMS 0x0000000094900000| PB 0x0000000094900000| Complete 
| 330|0x0000000094a00000, 0x0000000094b00000, 0x0000000094b00000|100%| E|CS|TAMS 0x0000000094a00000| PB 0x0000000094a00000| Complete 
| 331|0x0000000094b00000, 0x0000000094c00000, 0x0000000094c00000|100%| E|CS|TAMS 0x0000000094b00000| PB 0x0000000094b00000| Complete 
| 332|0x0000000094c00000, 0x0000000094d00000, 0x0000000094d00000|100%| E|CS|TAMS 0x0000000094c00000| PB 0x0000000094c00000| Complete 
| 333|0x0000000094d00000, 0x0000000094e00000, 0x0000000094e00000|100%| E|CS|TAMS 0x0000000094d00000| PB 0x0000000094d00000| Complete 
| 334|0x0000000094e00000, 0x0000000094f00000, 0x0000000094f00000|100%| E|CS|TAMS 0x0000000094e00000| PB 0x0000000094e00000| Complete 
| 335|0x0000000094f00000, 0x0000000095000000, 0x0000000095000000|100%| E|CS|TAMS 0x0000000094f00000| PB 0x0000000094f00000| Complete 
| 336|0x0000000095000000, 0x0000000095100000, 0x0000000095100000|100%| E|CS|TAMS 0x0000000095000000| PB 0x0000000095000000| Complete 
| 337|0x0000000095100000, 0x0000000095200000, 0x0000000095200000|100%| E|CS|TAMS 0x0000000095100000| PB 0x0000000095100000| Complete 
| 338|0x0000000095200000, 0x0000000095300000, 0x0000000095300000|100%| E|CS|TAMS 0x0000000095200000| PB 0x0000000095200000| Complete 
| 339|0x0000000095300000, 0x0000000095400000, 0x0000000095400000|100%| E|CS|TAMS 0x0000000095300000| PB 0x0000000095300000| Complete 
| 340|0x0000000095400000, 0x0000000095500000, 0x0000000095500000|100%| E|CS|TAMS 0x0000000095400000| PB 0x0000000095400000| Complete 
| 341|0x0000000095500000, 0x0000000095600000, 0x0000000095600000|100%| E|CS|TAMS 0x0000000095500000| PB 0x0000000095500000| Complete 
| 342|0x0000000095600000, 0x0000000095700000, 0x0000000095700000|100%| E|CS|TAMS 0x0000000095600000| PB 0x0000000095600000| Complete 
| 343|0x0000000095700000, 0x0000000095800000, 0x0000000095800000|100%| E|CS|TAMS 0x0000000095700000| PB 0x0000000095700000| Complete 
| 344|0x0000000095800000, 0x0000000095900000, 0x0000000095900000|100%| E|CS|TAMS 0x0000000095800000| PB 0x0000000095800000| Complete 
| 345|0x0000000095900000, 0x0000000095a00000, 0x0000000095a00000|100%| E|CS|TAMS 0x0000000095900000| PB 0x0000000095900000| Complete 
| 346|0x0000000095a00000, 0x0000000095b00000, 0x0000000095b00000|100%| E|CS|TAMS 0x0000000095a00000| PB 0x0000000095a00000| Complete 
| 347|0x0000000095b00000, 0x0000000095c00000, 0x0000000095c00000|100%| E|CS|TAMS 0x0000000095b00000| PB 0x0000000095b00000| Complete 
| 348|0x0000000095c00000, 0x0000000095d00000, 0x0000000095d00000|100%| E|CS|TAMS 0x0000000095c00000| PB 0x0000000095c00000| Complete 
| 349|0x0000000095d00000, 0x0000000095e00000, 0x0000000095e00000|100%| E|CS|TAMS 0x0000000095d00000| PB 0x0000000095d00000| Complete 
| 350|0x0000000095e00000, 0x0000000095f00000, 0x0000000095f00000|100%| E|CS|TAMS 0x0000000095e00000| PB 0x0000000095e00000| Complete 
| 351|0x0000000095f00000, 0x0000000096000000, 0x0000000096000000|100%| E|CS|TAMS 0x0000000095f00000| PB 0x0000000095f00000| Complete 
| 352|0x0000000096000000, 0x0000000096100000, 0x0000000096100000|100%| E|CS|TAMS 0x0000000096000000| PB 0x0000000096000000| Complete 
| 353|0x0000000096100000, 0x0000000096200000, 0x0000000096200000|100%| E|  |TAMS 0x0000000096100000| PB 0x0000000096100000| Complete 
| 354|0x0000000096200000, 0x0000000096300000, 0x0000000096300000|100%| E|CS|TAMS 0x0000000096200000| PB 0x0000000096200000| Complete 
| 355|0x0000000096300000, 0x0000000096400000, 0x0000000096400000|100%| E|CS|TAMS 0x0000000096300000| PB 0x0000000096300000| Complete 
| 356|0x0000000096400000, 0x0000000096500000, 0x0000000096500000|100%| E|CS|TAMS 0x0000000096400000| PB 0x0000000096400000| Complete 
| 357|0x0000000096500000, 0x0000000096600000, 0x0000000096600000|100%| E|CS|TAMS 0x0000000096500000| PB 0x0000000096500000| Complete 
| 358|0x0000000096600000, 0x0000000096700000, 0x0000000096700000|100%| E|CS|TAMS 0x0000000096600000| PB 0x0000000096600000| Complete 
| 359|0x0000000096700000, 0x0000000096800000, 0x0000000096800000|100%| E|CS|TAMS 0x0000000096700000| PB 0x0000000096700000| Complete 
| 360|0x0000000096800000, 0x0000000096900000, 0x0000000096900000|100%| E|CS|TAMS 0x0000000096800000| PB 0x0000000096800000| Complete 
| 361|0x0000000096900000, 0x0000000096a00000, 0x0000000096a00000|100%| E|CS|TAMS 0x0000000096900000| PB 0x0000000096900000| Complete 
| 362|0x0000000096a00000, 0x0000000096b00000, 0x0000000096b00000|100%| E|CS|TAMS 0x0000000096a00000| PB 0x0000000096a00000| Complete 
| 363|0x0000000096b00000, 0x0000000096c00000, 0x0000000096c00000|100%| E|CS|TAMS 0x0000000096b00000| PB 0x0000000096b00000| Complete 
| 364|0x0000000096c00000, 0x0000000096d00000, 0x0000000096d00000|100%| E|CS|TAMS 0x0000000096c00000| PB 0x0000000096c00000| Complete 
| 365|0x0000000096d00000, 0x0000000096e00000, 0x0000000096e00000|100%| E|CS|TAMS 0x0000000096d00000| PB 0x0000000096d00000| Complete 
| 366|0x0000000096e00000, 0x0000000096f00000, 0x0000000096f00000|100%| E|CS|TAMS 0x0000000096e00000| PB 0x0000000096e00000| Complete 
| 367|0x0000000096f00000, 0x0000000097000000, 0x0000000097000000|100%| E|CS|TAMS 0x0000000096f00000| PB 0x0000000096f00000| Complete 
|2037|0x00000000ff500000, 0x00000000ff600000, 0x00000000ff600000|100%| O|Cm|TAMS 0x00000000ff500000| PB 0x00000000ff500000| Complete 
|2038|0x00000000ff600000, 0x00000000ff700000, 0x00000000ff700000|100%| O|Cm|TAMS 0x00000000ff600000| PB 0x00000000ff600000| Complete 
|2039|0x00000000ff700000, 0x00000000ff800000, 0x00000000ff800000|100%| O|  |TAMS 0x00000000ff700000| PB 0x00000000ff700000| Untracked 
|2040|0x00000000ff800000, 0x00000000ff900000, 0x00000000ff900000|100%| O|  |TAMS 0x00000000ff800000| PB 0x00000000ff800000| Untracked 
|2041|0x00000000ff900000, 0x00000000ffa00000, 0x00000000ffa00000|100%| O|Cm|TAMS 0x00000000ff900000| PB 0x00000000ff900000| Complete 
|2042|0x00000000ffa00000, 0x00000000ffb00000, 0x00000000ffb00000|100%| E|CS|TAMS 0x00000000ffa00000| PB 0x00000000ffa00000| Complete 
|2043|0x00000000ffb00000, 0x00000000ffc00000, 0x00000000ffc00000|100%| E|CS|TAMS 0x00000000ffb00000| PB 0x00000000ffb00000| Complete 
|2044|0x00000000ffc00000, 0x00000000ffd00000, 0x00000000ffd00000|100%| O|  |TAMS 0x00000000ffc00000| PB 0x00000000ffc00000| Untracked 
|2045|0x00000000ffd00000, 0x00000000ffe00000, 0x00000000ffe00000|100%| E|CS|TAMS 0x00000000ffd00000| PB 0x00000000ffd00000| Complete 
|2046|0x00000000ffe00000, 0x00000000fff00000, 0x00000000fff00000|100%| E|CS|TAMS 0x00000000ffe00000| PB 0x00000000ffe00000| Complete 
|2047|0x00000000fff00000, 0x0000000100000000, 0x0000000100000000|100%| E|CS|TAMS 0x00000000fff00000| PB 0x00000000fff00000| Complete 

Card table byte_map: [0x000001e6d80e0000,0x000001e6d84e0000] _byte_map_base: 0x000001e6d7ce0000

Marking Bits: (CMBitMap*) 0x000001e6c5be4980
 Bits: [0x000001e6d84e0000, 0x000001e6da4e0000)

Polling page: 0x000001e6c37a0000

Metaspace:

Usage:
  Non-class:    117.31 MB used.
      Class:     17.26 MB used.
       Both:    134.57 MB used.

Virtual space:
  Non-class space:      128.00 MB reserved,     118.44 MB ( 93%) committed,  2 nodes.
      Class space:        1.00 GB reserved,      18.44 MB (  2%) committed,  1 nodes.
             Both:        1.12 GB reserved,     136.88 MB ( 12%) committed. 

Chunk freelists:
   Non-Class:  8.73 MB
       Class:  13.52 MB
        Both:  22.25 MB

MaxMetaspaceSize: unlimited
CompressedClassSpaceSize: 1.00 GB
Initial GC threshold: 21.00 MB
Current GC threshold: 224.50 MB
CDS: off
 - commit_granule_bytes: 65536.
 - commit_granule_words: 8192.
 - virtual_space_node_default_size: 8388608.
 - enlarge_chunks_in_place: 1.
 - use_allocation_guard: 0.


Internal statistics:

num_allocs_failed_limit: 3.
num_arena_births: 4364.
num_arena_deaths: 2.
num_vsnodes_births: 3.
num_vsnodes_deaths: 0.
num_space_committed: 2188.
num_space_uncommitted: 0.
num_chunks_returned_to_freelist: 5.
num_chunks_taken_from_freelist: 9861.
num_chunk_merges: 3.
num_chunk_splits: 6893.
num_chunks_enlarged: 4851.
num_inconsistent_stats: 0.

CodeHeap 'non-profiled nmethods': size=120000Kb used=7090Kb max_used=7200Kb free=112909Kb
 bounds [0x000001e6d07b0000, 0x000001e6d0ec0000, 0x000001e6d7ce0000]
CodeHeap 'profiled nmethods': size=120000Kb used=22221Kb max_used=22676Kb free=97778Kb
 bounds [0x000001e6c8ce0000, 0x000001e6ca320000, 0x000001e6d0210000]
CodeHeap 'non-nmethods': size=5760Kb used=3057Kb max_used=3101Kb free=2702Kb
 bounds [0x000001e6d0210000, 0x000001e6d0520000, 0x000001e6d07b0000]
 total_blobs=12707 nmethods=11579 adapters=1028
 compilation: enabled
              stopped_count=0, restarted_count=0
 full_count=0

Compilation events (20 events):
Event: 31.523 Thread 0x000001e6dcbd2c90 nmethod 13357 0x000001e6c8ed6310 code [0x000001e6c8ed64a0, 0x000001e6c8ed65b0]
Event: 31.524 Thread 0x000001e6dcbd2c90 13358       3       com.google.common.collect.ImmutableMap$Builder::ensureCapacity (38 bytes)
Event: 31.525 Thread 0x000001e6dcbd2c90 nmethod 13358 0x000001e6c8d8ca10 code [0x000001e6c8d8cbe0, 0x000001e6c8d8cf80]
Event: 31.525 Thread 0x000001e6dcbd2c90 13360       3       com.google.common.collect.Hashing::smear (19 bytes)
Event: 31.525 Thread 0x000001e6dcbd2c90 nmethod 13360 0x000001e6c8d3f710 code [0x000001e6c8d3f8c0, 0x000001e6c8d3fa40]
Event: 31.525 Thread 0x000001e6dcbd2c90 13359       3       com.android.build.gradle.options.ProjectOptions$OptionValue::<init> (15 bytes)
Event: 31.525 Thread 0x000001e6dcbd2c90 nmethod 13359 0x000001e6c8e2d110 code [0x000001e6c8e2d2c0, 0x000001e6c8e2d4e0]
Event: 31.531 Thread 0x000001e6dcbd2c90 13361       3       com.google.common.collect.ImmutableList::contains (14 bytes)
Event: 31.531 Thread 0x000001e6dcbd2c90 nmethod 13361 0x000001e6c9647010 code [0x000001e6c96471c0, 0x000001e6c96473d0]
Event: 31.531 Thread 0x000001e6dcbd2c90 13362       3       com.google.common.collect.ImmutableList::indexOf (14 bytes)
Event: 31.531 Thread 0x000001e6dcbd2c90 nmethod 13362 0x000001e6c8e1cd10 code [0x000001e6c8e1cec0, 0x000001e6c8e1d048]
Event: 31.531 Thread 0x000001e6dcbd2c90 13363       3       jdk.internal.org.objectweb.asm.Type::getSort (19 bytes)
Event: 31.531 Thread 0x000001e6dcbd2c90 nmethod 13363 0x000001e6c9065290 code [0x000001e6c9065420, 0x000001e6c9065570]
Event: 31.561 Thread 0x000001e6dcbd2c90 13364       1       java.util.zip.Inflater::hasPendingOutput (5 bytes)
Event: 31.561 Thread 0x000001e6dcbd2c90 nmethod 13364 0x000001e6d0be3e90 code [0x000001e6d0be4020, 0x000001e6d0be40f0]
Event: 31.562 Thread 0x000001e6dcbd2c90 13365   !   3       java.util.zip.Inflater::needsDictionary (19 bytes)
Event: 31.562 Thread 0x000001e6dcbd2c90 nmethod 13365 0x000001e6c9683310 code [0x000001e6c96834c0, 0x000001e6c96836c0]
Event: 31.567 Thread 0x000001e6dcbd2c90 13366   !   3       java.util.zip.InflaterInputStream::read (129 bytes)
Event: 31.567 Thread 0x000001e6dcbd2c90 nmethod 13366 0x000001e6c8e8be10 code [0x000001e6c8e8c0e0, 0x000001e6c8e8cdf0]
Event: 31.572 Thread 0x000001e6dcbcf2d0 13367       4       java.net.URLClassLoader$1::run (5 bytes)

GC Heap History (20 events):
Event: 18.905 GC heap before
{Heap before GC invocations=34 (full 0):
 garbage-first heap   total 199680K, used 164864K [0x0000000080000000, 0x0000000100000000)
  region size 1024K, 38 young (38912K), 5 survivors (5120K)
 Metaspace       used 74279K, committed 76160K, reserved 1114112K
  class space    used 10096K, committed 11072K, reserved 1048576K
}
Event: 18.924 GC heap after
{Heap after GC invocations=35 (full 0):
 garbage-first heap   total 199680K, used 135961K [0x0000000080000000, 0x0000000100000000)
  region size 1024K, 5 young (5120K), 5 survivors (5120K)
 Metaspace       used 74279K, committed 76160K, reserved 1114112K
  class space    used 10096K, committed 11072K, reserved 1048576K
}
Event: 19.759 GC heap before
{Heap before GC invocations=35 (full 0):
 garbage-first heap   total 199680K, used 168729K [0x0000000080000000, 0x0000000100000000)
  region size 1024K, 38 young (38912K), 5 survivors (5120K)
 Metaspace       used 74370K, committed 76288K, reserved 1114112K
  class space    used 10098K, committed 11072K, reserved 1048576K
}
Event: 19.767 GC heap after
{Heap after GC invocations=36 (full 0):
 garbage-first heap   total 199680K, used 137183K [0x0000000080000000, 0x0000000100000000)
  region size 1024K, 4 young (4096K), 4 survivors (4096K)
 Metaspace       used 74370K, committed 76288K, reserved 1114112K
  class space    used 10098K, committed 11072K, reserved 1048576K
}
Event: 21.323 GC heap before
{Heap before GC invocations=37 (full 0):
 garbage-first heap   total 229376K, used 170975K [0x0000000080000000, 0x0000000100000000)
  region size 1024K, 39 young (39936K), 4 survivors (4096K)
 Metaspace       used 79465K, committed 81344K, reserved 1179648K
  class space    used 11161K, committed 12096K, reserved 1048576K
}
Event: 21.332 GC heap after
{Heap after GC invocations=38 (full 0):
 garbage-first heap   total 229376K, used 137856K [0x0000000080000000, 0x0000000100000000)
  region size 1024K, 3 young (3072K), 3 survivors (3072K)
 Metaspace       used 79465K, committed 81344K, reserved 1179648K
  class space    used 11161K, committed 12096K, reserved 1048576K
}
Event: 22.391 GC heap before
{Heap before GC invocations=38 (full 0):
 garbage-first heap   total 229376K, used 202368K [0x0000000080000000, 0x0000000100000000)
  region size 1024K, 55 young (56320K), 3 survivors (3072K)
 Metaspace       used 87509K, committed 89408K, reserved 1179648K
  class space    used 12172K, committed 13120K, reserved 1048576K
}
Event: 22.405 GC heap after
{Heap after GC invocations=39 (full 0):
 garbage-first heap   total 229376K, used 128711K [0x0000000080000000, 0x0000000100000000)
  region size 1024K, 4 young (4096K), 4 survivors (4096K)
 Metaspace       used 87509K, committed 89408K, reserved 1179648K
  class space    used 12172K, committed 13120K, reserved 1048576K
}
Event: 22.512 GC heap before
{Heap before GC invocations=39 (full 0):
 garbage-first heap   total 229376K, used 129735K [0x0000000080000000, 0x0000000100000000)
  region size 1024K, 7 young (7168K), 4 survivors (4096K)
 Metaspace       used 87510K, committed 89408K, reserved 1179648K
  class space    used 12172K, committed 13120K, reserved 1048576K
}
Event: 22.518 GC heap after
{Heap after GC invocations=40 (full 0):
 garbage-first heap   total 229376K, used 128713K [0x0000000080000000, 0x0000000100000000)
  region size 1024K, 4 young (4096K), 4 survivors (4096K)
 Metaspace       used 87510K, committed 89408K, reserved 1179648K
  class space    used 12172K, committed 13120K, reserved 1048576K
}
Event: 23.403 GC heap before
{Heap before GC invocations=41 (full 0):
 garbage-first heap   total 229376K, used 210633K [0x0000000080000000, 0x0000000100000000)
  region size 1024K, 69 young (70656K), 4 survivors (4096K)
 Metaspace       used 90445K, committed 92416K, reserved 1179648K
  class space    used 12521K, committed 13504K, reserved 1048576K
}
Event: 23.447 GC heap after
{Heap after GC invocations=42 (full 0):
 garbage-first heap   total 231424K, used 147549K [0x0000000080000000, 0x0000000100000000)
  region size 1024K, 9 young (9216K), 9 survivors (9216K)
 Metaspace       used 90445K, committed 92416K, reserved 1179648K
  class space    used 12521K, committed 13504K, reserved 1048576K
}
Event: 23.701 GC heap before
{Heap before GC invocations=42 (full 0):
 garbage-first heap   total 231424K, used 206941K [0x0000000080000000, 0x0000000100000000)
  region size 1024K, 60 young (61440K), 9 survivors (9216K)
 Metaspace       used 90460K, committed 92416K, reserved 1179648K
  class space    used 12521K, committed 13504K, reserved 1048576K
}
Event: 23.741 GC heap after
{Heap after GC invocations=43 (full 0):
 garbage-first heap   total 388096K, used 158208K [0x0000000080000000, 0x0000000100000000)
  region size 1024K, 8 young (8192K), 8 survivors (8192K)
 Metaspace       used 90460K, committed 92416K, reserved 1179648K
  class space    used 12521K, committed 13504K, reserved 1048576K
}
Event: 26.232 GC heap before
{Heap before GC invocations=43 (full 0):
 garbage-first heap   total 388096K, used 320000K [0x0000000080000000, 0x0000000100000000)
  region size 1024K, 150 young (153600K), 8 survivors (8192K)
 Metaspace       used 106234K, committed 108544K, reserved 1179648K
  class space    used 14275K, committed 15424K, reserved 1048576K
}
Event: 26.261 GC heap after
{Heap after GC invocations=44 (full 0):
 garbage-first heap   total 388096K, used 185344K [0x0000000080000000, 0x0000000100000000)
  region size 1024K, 19 young (19456K), 19 survivors (19456K)
 Metaspace       used 106234K, committed 108544K, reserved 1179648K
  class space    used 14275K, committed 15424K, reserved 1048576K
}
Event: 28.580 GC heap before
{Heap before GC invocations=44 (full 0):
 garbage-first heap   total 388096K, used 322560K [0x0000000080000000, 0x0000000100000000)
  region size 1024K, 152 young (155648K), 19 survivors (19456K)
 Metaspace       used 118485K, committed 120832K, reserved 1179648K
  class space    used 15669K, committed 16832K, reserved 1048576K
}
Event: 28.609 GC heap after
{Heap after GC invocations=45 (full 0):
 garbage-first heap   total 388096K, used 195481K [0x0000000080000000, 0x0000000100000000)
  region size 1024K, 9 young (9216K), 9 survivors (9216K)
 Metaspace       used 118485K, committed 120832K, reserved 1179648K
  class space    used 15669K, committed 16832K, reserved 1048576K
}
Event: 30.689 GC heap before
{Heap before GC invocations=45 (full 0):
 garbage-first heap   total 388096K, used 305049K [0x0000000080000000, 0x0000000100000000)
  region size 1024K, 118 young (120832K), 9 survivors (9216K)
 Metaspace       used 134955K, committed 137280K, reserved 1179648K
  class space    used 17318K, committed 18496K, reserved 1048576K
}
Event: 30.705 GC heap after
{Heap after GC invocations=46 (full 0):
 garbage-first heap   total 388096K, used 199577K [0x0000000080000000, 0x0000000100000000)
  region size 1024K, 13 young (13312K), 13 survivors (13312K)
 Metaspace       used 134955K, committed 137280K, reserved 1179648K
  class space    used 17318K, committed 18496K, reserved 1048576K
}

Dll operation events (3 events):
Event: 0.013 Loaded shared library C:\Program Files\Android\Android Studio\jbr\bin\java.dll
Event: 0.022 Loaded shared library C:\Program Files\Android\Android Studio\jbr\bin\zip.dll
Event: 0.733 Loaded shared library C:\Program Files\Android\Android Studio\jbr\bin\verify.dll

Deoptimization events (20 events):
Event: 30.819 Thread 0x000001e6dcd2b090 Uncommon trap: trap_request=0xffffffde fr.pc=0x000001e6d0912334 relative=0x00000000000005d4
Event: 30.819 Thread 0x000001e6dcd2b090 Uncommon trap: reason=class_check action=maybe_recompile pc=0x000001e6d0912334 method=java.lang.Throwable.<init>(Ljava/lang/String;Ljava/lang/Throwable;)V @ 24 c2
Event: 30.819 Thread 0x000001e6dcd2b090 DEOPT PACKING pc=0x000001e6d0912334 sp=0x00000011cb4f55c0
Event: 30.819 Thread 0x000001e6dcd2b090 DEOPT UNPACKING pc=0x000001e6d02646a2 sp=0x00000011cb4f55a0 mode 2
Event: 31.031 Thread 0x000001e6dcd2b090 Uncommon trap: trap_request=0xffffff45 fr.pc=0x000001e6d09dee88 relative=0x0000000000000828
Event: 31.031 Thread 0x000001e6dcd2b090 Uncommon trap: reason=unstable_if action=reinterpret pc=0x000001e6d09dee88 method=java.io.BufferedInputStream.implRead([BII)I @ 55 c2
Event: 31.031 Thread 0x000001e6dcd2b090 DEOPT PACKING pc=0x000001e6d09dee88 sp=0x00000011cb4f60a0
Event: 31.031 Thread 0x000001e6dcd2b090 DEOPT UNPACKING pc=0x000001e6d02646a2 sp=0x00000011cb4f6068 mode 2
Event: 31.379 Thread 0x000001e6dcd2b090 Uncommon trap: trap_request=0xffffffbe fr.pc=0x000001e6d0eb5770 relative=0x0000000000001070
Event: 31.379 Thread 0x000001e6dcd2b090 Uncommon trap: reason=profile_predicate action=maybe_recompile pc=0x000001e6d0eb5770 method=java.util.TreeMap.put(Ljava/lang/Object;Ljava/lang/Object;Z)Ljava/lang/Object; @ 27 c2
Event: 31.379 Thread 0x000001e6dcd2b090 DEOPT PACKING pc=0x000001e6d0eb5770 sp=0x00000011cb4f6be0
Event: 31.379 Thread 0x000001e6dcd2b090 DEOPT UNPACKING pc=0x000001e6d02646a2 sp=0x00000011cb4f6b48 mode 2
Event: 31.416 Thread 0x000001e6dcd2b090 Uncommon trap: trap_request=0xffffffbe fr.pc=0x000001e6d0eb5770 relative=0x0000000000001070
Event: 31.416 Thread 0x000001e6dcd2b090 Uncommon trap: reason=profile_predicate action=maybe_recompile pc=0x000001e6d0eb5770 method=java.util.TreeMap.put(Ljava/lang/Object;Ljava/lang/Object;Z)Ljava/lang/Object; @ 27 c2
Event: 31.416 Thread 0x000001e6dcd2b090 DEOPT PACKING pc=0x000001e6d0eb5770 sp=0x00000011cb4f6580
Event: 31.416 Thread 0x000001e6dcd2b090 DEOPT UNPACKING pc=0x000001e6d02646a2 sp=0x00000011cb4f64e8 mode 2
Event: 31.556 Thread 0x000001e6dcd2b090 Uncommon trap: trap_request=0xffffff45 fr.pc=0x000001e6d08d1c68 relative=0x0000000000001ee8
Event: 31.556 Thread 0x000001e6dcd2b090 Uncommon trap: reason=unstable_if action=reinterpret pc=0x000001e6d08d1c68 method=java.util.zip.InflaterInputStream.read([BII)I @ 94 c2
Event: 31.556 Thread 0x000001e6dcd2b090 DEOPT PACKING pc=0x000001e6d08d1c68 sp=0x00000011cb4f42a0
Event: 31.556 Thread 0x000001e6dcd2b090 DEOPT UNPACKING pc=0x000001e6d02646a2 sp=0x00000011cb4f42f0 mode 2

Classes loaded (20 events):
Event: 27.243 Loading class java/util/EnumMap$EntryIterator
Event: 27.243 Loading class java/util/EnumMap$EnumMapIterator
Event: 27.243 Loading class java/util/EnumMap$EnumMapIterator done
Event: 27.243 Loading class java/util/EnumMap$EntryIterator done
Event: 27.243 Loading class java/util/EnumMap$EntryIterator$Entry
Event: 27.243 Loading class java/util/EnumMap$EntryIterator$Entry done
Event: 30.428 Loading class java/util/Vector$Itr
Event: 30.429 Loading class java/util/Vector$Itr done
Event: 30.495 Loading class java/lang/Byte$ByteCache
Event: 30.495 Loading class java/lang/Byte$ByteCache done
Event: 30.571 Loading class java/util/zip/ZipInputStream
Event: 30.572 Loading class java/util/zip/ZipInputStream done
Event: 30.589 Loading class java/io/CharArrayWriter
Event: 30.590 Loading class java/io/CharArrayWriter done
Event: 31.646 Loading class java/util/concurrent/atomic/AtomicIntegerArray
Event: 31.646 Loading class java/util/concurrent/atomic/AtomicIntegerArray done
Event: 31.649 Loading class java/util/Currency
Event: 31.650 Loading class java/util/Currency done
Event: 31.676 Loading class java/util/concurrent/atomic/AtomicLongArray
Event: 31.676 Loading class java/util/concurrent/atomic/AtomicLongArray done

Classes unloaded (1 events):
Event: 19.964 Thread 0x000001e6dca0e6f0 Unloading class 0x0000000100ad0400 'java/lang/invoke/LambdaForm$DMH+0x0000000100ad0400'

Classes redefined (0 events):
No events

Internal exceptions (20 events):
Event: 28.850 Thread 0x000001e6dcd2b090 Exception <a 'java/lang/NoSuchMethodError'{0x00000000969477b0}: 'java.lang.Object java.lang.invoke.DirectMethodHandle$Holder.invokeStatic(java.lang.Object, java.lang.Object, int, int, java.lang.Object, java.lang.Object)'> (0x00000000969477b0) 
thrown [s\src\hotspot\share\interpreter\linkResolver.cpp, line 784]
Event: 28.851 Thread 0x000001e6dcd2b090 Exception <a 'java/lang/NoSuchMethodError'{0x0000000096956f70}: 'java.lang.Object java.lang.invoke.Invokers$Holder.linkToTargetMethod(java.lang.Object, int, int, java.lang.Object, java.lang.Object)'> (0x0000000096956f70) 
thrown [s\src\hotspot\share\interpreter\linkResolver.cpp, line 784]
Event: 28.907 Thread 0x000001e6dcd2b090 Exception <a 'java/lang/NoSuchMethodError'{0x00000000967cd490}: 'java.lang.Object java.lang.invoke.DirectMethodHandle$Holder.invokeStatic(java.lang.Object, java.lang.Object, java.lang.Object, int, int, java.lang.Object, java.lang.Object)'> (0x00000000967cd490) 
thrown [s\src\hotspot\share\interpreter\linkResolver.cpp, line 784]
Event: 28.908 Thread 0x000001e6dcd2b090 Exception <a 'java/lang/NoSuchMethodError'{0x00000000967d6d88}: 'java.lang.Object java.lang.invoke.DirectMethodHandle$Holder.newInvokeSpecial(java.lang.Object, java.lang.Object, java.lang.Object, int, int, java.lang.Object)'> (0x00000000967d6d88) 
thrown [s\src\hotspot\share\interpreter\linkResolver.cpp, line 784]
Event: 28.908 Thread 0x000001e6dcd2b090 Exception <a 'java/lang/NoSuchMethodError'{0x00000000967dfa68}: 'java.lang.Object java.lang.invoke.Invokers$Holder.linkToTargetMethod(java.lang.Object, java.lang.Object, int, int, java.lang.Object, java.lang.Object)'> (0x00000000967dfa68) 
thrown [s\src\hotspot\share\interpreter\linkResolver.cpp, line 784]
Event: 28.910 Thread 0x000001e6dcd2b090 Exception <a 'java/lang/NoSuchMethodError'{0x00000000967ec0b0}: 'java.lang.Object java.lang.invoke.DirectMethodHandle$Holder.invokeStatic(java.lang.Object, java.lang.Object, int, int, java.lang.Object)'> (0x00000000967ec0b0) 
thrown [s\src\hotspot\share\interpreter\linkResolver.cpp, line 784]
Event: 28.950 Thread 0x000001e6dcd2b090 Exception <a 'java/lang/NoSuchMethodError'{0x00000000965c8fd0}: 'java.lang.Object java.lang.invoke.DirectMethodHandle$Holder.newInvokeSpecial(java.lang.Object, java.lang.Object, java.lang.Object, int, int, java.lang.Object, java.lang.Object)'> (0x00000000965c8fd0) 
thrown [s\src\hotspot\share\interpreter\linkResolver.cpp, line 784]
Event: 28.950 Thread 0x000001e6dcd2b090 Exception <a 'java/lang/NoSuchMethodError'{0x00000000965d21a8}: 'java.lang.Object java.lang.invoke.Invokers$Holder.linkToTargetMethod(java.lang.Object, java.lang.Object, int, int, java.lang.Object, java.lang.Object, java.lang.Object)'> (0x00000000965d21a8) 
thrown [s\src\hotspot\share\interpreter\linkResolver.cpp, line 784]
Event: 29.262 Thread 0x000001e6dcd2b090 Exception <a 'java/lang/NoSuchMethodError'{0x00000000957e4ec0}: 'java.lang.Object java.lang.invoke.DirectMethodHandle$Holder.invokeStaticInit(java.lang.Object, int, java.lang.Object, java.lang.Object, java.lang.Object)'> (0x00000000957e4ec0) 
thrown [s\src\hotspot\share\interpreter\linkResolver.cpp, line 784]
Event: 29.814 Thread 0x000001e6dcd2b090 Exception <a 'java/lang/NoSuchMethodError'{0x0000000093201a48}: 'java.lang.Object java.lang.invoke.DirectMethodHandle$Holder.invokeStatic(java.lang.Object, java.lang.Object, int, java.lang.Object, java.lang.Object)'> (0x0000000093201a48) 
thrown [s\src\hotspot\share\interpreter\linkResolver.cpp, line 784]
Event: 30.337 Thread 0x000001e6dcd2b090 Exception <a 'java/lang/NoSuchMethodError'{0x00000000918dbe08}: 'java.lang.Object java.lang.invoke.DirectMethodHandle$Holder.invokeStatic(java.lang.Object, int, int)'> (0x00000000918dbe08) 
thrown [s\src\hotspot\share\interpreter\linkResolver.cpp, line 784]
Event: 30.435 Thread 0x000001e6dcd2b090 Exception <a 'java/lang/NoSuchMethodError'{0x000000009137cd50}: 'java.lang.Object java.lang.invoke.DirectMethodHandle$Holder.invokeStatic(java.lang.Object, java.lang.Object, int, int)'> (0x000000009137cd50) 
thrown [s\src\hotspot\share\interpreter\linkResolver.cpp, line 784]
Event: 30.507 Thread 0x000001e6dcd2b090 Exception <a 'java/lang/NoSuchMethodError'{0x0000000090f4b048}: 'void java.lang.invoke.DirectMethodHandle$Holder.invokeStaticInit(java.lang.Object, java.lang.Object, java.lang.Object, java.lang.Object, java.lang.Object, java.lang.Object, java.lang.Object, int)'> (0x0000000090f4b048) 
thrown [s\src\hotspot\share\interpreter\linkResolver.cpp, line 784]
Event: 30.541 Thread 0x000001e6dcd2b090 Implicit null exception at 0x000001e6d0c33114 to 0x000001e6d0c33994
Event: 30.546 Thread 0x000001e6dcd2b090 Exception <a 'sun/nio/fs/WindowsException'{0x0000000090d712a0}> (0x0000000090d712a0) 
thrown [s\src\hotspot\share\prims\jni.cpp, line 535]
Event: 30.547 Thread 0x000001e6dcd2b090 Exception <a 'sun/nio/fs/WindowsException'{0x0000000090d72f00}> (0x0000000090d72f00) 
thrown [s\src\hotspot\share\prims\jni.cpp, line 535]
Event: 30.567 Thread 0x000001e6dcd2b090 Exception <a 'sun/nio/fs/WindowsException'{0x0000000090c480a8}> (0x0000000090c480a8) 
thrown [s\src\hotspot\share\prims\jni.cpp, line 535]
Event: 30.569 Thread 0x000001e6dcd2b090 Exception <a 'sun/nio/fs/WindowsException'{0x0000000090c508f8}> (0x0000000090c508f8) 
thrown [s\src\hotspot\share\prims\jni.cpp, line 535]
Event: 30.576 Thread 0x000001e6dcd2b090 Exception <a 'sun/nio/fs/WindowsException'{0x0000000090c6df40}> (0x0000000090c6df40) 
thrown [s\src\hotspot\share\prims\jni.cpp, line 535]
Event: 30.627 Thread 0x000001e6dcd2b090 Implicit null exception at 0x000001e6d0b1785d to 0x000001e6d0b17d40

ZGC Phase Switch (0 events):
No events

VM Operations (20 events):
Event: 29.610 Executing VM operation: HandshakeAllThreads (Deoptimize)
Event: 29.610 Executing VM operation: HandshakeAllThreads (Deoptimize) done
Event: 29.610 Executing VM operation: Cleanup
Event: 29.610 Executing VM operation: Cleanup done
Event: 29.918 Executing VM operation: HandshakeAllThreads (Deoptimize)
Event: 29.918 Executing VM operation: HandshakeAllThreads (Deoptimize) done
Event: 30.147 Executing VM operation: HandshakeAllThreads (Deoptimize)
Event: 30.147 Executing VM operation: HandshakeAllThreads (Deoptimize) done
Event: 30.148 Executing VM operation: ICBufferFull
Event: 30.148 Executing VM operation: ICBufferFull done
Event: 30.198 Executing VM operation: HandshakeAllThreads (Deoptimize)
Event: 30.198 Executing VM operation: HandshakeAllThreads (Deoptimize) done
Event: 30.689 Executing VM operation: G1TryInitiateConcMark (G1 Humongous Allocation)
Event: 30.705 Executing VM operation: G1TryInitiateConcMark (G1 Humongous Allocation) done
Event: 30.818 Executing VM operation: HandshakeAllThreads (Deoptimize)
Event: 30.818 Executing VM operation: HandshakeAllThreads (Deoptimize) done
Event: 31.124 Executing VM operation: G1PauseRemark
Event: 31.133 Executing VM operation: G1PauseRemark done
Event: 31.235 Executing VM operation: G1PauseCleanup
Event: 31.235 Executing VM operation: G1PauseCleanup done

Memory protections (0 events):
No events

Nmethod flushes (20 events):
Event: 31.131 Thread 0x000001e6dca0e6f0 flushing  nmethod 0x000001e6c91afd90
Event: 31.131 Thread 0x000001e6dca0e6f0 flushing  nmethod 0x000001e6c91b8710
Event: 31.131 Thread 0x000001e6dca0e6f0 flushing  nmethod 0x000001e6c91ef490
Event: 31.131 Thread 0x000001e6dca0e6f0 flushing  nmethod 0x000001e6c934fa90
Event: 31.131 Thread 0x000001e6dca0e6f0 flushing  nmethod 0x000001e6c9446790
Event: 31.131 Thread 0x000001e6dca0e6f0 flushing  nmethod 0x000001e6c9497b90
Event: 31.131 Thread 0x000001e6dca0e6f0 flushing  nmethod 0x000001e6c9512a10
Event: 31.131 Thread 0x000001e6dca0e6f0 flushing  nmethod 0x000001e6c9515090
Event: 31.131 Thread 0x000001e6dca0e6f0 flushing  nmethod 0x000001e6c956e990
Event: 31.131 Thread 0x000001e6dca0e6f0 flushing  nmethod 0x000001e6c9570890
Event: 31.131 Thread 0x000001e6dca0e6f0 flushing  nmethod 0x000001e6c9779890
Event: 31.131 Thread 0x000001e6dca0e6f0 flushing  nmethod 0x000001e6c9827f10
Event: 31.131 Thread 0x000001e6dca0e6f0 flushing  nmethod 0x000001e6c995c410
Event: 31.131 Thread 0x000001e6dca0e6f0 flushing  nmethod 0x000001e6c9aa4890
Event: 31.131 Thread 0x000001e6dca0e6f0 flushing  nmethod 0x000001e6c9b24410
Event: 31.131 Thread 0x000001e6dca0e6f0 flushing  nmethod 0x000001e6c9b29610
Event: 31.131 Thread 0x000001e6dca0e6f0 flushing  nmethod 0x000001e6c9b2c010
Event: 31.131 Thread 0x000001e6dca0e6f0 flushing  nmethod 0x000001e6c9b2d210
Event: 31.131 Thread 0x000001e6dca0e6f0 flushing  nmethod 0x000001e6c9bda710
Event: 31.131 Thread 0x000001e6dca0e6f0 flushing  nmethod 0x000001e6c9bde090

Events (20 events):
Event: 16.165 Thread 0x000001e6dcbcf2d0 Thread added: 0x000001e6e15d9e40
Event: 18.600 Thread 0x000001e6e15d9e40 Thread exited: 0x000001e6e15d9e40
Event: 18.881 Thread 0x000001e6dcbd2c90 Thread added: 0x000001e6e55a8480
Event: 20.470 Thread 0x000001e6e55a8480 Thread exited: 0x000001e6e55a8480
Event: 23.027 Thread 0x000001e6dcbd2c90 Thread added: 0x000001e6e4676c50
Event: 24.009 Thread 0x000001e6e4676c50 Thread exited: 0x000001e6e4676c50
Event: 24.671 Thread 0x000001e6dcbd2c90 Thread added: 0x000001e6e1cc8380
Event: 25.116 Thread 0x000001e6e1cc8380 Thread exited: 0x000001e6e1cc8380
Event: 25.634 Thread 0x000001e6dcbd2c90 Thread added: 0x000001e6e5aaadb0
Event: 25.930 Thread 0x000001e6e5aaadb0 Thread exited: 0x000001e6e5aaadb0
Event: 26.268 Thread 0x000001e6dcbd2c90 Thread added: 0x000001e6e5aa7730
Event: 26.603 Thread 0x000001e6e5aa7730 Thread exited: 0x000001e6e5aa7730
Event: 27.276 Thread 0x000001e6dcbd2c90 Thread added: 0x000001e6e5aa7730
Event: 27.995 Thread 0x000001e6e5aa7730 Thread exited: 0x000001e6e5aa7730
Event: 28.390 Thread 0x000001e6dcbd2c90 Thread added: 0x000001e6e5aac220
Event: 29.552 Thread 0x000001e6e5aac220 Thread exited: 0x000001e6e5aac220
Event: 29.842 Thread 0x000001e6dcbd2c90 Thread added: 0x000001e6f06a5430
Event: 30.240 Thread 0x000001e6f06a5430 Thread exited: 0x000001e6f06a5430
Event: 30.635 Thread 0x000001e6dcbd2c90 Thread added: 0x000001e6f06a5430
Event: 31.199 Thread 0x000001e6f06a5430 Thread exited: 0x000001e6f06a5430


Dynamic libraries:
0x00007ff7fa270000 - 0x00007ff7fa27a000 	C:\Program Files\Android\Android Studio\jbr\bin\java.exe
0x00007ffd96a00000 - 0x00007ffd96c67000 	C:\WINDOWS\SYSTEM32\ntdll.dll
0x00007ffd954f0000 - 0x00007ffd955b9000 	C:\WINDOWS\System32\KERNEL32.DLL
0x00007ffd93cc0000 - 0x00007ffd940af000 	C:\WINDOWS\System32\KERNELBASE.dll
0x00007ffd94230000 - 0x00007ffd9437b000 	C:\WINDOWS\System32\ucrtbase.dll
0x00007ffd82880000 - 0x00007ffd8289b000 	C:\Program Files\Android\Android Studio\jbr\bin\VCRUNTIME140.dll
0x00007ffd83030000 - 0x00007ffd83048000 	C:\Program Files\Android\Android Studio\jbr\bin\jli.dll
0x00007ffd95030000 - 0x00007ffd951f5000 	C:\WINDOWS\System32\USER32.dll
0x00007ffd803b0000 - 0x00007ffd80643000 	C:\WINDOWS\WinSxS\amd64_microsoft.windows.common-controls_6595b64144ccf1df_6.0.26100.7309_none_3e05feeae336a044\COMCTL32.dll
0x00007ffd94500000 - 0x00007ffd94527000 	C:\WINDOWS\System32\win32u.dll
0x00007ffd95340000 - 0x00007ffd953e9000 	C:\WINDOWS\System32\msvcrt.dll
0x00007ffd94be0000 - 0x00007ffd94c0b000 	C:\WINDOWS\System32\GDI32.dll
0x00007ffd94670000 - 0x00007ffd9479c000 	C:\WINDOWS\System32\gdi32full.dll
0x00007ffd93b50000 - 0x00007ffd93bf3000 	C:\WINDOWS\System32\msvcp_win.dll
0x00007ffd96980000 - 0x00007ffd969b1000 	C:\WINDOWS\System32\IMM32.DLL
0x00007ffd8c340000 - 0x00007ffd8c34c000 	C:\Program Files\Android\Android Studio\jbr\bin\vcruntime140_1.dll
0x00007ffd7ff40000 - 0x00007ffd7ffcd000 	C:\Program Files\Android\Android Studio\jbr\bin\msvcp140.dll
0x00007ffcf9eb0000 - 0x00007ffcfab3b000 	C:\Program Files\Android\Android Studio\jbr\bin\server\jvm.dll
0x00007ffd94e40000 - 0x00007ffd94ef4000 	C:\WINDOWS\System32\ADVAPI32.dll
0x00007ffd94f80000 - 0x00007ffd95026000 	C:\WINDOWS\System32\sechost.dll
0x00007ffd94c10000 - 0x00007ffd94d28000 	C:\WINDOWS\System32\RPCRT4.dll
0x00007ffd94dc0000 - 0x00007ffd94e34000 	C:\WINDOWS\System32\WS2_32.dll
0x00007ffd939b0000 - 0x00007ffd93a0e000 	C:\WINDOWS\SYSTEM32\POWRPROF.dll
0x00007ffd91670000 - 0x00007ffd9167b000 	C:\WINDOWS\SYSTEM32\VERSION.dll
0x00007ffd865f0000 - 0x00007ffd86625000 	C:\WINDOWS\SYSTEM32\WINMM.dll
0x00007ffd93990000 - 0x00007ffd939a4000 	C:\WINDOWS\SYSTEM32\UMPDC.dll
0x00007ffd92900000 - 0x00007ffd9291b000 	C:\WINDOWS\SYSTEM32\kernel.appcore.dll
0x00007ffd8af70000 - 0x00007ffd8af7a000 	C:\Program Files\Android\Android Studio\jbr\bin\jimage.dll
0x00007ffd85760000 - 0x00007ffd859a2000 	C:\WINDOWS\SYSTEM32\DBGHELP.DLL
0x00007ffd947c0000 - 0x00007ffd94b46000 	C:\WINDOWS\System32\combase.dll
0x00007ffd955c0000 - 0x00007ffd95696000 	C:\WINDOWS\System32\OLEAUT32.dll
0x00007ffd78ac0000 - 0x00007ffd78afc000 	C:\WINDOWS\SYSTEM32\dbgcore.DLL
0x00007ffd945c0000 - 0x00007ffd94665000 	C:\WINDOWS\System32\bcryptPrimitives.dll
0x00007ffd82860000 - 0x00007ffd8286e000 	C:\Program Files\Android\Android Studio\jbr\bin\instrument.dll
0x00007ffd79960000 - 0x00007ffd79980000 	C:\Program Files\Android\Android Studio\jbr\bin\java.dll
0x00007ffd798c0000 - 0x00007ffd798d8000 	C:\Program Files\Android\Android Studio\jbr\bin\zip.dll
0x00007ffd95eb0000 - 0x00007ffd96603000 	C:\WINDOWS\System32\SHELL32.dll
0x00007ffd940c0000 - 0x00007ffd9422a000 	C:\WINDOWS\System32\wintypes.dll
0x00007ffd91770000 - 0x00007ffd91fce000 	C:\WINDOWS\SYSTEM32\windows.storage.dll
0x00007ffd95b30000 - 0x00007ffd95c25000 	C:\WINDOWS\System32\SHCORE.dll
0x00007ffd95e20000 - 0x00007ffd95e86000 	C:\WINDOWS\System32\shlwapi.dll
0x00007ffd93a70000 - 0x00007ffd93a99000 	C:\WINDOWS\SYSTEM32\profapi.dll
0x00007ffd84cf0000 - 0x00007ffd84d00000 	C:\Program Files\Android\Android Studio\jbr\bin\net.dll
0x00007ffd8c1d0000 - 0x00007ffd8c2f8000 	C:\WINDOWS\SYSTEM32\WINHTTP.dll
0x00007ffd92e70000 - 0x00007ffd92edb000 	C:\WINDOWS\system32\mswsock.dll
0x00007ffd76d70000 - 0x00007ffd76d86000 	C:\Program Files\Android\Android Studio\jbr\bin\nio.dll
0x00007ffd79950000 - 0x00007ffd79960000 	C:\Program Files\Android\Android Studio\jbr\bin\verify.dll
0x00007ffd746c0000 - 0x00007ffd746e7000 	C:\Users\ASUS\.gradle\native\c067742578af261105cb4f569cf0c3c89f3d7b1fecec35dd04571415982c5e48\windows-amd64\native-platform.dll
0x00007ffd4beb0000 - 0x00007ffd4bff4000 	C:\Users\ASUS\.gradle\native\100fb08df4bc3b14c8652ba06237920a3bd2aa13389f12d3474272988ae205f9\windows-amd64\native-platform-file-events.dll
0x00007ffd81700000 - 0x00007ffd81709000 	C:\Program Files\Android\Android Studio\jbr\bin\management.dll
0x00007ffd7d7e0000 - 0x00007ffd7d7eb000 	C:\Program Files\Android\Android Studio\jbr\bin\management_ext.dll
0x00007ffd95e10000 - 0x00007ffd95e18000 	C:\WINDOWS\System32\PSAPI.DLL
0x00007ffd93130000 - 0x00007ffd9314b000 	C:\WINDOWS\SYSTEM32\CRYPTSP.dll
0x00007ffd92860000 - 0x00007ffd9289a000 	C:\WINDOWS\system32\rsaenh.dll
0x00007ffd92f20000 - 0x00007ffd92f4b000 	C:\WINDOWS\SYSTEM32\USERENV.dll
0x00007ffd93a40000 - 0x00007ffd93a6a000 	C:\WINDOWS\SYSTEM32\bcrypt.dll
0x00007ffd93150000 - 0x00007ffd9315c000 	C:\WINDOWS\SYSTEM32\CRYPTBASE.dll
0x00007ffd922f0000 - 0x00007ffd92324000 	C:\WINDOWS\SYSTEM32\IPHLPAPI.DLL
0x00007ffd95e90000 - 0x00007ffd95e9a000 	C:\WINDOWS\System32\NSI.dll
0x00007ffd83180000 - 0x00007ffd83189000 	C:\Program Files\Android\Android Studio\jbr\bin\extnet.dll
0x00007ffd7d7a0000 - 0x00007ffd7d7a8000 	C:\WINDOWS\system32\wshunix.dll

dbghelp: loaded successfully - version: 4.0.5 - missing functions: none
symbol engine: initialized successfully - sym options: 0x614 - pdb path: .;C:\Program Files\Android\Android Studio\jbr\bin;C:\WINDOWS\SYSTEM32;C:\WINDOWS\WinSxS\amd64_microsoft.windows.common-controls_6595b64144ccf1df_6.0.26100.7309_none_3e05feeae336a044;C:\Program Files\Android\Android Studio\jbr\bin\server;C:\Users\ASUS\.gradle\native\c067742578af261105cb4f569cf0c3c89f3d7b1fecec35dd04571415982c5e48\windows-amd64;C:\Users\ASUS\.gradle\native\100fb08df4bc3b14c8652ba06237920a3bd2aa13389f12d3474272988ae205f9\windows-amd64

VM Arguments:
jvm_args: --add-opens=java.base/java.lang=ALL-UNNAMED --add-opens=java.base/java.lang.invoke=ALL-UNNAMED --add-opens=java.base/java.util=ALL-UNNAMED --add-opens=java.prefs/java.util.prefs=ALL-UNNAMED --add-exports=jdk.compiler/com.sun.tools.javac.api=ALL-UNNAMED --add-exports=jdk.compiler/com.sun.tools.javac.util=ALL-UNNAMED --add-opens=java.base/java.util=ALL-UNNAMED --add-opens=java.prefs/java.util.prefs=ALL-UNNAMED --add-opens=java.base/java.nio.charset=ALL-UNNAMED --add-opens=java.base/java.net=ALL-UNNAMED --add-opens=java.base/java.util.concurrent.atomic=ALL-UNNAMED --add-opens=java.xml/javax.xml.namespace=ALL-UNNAMED -Xmx2048m -Dfile.encoding=UTF-8 -Duser.country=FR -Duser.language=fr -Duser.variant -javaagent:C:\Users\ASUS\.gradle\wrapper\dists\gradle-8.11.1-bin\bpt9gzteqjrbo1mjrsomdt32c\gradle-8.11.1\lib\agents\gradle-instrumentation-agent-8.11.1.jar 
java_command: org.gradle.launcher.daemon.bootstrap.GradleDaemon 8.11.1
java_class_path (initial): C:\Users\ASUS\.gradle\wrapper\dists\gradle-8.11.1-bin\bpt9gzteqjrbo1mjrsomdt32c\gradle-8.11.1\lib\gradle-daemon-main-8.11.1.jar
Launcher Type: SUN_STANDARD

[Global flags]
     intx CICompilerCount                          = 3                                         {product} {ergonomic}
     uint ConcGCThreads                            = 1                                         {product} {ergonomic}
     uint G1ConcRefinementThreads                  = 4                                         {product} {ergonomic}
   size_t G1HeapRegionSize                         = 1048576                                   {product} {ergonomic}
    uintx GCDrainStackTargetSize                   = 64                                        {product} {ergonomic}
   size_t InitialHeapSize                          = 134217728                                 {product} {ergonomic}
   size_t MarkStackSize                            = 4194304                                   {product} {ergonomic}
   size_t MaxHeapSize                              = 2147483648                                {product} {command line}
   size_t MaxNewSize                               = 1287651328                                {product} {ergonomic}
   size_t MinHeapDeltaBytes                        = 1048576                                   {product} {ergonomic}
   size_t MinHeapSize                              = 8388608                                   {product} {ergonomic}
    uintx NonNMethodCodeHeapSize                   = 5832780                                {pd product} {ergonomic}
    uintx NonProfiledCodeHeapSize                  = 122912730                              {pd product} {ergonomic}
    uintx ProfiledCodeHeapSize                     = 122912730                              {pd product} {ergonomic}
    uintx ReservedCodeCacheSize                    = 251658240                              {pd product} {ergonomic}
     bool SegmentedCodeCache                       = true                                      {product} {ergonomic}
   size_t SoftMaxHeapSize                          = 2147483648                             {manageable} {ergonomic}
     bool UseCompressedOops                        = true                           {product lp64_product} {ergonomic}
     bool UseG1GC                                  = true                                      {product} {ergonomic}
     bool UseLargePagesIndividualAllocation        = false                                  {pd product} {ergonomic}

Logging:
Log output configuration:
 #0: stdout all=warning uptime,level,tags foldmultilines=false
 #1: stderr all=off uptime,level,tags foldmultilines=false

Environment Variables:
JAVA_HOME=C:\Program Files\Java\jdk-21.0.10
PATH=C:\Program Files\Common Files\Oracle\Java\javapath;C:\Program Files\Eclipse Adoptium\jdk-21.0.10.7-hotspot\bin;C:\Program Files (x86)\Common Files\Oracle\Java\java8path;C:\Program Files (x86)\Common Files\Oracle\Java\javapath;c:\Users\ASUS\AppData\Local\Programs\cursor\resources\app\bin;C:\Program Files\BellSoft\LibericaJDK-17\bin\;C:\WINDOWS\system32;C:\WINDOWS;C:\WINDOWS\System32\Wbem;C:\WINDOWS\System32\WindowsPowerShell\v1.0\;C:\WINDOWS\System32\OpenSSH\;C:\Program Files (x86)\NVIDIA Corporation\PhysX\Common;C:\Program Files\Microsoft SQL Server\150\Tools\Binn\;C:\Program Files\dotnet\;C:\MinGW\bin;C:\Program Files\NVIDIA Corporation\NVIDIA App\NvDLISR;C:\Program Files\BellSoft\LibericaJDK-17\\bin;C:\xampp\php;C:\Program Files\nodejs\;C:\Users\ASUS\AppData\Local\Microsoft\WindowsApps;C:\Users\ASUS\.dotnet\tools;C:\Users\ASUS\AppData\Roaming\npm;C:\Users\ASUS\AppData\Local\Programs\cursor\resources\app\bin;C:\Program Files\JetBrains\IntelliJ IDEA 2025.1.3\bin;c:\Users\ASUS\AppData\Local\Programs\cursor\resources\app\bin;C:\Program Files\Git\cmd;C:\msys64\ucrt64\bin;C:\Users\ASUS\.platformio\penv\Scripts;C:\Program Files\Memurai\;C:\maven\apache-maven-3.9.14-bin\apache-maven-3.9.14\bin;C:\Program Files\Java\jdk-21.0.10\bin;C:\Program Files\Microsoft SQL Server\Client SDK\ODBC\170\Tools\Binn\;C:\Users\ASUS\AppData\Local\Programs\Python\Python312\Scripts\;C:\Users\ASUS\AppData\Local\Programs\Python\Python312\;C:\Users\ASUS\AppData\Local\Programs\Python\Launcher\;C:\Users\ASUS\AppData\Local\Microsoft\WindowsApps;C:\Users\ASUS\AppData\Local\Programs\Microsoft VS Code\bin;C:\Users\ASUS\.dotnet\tools;C:\Users\ASUS\AppData\Roaming\npm;C:\Program Files\JetBrains\IntelliJ IDEA 2025.3.3\bin;C:\Users\ASUS\AppData\Local\Programs\Ollama;C:\src\flutter\bin;C:\Users\ASUS\AppData\Local\Programs\Windsurf\bin;C:\Users\ASUS\AppData\Local\Programs\Antigravity\bin
USERNAME=ASUS
OS=Windows_NT
PROCESSOR_IDENTIFIER=Intel64 Family 6 Model 60 Stepping 3, GenuineIntel
TMP=C:\Users\ASUS\AppData\Local\Temp
TEMP=C:\Users\ASUS\AppData\Local\Temp




Periodic native trim disabled

JNI global refs:
JNI global refs: 26, weak refs: 0

JNI global refs memory usage: 835, weak refs: 833

Process memory usage:
Resident Set Size: 721600K (8% of 8274928K total physical memory with 907364K free physical memory)

OOME stack traces (most recent first):
Classloader memory used:
